,hour,LMP,VoltageAngle,Load,LoadPayment
101,1,23.334982,-1.654951,60.746660,1417.52221766012
101,2,23.206703,-0.965134,58.128154,1348.962805816262
101,3,23.128959,-1.523644,56.284513,1301.8021935119668
101,4,23.128959,-1.861463,55.870361,1292.223288884199
101,5,23.128959,-1.345340,56.538347,1307.673109690773
101,6,23.128959,-3.337401,59.170213,1368.5454304982668
101,7,22.732463,-3.404267,65.569520,1490.5566873277598
101,8,22.732463,-3.169060,72.276101,1643.0137917667628
101,9,23.128959,-1.817727,78.635329,1818.753300392511
101,10,23.206703,-1.907191,86.049975,1996.936212982425
101,11,25.908321,-0.426877,92.716477,2402.128248105117
101,12,26.401998,1.336306,98.407719,2598.1604002225617
101,13,26.429209,2.018927,102.869866,2718.769188315994
101,14,26.817931,3.567732,106.129639,2846.177335756909
101,15,27.303833,4.190874,108.000000,2948.813964
101,16,27.894691,2.835107,100.705591,2809.151342917381
101,17,29.768331,2.947531,94.239485,2805.352182749535
101,18,30.308654,5.130975,90.097971,2730.7482291410342
101,19,31.089986,5.037064,87.800099,2729.7038487086143
101,20,30.277557,4.728294,86.317170,2613.47303475369
101,21,28.469999,3.652807,83.084117,2365.404727905883
101,22,26.895675,2.664824,77.392875,2081.533613315625
101,23,26.755735,0.719008,71.608115,1915.9277487895251
101,24,26.429209,0.370544,67.546759,1785.207410883631
102,1,23.334982,-1.642673,54.559500,1273.144950429
102,2,23.206703,-0.929019,52.207694,1211.568448972882
102,3,23.128959,-1.481395,50.551831,1169.211226573929
102,4,23.128959,-1.814785,50.179861,1160.607947694699
102,5,23.128959,-1.306520,50.779812,1174.4841897757078
102,6,23.128959,-3.259359,53.143617,1229.1565387047028
102,7,22.732463,-3.287820,58.891143,1338.7407292752089
102,8,22.732463,-3.014935,64.914646,1475.669788353098
102,9,23.128959,-1.646387,70.626175,1633.509905901825
102,10,23.206703,-1.737008,77.285626,1793.544568751078
102,11,25.908321,-0.252585,83.273132,2157.467034531372
102,12,26.401998,1.513700,88.384711,2333.532963052578
102,13,26.429209,2.208004,92.392380,2441.8575210274203
102,14,26.817931,3.735837,95.320139,2556.288910612409
102,15,27.303833,4.351356,97.000000,2648.471801
102,16,27.894691,3.003822,90.448540,2523.03407470114
102,17,29.768331,3.084912,84.641019,2519.621869769289
102,18,30.308654,5.233349,80.921326,2452.616470955204
102,19,31.089986,5.086824,78.857496,2451.678446635056
102,20,30.277557,4.787549,77.525606,2347.2859546245422
102,21,28.469999,3.707104,74.621846,2124.4838809981543
102,22,26.895675,2.698239,69.510267,1869.525550395225
102,23,26.755735,0.759505,64.314696,1720.78696278156
102,24,26.429209,0.384518,60.666997,1603.380743115373
103,1,23.334982,1.085180,101.244433,2362.537021655206
103,2,23.206703,1.148363,96.880257,2248.2713507626713
103,3,23.128959,0.478964,93.807521,2169.6703071006386
103,4,23.128959,0.020013,93.117269,2153.7054968929706
103,5,23.128959,0.753786,94.230579,2179.455198237261
103,6,23.128959,0.160854,98.617021,2280.9090354111386
103,7,22.732463,0.103145,109.282533,2484.2611379687787
103,8,22.732463,-0.279234,120.460168,2738.356312033784
103,9,23.128959,0.610822,131.058882,3031.255508363838
103,10,23.206703,0.329925,143.416625,3328.2270216373754
103,11,25.908321,1.252332,154.527462,4003.5470888113023
103,12,26.401998,2.456206,164.012865,4330.26733370427
103,13,26.429209,2.044464,171.449777,4531.281989336393
103,14,26.817931,3.687516,176.882731,4743.628875049561
103,15,27.303833,4.790485,180.000000,4914.68994
103,16,27.894691,3.294648,167.842652,4681.918914160532
103,17,29.768331,3.625674,157.065809,4675.5869910947795
103,18,30.308654,5.099200,150.163286,4551.247078877044
103,19,31.089986,5.405913,146.333498,4549.506404151028
103,20,30.277557,4.865734,143.861950,4355.78839125615
103,21,28.469999,4.087723,138.473528,3942.341203686472
103,22,26.895675,4.006874,128.988125,3469.222688859375
103,23,26.755735,2.094378,119.346858,3193.21290573063
103,24,26.429209,2.758321,112.577932,2975.345693615788
104,1,23.334982,1.897332,41.622712,971.265235311184
104,2,23.206703,2.784268,39.828550,924.28933077065
104,3,23.128959,2.321838,38.565314,891.975566328126
104,4,23.128959,2.017182,38.281544,885.4122616326958
104,5,23.128959,2.476996,38.739238,895.998247393242
104,6,23.128959,1.153176,40.542553,937.7070460923269
104,7,22.732463,1.306516,44.927264,1021.307366571232
104,8,22.732463,1.666605,49.522514,1125.768717171982
104,9,23.128959,2.933377,53.879762,1246.182806227758
104,10,23.206703,2.573569,58.960168,1368.2711076061041
104,11,25.908321,3.824448,63.527956,1645.9026765218762
104,12,26.401998,5.319475,67.427511,1780.2210105669778
104,13,26.429209,5.835917,70.484908,1862.860364877772
104,14,26.817931,7.138520,72.718456,1950.1585354345361
104,15,27.303833,7.693174,74.000000,2020.4836420000001
104,16,27.894691,6.535996,69.001979,1924.7888825934892
104,17,29.768331,6.486266,64.571499,1922.185755398169
104,18,30.308654,8.033852,61.733795,1871.06823276193
104,19,31.089986,7.672685,60.159327,1870.3526341994218
104,20,30.277557,7.459188,59.143246,1790.713001930022
104,21,28.469999,6.491031,56.928006,1620.740273891994
104,22,26.895675,5.645864,53.028451,1426.2359838494249
104,23,26.755735,3.954348,49.064819,1312.765294986965
104,24,26.429209,3.663106,46.282039,1223.197681677151
105,1,23.334982,1.610828,39.935304,931.889600004528
105,2,23.206703,2.535879,38.213879,886.818140430937
105,3,23.128959,2.074586,37.001856,855.8144103479038
105,4,23.128959,1.778845,36.729589,849.5171580678509
105,5,23.128959,2.222465,37.168728,859.673985994152
105,6,23.128959,1.039109,38.898936,899.6918958876239
105,7,22.732463,1.358786,43.105888,979.903004042144
105,8,22.732463,1.866951,47.514844,1080.129433180772
105,9,23.128959,3.223652,51.695448,1195.6618972786318
105,10,23.206703,2.915671,56.569891,1312.800659179373
105,11,25.908321,4.222416,60.952499,1579.1769098441791
105,12,26.401998,5.793149,64.693963,1708.0498817380737
105,13,26.429209,6.428708,67.627412,1787.339005877108
105,14,26.817931,7.732795,69.770411,1871.098068039641
105,15,27.303833,8.278551,71.000000,1938.572143
105,16,27.894691,6.963045,66.204602,1846.7569155679819
105,17,29.768331,6.766905,61.953736,1844.2593199346159
105,18,30.308654,8.087260,59.231074,1795.214127914396
105,19,31.089986,7.712990,57.720435,1794.52751606391
105,20,30.277557,7.512011,56.745547,1718.1165337886791
105,21,28.469999,6.504239,54.620114,1555.0345909598861
105,22,26.895675,5.554786,50.878649,1368.4156079430752
105,23,26.755735,3.834276,47.075705,1259.545087918175
105,24,26.429209,3.436795,44.405740,1173.60858325966
106,1,23.334982,3.893114,76.495794,1785.0279760657081
106,2,23.206703,4.930424,73.198417,1698.6939233891512
106,3,23.128959,4.508350,70.876794,1639.306462477446
106,4,23.128959,4.233177,70.355270,1627.24415526393
106,5,23.128959,4.640927,71.196437,1646.699472319083
106,6,23.128959,3.929125,74.510638,1723.3534913658418
106,7,22.732463,4.521327,82.569025,1876.9973057585748
106,8,22.732463,5.242519,91.014349,2068.980321111587
106,9,23.128959,6.658728,99.022266,2290.281930401094
106,10,23.206703,6.292607,108.359228,2514.660421505284
106,11,25.908321,7.560790,116.754082,3024.902234516322
106,12,26.401998,9.074394,123.920831,3271.757532220338
106,13,26.429209,9.723933,129.539832,3423.6352937528877
106,14,26.817931,10.916576,133.644730,3584.0751476536307
106,15,27.303833,11.433774,136.000000,3713.321288
106,16,27.894691,10.082033,126.814448,3537.449841295568
106,17,29.768331,9.656987,118.671945,3532.665739173795
106,18,30.308654,10.464740,113.456705,3438.7200158250703
106,19,31.089986,9.906162,110.563088,3437.4048580367676
106,20,30.277557,9.753946,108.695695,3291.0401010171154
106,21,28.469999,8.755197,104.624443,2978.6577875855573
106,22,26.895675,7.774764,97.457694,2621.19046407345
106,23,26.755735,6.130960,90.173182,2412.64976169877
106,24,26.429209,5.666902,85.058882,2248.038969684338
107,1,23.334982,0.673275,70.308634,1640.650708834588
107,2,23.206703,11.076972,67.277956,1561.2995433390681
107,3,23.128959,11.996969,65.144112,1506.715495539408
107,4,23.128959,11.810186,64.664770,1495.62881407443
107,5,23.128959,11.841332,65.437902,1513.5105524040177
107,6,23.128959,12.230006,68.484043,1583.964622701237
107,7,22.732463,13.049123,75.890648,1725.1813477060239
107,8,22.732463,14.141901,83.652895,1901.636340430385
107,9,23.128959,15.547650,91.013112,2105.038535910408
107,10,23.206703,5.554966,99.594879,2311.2687772739373
107,11,25.908321,4.639019,107.310737,2780.241020942577
107,12,26.401998,6.128957,113.897823,3007.130095050354
107,13,26.429209,7.150140,119.062345,3146.723600035105
107,14,26.817931,6.156156,122.835230,3294.18672250913
107,15,27.303833,5.819823,125.000000,3412.9791250000003
107,16,27.894691,6.618996,116.557397,3251.332573079327
107,17,29.768331,6.757539,109.073478,3246.9353964252177
107,18,30.308654,6.536546,104.280059,3160.588227330586
107,19,31.089986,2.430086,101.620485,3159.37945596321
107,20,30.277557,4.818918,99.904132,3024.8530511655244
107,21,28.469999,3.305922,96.162172,2737.736940677828
107,22,26.895675,2.328946,89.575087,2409.182428048725
107,23,26.755735,3.140869,82.879762,2217.5089489350703
107,24,26.429209,1.950223,78.179119,2066.212275486871
108,1,23.334982,3.444988,96.182212,2244.4101857401843
108,2,23.206703,9.851120,92.036244,2135.857779743532
108,3,23.128959,10.191087,89.117145,2061.1867929020545
108,4,23.128959,9.963688,88.461405,2046.020209327395
108,5,23.128959,10.159975,89.519050,2070.4824371689497
108,6,23.128959,10.295580,93.686170,2166.86358479703
108,7,22.732463,11.150038,103.818407,2360.048095846441
108,8,22.732463,12.177656,114.437160,2601.43850552508
108,9,23.128959,13.640637,124.505938,2879.6927352585417
108,10,23.206703,7.778159,136.245794,3161.815676357182
108,11,25.908321,7.814743,146.801089,3803.369736961569
108,12,26.401998,9.323690,155.812222,4113.753973619556
108,13,26.429209,10.183589,162.877288,4304.717885905192
108,14,26.817931,10.120508,168.038595,4506.447446046945
108,15,27.303833,10.174905,171.000000,4668.955443
108,16,27.894691,9.981492,159.450520,4447.82298518932
108,17,29.768331,9.768572,149.212519,4441.807654935788
108,18,30.308654,9.772158,142.655121,4323.684703717135
108,19,31.089986,7.118961,139.016823,4322.0310808344775
108,20,30.277557,8.419023,136.668852,4137.998956554564
108,21,28.469999,7.111631,131.549852,3745.224154890148
108,22,26.895675,6.113908,122.538718,3295.76153424465
108,23,26.755735,5.855009,113.379515,3033.552257768525
108,24,26.429209,4.962544,106.949035,2826.578398363315
109,1,23.334982,2.316036,98.432088,2296.911001702416
109,2,23.206703,3.451783,94.189139,2185.819374598717
109,3,23.128959,3.138282,91.201757,2109.401698380963
109,4,23.128959,2.874066,90.530678,2093.8803397042016
109,5,23.128959,3.266929,91.613063,2118.914777991417
109,6,23.128959,2.893004,95.877660,2217.55046715594
109,7,22.732463,3.231883,106.246907,2415.2538822419406
109,8,22.732463,3.538534,117.114052,2662.290853870076
109,9,23.128959,4.515952,127.418357,2947.053954900363
109,10,23.206703,3.632978,139.432830,3235.77627425949
109,11,25.908321,4.378713,150.235032,3892.3374345012717
109,12,26.401998,5.413284,159.456952,4209.982127790096
109,13,26.429209,5.589975,166.687284,4405.413066478356
109,14,26.817931,6.551210,171.969322,4611.861411512782
109,15,27.303833,7.033287,175.000000,4778.1707750000005
109,16,27.894691,6.085502,163.180356,4551.865607889996
109,17,29.768331,5.978130,152.702870,4545.70957880997
109,18,30.308654,6.648608,145.992083,4424.823530386282
109,19,31.089986,6.205489,142.268679,4423.131238348494
109,20,30.277557,6.122783,139.865784,4234.794247409688
109,21,28.469999,5.378578,134.627041,3832.831722642959
109,22,26.895675,4.899829,125.405121,3372.855377751675
109,23,26.755735,3.646943,116.031667,3104.512533860245
109,24,26.429209,3.590098,109.450767,2892.697196253303
110,1,23.334982,2.978320,109.681470,2559.41512818354
110,2,23.206703,4.233702,104.953612,2435.6273024612365
110,3,23.128959,3.934168,101.624814,2350.476156388626
110,4,23.128959,3.695718,100.877041,2333.180945330319
110,5,23.128959,4.042135,102.083127,2361.076458974793
110,6,23.128959,3.608788,106.835106,2470.984786434654
110,7,22.732463,4.116535,118.389411,2691.2829051492927
110,8,22.732463,4.684991,130.498516,2966.5526865249076
110,9,23.128959,5.836462,141.980455,3283.860122496345
110,10,23.206703,5.056482,155.368011,3605.579286977733
110,11,25.908321,5.962560,167.404750,4337.175999924751
110,12,26.401998,7.145404,177.680604,4691.122951446791
110,13,26.429209,7.584334,185.737259,4908.888837198131
110,14,26.817931,8.527016,191.622959,5138.93129247783
110,15,27.303833,8.930659,195.000000,5324.247435
110,16,27.894691,7.898621,181.829540,5072.078832972141
110,17,29.768331,7.597355,170.154626,5065.2192279492065
110,18,30.308654,8.161436,162.676893,4930.517663732022
110,19,31.089986,7.573079,158.527956,4928.6319326486155
110,20,30.277557,7.532851,155.850445,4718.770731962865
110,21,28.469999,6.702349,150.012989,4270.869646817011
110,22,26.895675,5.981431,139.737135,3758.324568391125
110,23,26.755735,4.685925,129.292430,3459.3139945860503
110,24,26.429209,4.372316,121.959426,3223.291159274034
111,1,23.334982,0.637921,0.000000,0.0
111,2,23.206703,0.924270,0.000000,0.0
111,3,23.128959,0.628793,0.000000,0.0
111,4,23.128959,0.406970,0.000000,0.0
111,5,23.128959,0.757586,0.000000,0.0
111,6,23.128959,0.590646,0.000000,0.0
111,7,22.732463,0.761511,0.000000,0.0
111,8,22.732463,0.798909,0.000000,0.0
111,9,23.128959,1.404864,0.000000,0.0
111,10,23.206703,1.119804,0.000000,0.0
111,11,25.908321,1.582345,0.000000,0.0
111,12,26.401998,2.170065,0.000000,0.0
111,13,26.429209,1.945802,0.000000,0.0
111,14,26.817931,2.714069,0.000000,0.0
111,15,27.303833,3.049553,0.000000,0.0
111,16,27.894691,2.322752,0.000000,0.0
111,17,29.768331,2.297753,0.000000,0.0
111,18,30.308654,2.746466,0.000000,0.0
111,19,31.089986,2.758487,0.000000,0.0
111,20,30.277557,2.546936,0.000000,0.0
111,21,28.469999,2.137434,0.000000,0.0
111,22,26.895675,2.086314,0.000000,0.0
111,23,26.755735,1.145455,0.000000,0.0
111,24,26.429209,1.432135,0.000000,0.0
112,1,23.334982,-0.234103,0.000000,0.0
112,2,23.206703,0.184585,0.000000,0.0
112,3,23.128959,0.041155,0.000000,0.0
112,4,23.128959,-0.076268,0.000000,0.0
112,5,23.128959,0.104706,0.000000,0.0
112,6,23.128959,-0.005322,0.000000,0.0
112,7,22.732463,0.159892,0.000000,0.0
112,8,22.732463,0.275544,0.000000,0.0
112,9,23.128959,0.681804,0.000000,0.0
112,10,23.206703,0.343424,0.000000,0.0
112,11,25.908321,0.660021,0.000000,0.0
112,12,26.401998,0.929389,0.000000,0.0
112,13,26.429209,0.935542,0.000000,0.0
112,14,26.817931,1.585301,0.000000,0.0
112,15,27.303833,1.776191,0.000000,0.0
112,16,27.894691,1.370449,0.000000,0.0
112,17,29.768331,1.388747,0.000000,0.0
112,18,30.308654,1.649803,0.000000,0.0
112,19,31.089986,1.481659,0.000000,0.0
112,20,30.277557,1.363257,0.000000,0.0
112,21,28.469999,1.050250,0.000000,0.0
112,22,26.895675,0.888690,0.000000,0.0
112,23,26.755735,0.111711,0.000000,0.0
112,24,26.429209,0.146689,0.000000,0.0
113,1,23.334982,0.000000,149.054305,3478.17952419751
113,2,23.206703,0.000000,142.629268,3309.955061583404
113,3,23.128959,0.000000,138.105517,3194.2368403668024
113,4,23.128959,0.000000,137.089312,3170.733076586208
113,5,23.128959,0.000000,138.728352,3208.642365545568
113,6,23.128959,0.000000,145.186170,3358.0049732970297
113,7,22.732463,0.000000,160.888174,3657.3844625925617
113,8,22.732463,0.000000,177.344137,4031.4690326194304
113,9,23.128959,0.000000,192.947798,4462.6817090822815
113,10,23.206703,0.000000,211.141143,4899.889796681529
113,11,25.908321,0.000000,227.498763,5894.110978906923
113,12,26.401998,0.000000,241.463384,6375.115781441232
113,13,26.429209,0.000000,252.412172,6671.054047931948
113,14,26.817931,0.000000,260.410688,6983.675862446528
113,15,27.303833,0.000000,265.000000,7235.515745000001
113,16,27.894691,0.000000,247.101682,6892.825064970263
113,17,29.768331,0.000000,231.235774,6883.503059473193
113,18,30.308654,0.000000,221.073726,6700.447069824804
113,19,31.089986,0.000000,215.435428,6697.884440424008
113,20,30.277557,0.000000,211.796759,6412.688443037764
113,21,28.469999,0.000000,203.863805,5804.002324486196
113,22,26.895675,0.000000,189.899184,5107.4667356292
113,23,26.755735,0.000000,175.705096,4701.11898672556
113,24,26.429209,0.000000,165.739733,4380.370043061197
114,1,23.334982,-0.771423,109.119000,2546.289900858
114,2,23.206703,-1.124204,104.415388,2423.136897945764
114,3,23.128959,-1.667475,101.103662,2338.422453147858
114,4,23.128959,-2.054624,100.359723,2321.215918518357
114,5,23.128959,-1.415659,101.559624,2348.9683795514156
114,6,23.128959,-1.496957,106.287234,2458.3130774094057
114,7,22.732463,-1.424097,117.782286,2677.4814585504178
114,8,22.732463,-1.746286,129.829292,2951.339576706196
114,9,23.128959,-1.059171,141.252350,3267.01981180365
114,10,23.206703,-1.059606,154.571252,3587.089137502156
114,11,25.908321,-0.548303,166.546264,4314.934069062744
114,12,26.401998,0.043589,176.769421,4667.065899703158
114,13,26.429209,-0.898240,184.784760,4883.7150420548405
114,14,26.817931,0.362668,190.640277,5112.577794406887
114,15,27.303833,0.886963,194.000000,5296.943602
114,16,27.894691,-0.218150,180.897081,5046.068177296971
114,17,29.768331,-0.088945,169.282039,5039.243769306909
114,18,30.308654,0.587908,161.842652,4905.232941910408
114,19,31.089986,1.127141,157.714993,4903.356924360098
114,20,30.277557,0.583542,155.051212,4694.5719092490845
114,21,28.469999,0.185591,149.243691,4248.9677335263095
114,22,26.895675,0.627279,139.020534,3739.05110079045
114,23,26.755735,-0.810659,128.629391,3441.573898807385
114,24,26.429209,0.189332,121.333993,3206.761459801537
115,1,23.334982,-6.514318,178.302697,4160.690225046454
115,2,23.206703,-7.752699,170.616898,3959.455678667294
115,3,23.128959,-8.663091,165.205468,3821.0304959478117
115,4,23.128959,-9.371172,163.989856,3792.914655839904
115,5,23.128959,-8.190149,165.950520,3838.26277310868
115,6,23.128959,-8.431176,173.675532,4016.9342589311877
115,7,22.732463,-9.000572,192.458684,4375.059913058692
115,8,22.732463,-10.483331,212.143741,4822.549742964083
115,9,23.128959,-10.001876,230.809253,5338.377749457627
115,10,23.206703,-10.110606,252.572613,5861.377615824939
115,11,25.908321,-9.930165,272.140030,7050.691254189631
115,12,26.401998,-9.507128,288.844879,7626.081917668242
115,13,26.429209,-12.153900,301.942108,7980.091078232573
115,14,26.817931,-10.286979,311.510144,8354.057547592065
115,15,27.303833,-9.494016,317.000000,8655.315061000001
115,16,27.894691,-10.859253,295.589560,8245.37943902596
115,17,29.768331,-10.015870,276.610341,8234.22818891087
115,18,30.308654,-8.502369,264.454231,8015.251786215074
115,19,31.089986,-6.784689,257.709550,8012.186301566299
115,20,30.277557,-7.808703,253.356878,7671.027314987046
115,21,28.469999,-8.008423,243.867269,6942.900904562731
115,22,26.895675,-6.294234,227.162420,6109.6866205335
115,23,26.755735,-8.187649,210.183078,5623.60273645233
115,24,26.429209,-5.501388,198.262246,5239.914336343414
116,1,23.334982,-6.439930,56.246907,1312.520562400674
116,2,23.206703,-7.531534,53.822365,1249.039639312595
116,3,23.128959,-8.310944,52.115289,1205.3723825541508
116,4,23.128959,-8.905189,51.731816,1196.503051259544
116,5,23.128959,-7.901723,52.350322,1210.808451174798
116,6,23.128959,-8.022530,54.787234,1267.171688909406
116,7,22.732463,-8.475928,60.712519,1380.145091804297
116,8,22.732463,-9.710494,66.922316,1521.3090723443079
116,9,23.128959,-9.295519,72.810490,1684.0308379799098
116,10,23.206703,-9.346364,79.675903,1849.015017177809
116,11,25.908321,-9.171371,85.848590,2224.19282711739
116,12,26.401998,-8.919207,91.118258,2405.7040654794837
116,13,26.429209,-11.139999,95.249876,2517.378880028084
116,14,26.817931,-9.384991,98.268184,2635.3493780073045
116,15,27.303833,-8.709035,100.000000,2730.3833
116,16,27.894691,-9.902650,93.245918,2601.066069621338
116,17,29.768331,-9.164183,87.258783,2597.5483350011727
116,18,30.308654,-7.915365,83.424048,2528.470606111392
116,19,31.089986,-6.495990,81.296388,2527.5035647705677
116,20,30.277557,-7.415989,79.923305,2419.882422765885
116,21,28.469999,-7.601393,76.929738,2190.189563930262
116,22,26.895675,-6.121840,71.660069,1927.3459263015748
116,23,26.755735,-7.906788,66.303810,1774.00716985035
116,24,26.429209,-5.658146,62.543295,1652.969815103655
117,1,23.334982,-8.066091,0.000000,0.0
117,2,23.206703,-9.464895,0.000000,0.0
117,3,23.128959,-10.433527,0.000000,0.0
117,4,23.128959,-11.192659,0.000000,0.0
117,5,23.128959,-9.896382,0.000000,0.0
117,6,23.128959,-10.148495,0.000000,0.0
117,7,22.732463,-10.957086,0.000000,0.0
117,8,22.732463,-12.735749,0.000000,0.0
117,9,23.128959,-12.327167,0.000000,0.0
117,10,23.206703,-12.556941,0.000000,0.0
117,11,25.908321,-12.541703,0.000000,0.0
117,12,26.401998,-12.218390,0.000000,0.0
117,13,26.429209,-15.245360,0.000000,0.0
117,14,26.817931,-13.351141,0.000000,0.0
117,15,27.303833,-12.570420,0.000000,0.0
117,16,27.894691,-14.026023,0.000000,0.0
117,17,29.768331,-12.984135,0.000000,0.0
117,18,30.308654,-11.256723,0.000000,0.0
117,19,31.089986,-9.286042,0.000000,0.0
117,20,30.277557,-10.374448,0.000000,0.0
117,21,28.469999,-10.491980,0.000000,0.0
117,22,26.895675,-8.263637,0.000000,0.0
117,23,26.755735,-10.122366,0.000000,0.0
117,24,26.429209,-7.072644,0.000000,0.0
118,1,23.334982,-8.587000,187.302202,4370.693512230364
118,2,23.206703,-10.108008,179.228476,4159.302011674628
118,3,23.128959,-11.149191,173.543914,4013.890071605526
118,4,23.128959,-11.986062,172.266947,3984.3551542181726
118,5,23.128959,-10.581784,174.326571,4031.9921132695886
118,6,23.128959,-10.913007,182.441489,4219.68171897995
118,7,22.732463,-11.849283,202.172687,4595.883126838081
118,8,22.732463,-13.894375,222.851311,5065.959181808993
118,9,23.128959,-13.558072,242.458931,5607.822674282828
118,10,23.206703,-13.865001,265.320757,6157.220007434172
118,11,25.908321,-13.916844,285.875804,7406.562096165085
118,12,26.401998,-13.552962,303.423800,8010.9945607524005
118,13,26.429209,-16.946692,317.182088,8382.871694808393
118,14,26.817931,-14.970316,327.233053,8775.713436273343
118,15,27.303833,-14.109360,333.000000,9092.176389
118,16,27.894691,-15.748230,310.508906,8661.549985618047
118,17,29.768331,-14.552015,290.571747,8649.835943944257
118,18,30.308654,-12.613761,277.802078,8419.807062583011
118,19,31.089986,-10.393626,270.716972,8416.586869442392
118,20,30.277557,-11.557129,266.144607,8058.208508685099
118,21,28.469999,-11.643880,256.176027,7293.331232513972
118,22,26.895675,-9.048681,238.628031,6418.061967665925
118,23,26.755735,-10.949983,220.791687,5907.443867574945
118,24,26.429209,-7.536127,208.269174,5504.389527903366
119,1,23.334982,-5.809147,101.806903,2375.662248980746
119,2,23.206703,-6.686481,97.418481,2260.761755278143
119,3,23.128959,-7.190850,94.328674,2181.724033470366
119,4,23.128959,-7.560898,93.634587,2165.6705237049327
119,5,23.128959,-6.922740,94.754082,2191.5632776606376
119,6,23.128959,-6.812256,99.164894,2293.580767565346
119,7,22.732463,-7.077742,109.889659,2498.0626073001167
119,8,22.732463,-7.932705,121.129391,2753.569399120033
119,9,23.128959,-7.785702,131.786987,3048.095819056533
119,10,23.206703,-7.710071,144.213384,3346.7171711129517
119,11,25.908321,-7.613577,155.385948,4025.7890196733083
119,12,26.401998,-7.857413,164.924047,4354.324359045906
119,13,26.429209,-9.341748,172.402276,4556.455784479684
119,14,26.817931,-7.708459,177.865413,4769.982373120503
119,15,27.303833,-7.247183,181.000000,4941.993773
119,16,27.894691,-7.922339,168.775111,4707.929569835702
119,17,29.768331,-7.277822,157.938397,4701.562479505407
119,18,30.308654,-6.536972,150.997526,4576.531770390004
119,19,31.089986,-5.637734,147.146462,4574.781443529532
119,20,30.277557,-6.396669,144.661183,4379.987213969931
119,21,28.469999,-6.500442,139.242825,3964.2430885071753
119,22,26.895675,-5.526691,129.704725,3488.4961295643748
119,23,26.755735,-7.164314,120.009896,3210.9529747535603
119,24,26.429209,-5.680072,113.203365,2991.8753930882854
120,1,23.334982,-6.427262,71.996042,1680.0263441412442
120,2,23.206703,-7.067986,68.892627,1598.7707336787812
120,3,23.128959,-7.297783,66.707571,1542.876674648589
120,4,23.128959,-7.464923,66.216724,1531.5238945103158
120,5,23.128959,-7.157252,67.008412,1549.834813803108
120,6,23.128959,-6.891605,70.127660,1621.97977290594
120,7,22.732463,-7.010016,77.712024,1766.585710235112
120,8,22.732463,-7.526179,85.660564,1947.2756016891317
120,9,23.128959,-7.611708,93.197427,2155.559467988493
120,10,23.206703,-7.490572,101.985156,2366.739225700668
120,11,25.908321,-7.550259,109.886195,2846.966813528595
120,12,26.401998,-8.308342,116.631371,3079.301223879258
120,13,26.429209,-9.242558,121.919842,3222.244985464978
120,14,26.817931,-7.821258,125.783276,3373.247216721956
120,15,27.303833,-7.643315,128.000000,3494.890624
120,16,27.894691,-7.857038,119.354775,3329.364567999525
120,17,29.768331,-7.298380,111.691242,3324.861861657102
120,18,30.308654,-7.065235,106.782781,3236.442362486774
120,19,31.089986,-6.577599,104.059377,3235.204574098722
120,20,30.277557,-7.168000,102.301831,3097.4495193068674
120,21,28.469999,-7.138698,98.470064,2803.442623609936
120,22,26.895675,-6.495477,91.724889,2467.0028039550753
120,23,26.755735,-7.893895,84.868877,2270.729182759595
120,24,26.429209,-6.996354,80.055418,2115.801373904362
121,1,23.334982,-8.740256,0.000000,0.0
121,2,23.206703,-10.314600,0.000000,0.0
121,3,23.128959,-11.380813,0.000000,0.0
121,4,23.128959,-12.280357,0.000000,0.0
121,5,23.128959,-10.791133,0.000000,0.0
121,6,23.128959,-11.251046,0.000000,0.0
121,7,22.732463,-12.342616,0.000000,0.0
121,8,22.732463,-14.655804,0.000000,0.0
121,9,23.128959,-14.413488,0.000000,0.0
121,10,23.206703,-14.880412,0.000000,0.0
121,11,25.908321,-15.099233,0.000000,0.0
121,12,26.401998,-14.803806,0.000000,0.0
121,13,26.429209,-18.647279,0.000000,0.0
121,14,26.817931,-16.713425,0.000000,0.0
121,15,27.303833,-15.884232,0.000000,0.0
121,16,27.894691,-17.172947,0.000000,0.0
121,17,29.768331,-15.820488,0.000000,0.0
121,18,30.308654,-13.747756,0.000000,0.0
121,19,31.089986,-11.253641,0.000000,0.0
121,20,30.277557,-12.452818,0.000000,0.0
121,21,28.469999,-12.436738,0.000000,0.0
121,22,26.895675,-9.829502,0.000000,0.0
121,23,26.755735,-11.637484,0.000000,0.0
121,24,26.429209,-7.792229,0.000000,0.0
122,1,23.334982,-10.726454,0.000000,0.0
122,2,23.206703,-12.449351,0.000000,0.0
122,3,23.128959,-13.638008,0.000000,0.0
122,4,23.128959,-14.479996,0.000000,0.0
122,5,23.128959,-12.811226,0.000000,0.0
122,6,23.128959,-13.000285,0.000000,0.0
122,7,22.732463,-14.285672,0.000000,0.0
122,8,22.732463,-16.263428,0.000000,0.0
122,9,23.128959,-15.338574,0.000000,0.0
122,10,23.206703,-15.712284,0.000000,0.0
122,11,25.908321,-15.839104,0.000000,0.0
122,12,26.401998,-15.532717,0.000000,0.0
122,13,26.429209,-19.064711,0.000000,0.0
122,14,26.817931,-17.224471,0.000000,0.0
122,15,27.303833,-16.622423,0.000000,0.0
122,16,27.894691,-17.761549,0.000000,0.0
122,17,29.768331,-16.651763,0.000000,0.0
122,18,30.308654,-14.572882,0.000000,0.0
122,19,31.089986,-12.246675,0.000000,0.0
122,20,30.277557,-13.451971,0.000000,0.0
122,21,28.469999,-13.526244,0.000000,0.0
122,22,26.895675,-11.025373,0.000000,0.0
122,23,26.755735,-12.862759,0.000000,0.0
122,24,26.429209,-9.308918,0.000000,0.0
123,1,23.334982,-7.220982,0.000000,0.0
123,2,23.206703,-7.712012,0.000000,0.0
123,3,23.128959,-7.777023,0.000000,0.0
123,4,23.128959,-7.829470,0.000000,0.0
123,5,23.128959,-7.708557,0.000000,0.0
123,6,23.128959,-7.377230,0.000000,0.0
123,7,22.732463,-7.462550,0.000000,0.0
123,8,22.732463,-7.842468,0.000000,0.0
123,9,23.128959,-8.103392,0.000000,0.0
123,10,23.206703,-8.012613,0.000000,0.0
123,11,25.908321,-8.207996,0.000000,0.0
123,12,26.401998,-9.291427,0.000000,0.0
123,13,26.429209,-9.956407,0.000000,0.0
123,14,26.817931,-8.676052,0.000000,0.0
123,15,27.303833,-8.667912,0.000000,0.0
123,16,27.894691,-8.573360,0.000000,0.0
123,17,29.768331,-8.013625,0.000000,0.0
123,18,30.308654,-8.028783,0.000000,0.0
123,19,31.089986,-7.750363,0.000000,0.0
123,20,30.277557,-8.236993,0.000000,0.0
123,21,28.469999,-8.110350,0.000000,0.0
123,22,26.895675,-7.606408,0.000000,0.0
123,23,26.755735,-8.830055,0.000000,0.0
123,24,26.429209,-8.224860,0.000000,0.0
124,1,23.334982,-3.635301,0.000000,0.0
124,2,23.206703,-4.380593,0.000000,0.0
124,3,23.128959,-5.199687,0.000000,0.0
124,4,23.128959,-5.813387,0.000000,0.0
124,5,23.128959,-4.801801,0.000000,0.0
124,6,23.128959,-5.176145,0.000000,0.0
124,7,22.732463,-5.551692,0.000000,0.0
124,8,22.732463,-6.617580,0.000000,0.0
124,9,23.128959,-5.981329,0.000000,0.0
124,10,23.206703,-6.155283,0.000000,0.0
124,11,25.908321,-5.693753,0.000000,0.0
124,12,26.401998,-4.974902,0.000000,0.0
124,13,26.429209,-6.774948,0.000000,0.0
124,14,26.817931,-4.992839,0.000000,0.0
124,15,27.303833,-4.082432,0.000000,0.0
124,16,27.894691,-5.497146,0.000000,0.0
124,17,29.768331,-4.847866,0.000000,0.0
124,18,30.308654,-3.349509,0.000000,0.0
124,19,31.089986,-2.166364,0.000000,0.0
124,20,30.277557,-3.007080,0.000000,0.0
124,21,28.469999,-3.425882,0.000000,0.0
124,22,26.895675,-2.391730,0.000000,0.0
124,23,26.755735,-4.292374,0.000000,0.0
124,24,26.429209,-2.372255,0.000000,0.0
201,1,23.334982,11.603282,62.270423,1453.079199837386
201,2,23.206703,11.557549,59.686447,1385.125648654241
201,3,23.128959,11.369874,57.986463,1341.166525282017
201,4,23.128959,11.072780,57.255470,1324.25941815573
201,5,23.128959,10.643294,56.949473,1317.1820260886068
201,6,23.128959,11.449230,57.340469,1326.225356541771
201,7,22.732463,11.318605,62.950417,1431.018025287071
201,8,22.732463,11.997947,70.022352,1591.780526012976
201,9,23.128959,13.435273,76.975287,1780.3582570362328
201,10,23.206703,13.632124,82.483236,1914.1639603309081
201,11,25.908321,10.316106,88.161184,2284.1082548120644
201,12,26.401998,11.796132,92.972139,2454.650227933722
201,13,26.429209,13.100009,97.273099,2570.851063548691
201,14,26.817931,16.272774,100.877066,2705.314195470446
201,15,27.303833,14.116379,103.563041,2827.667976436153
201,16,27.894691,20.431862,104.923029,2926.7954727390393
201,17,29.768331,22.970011,104.396033,3107.695665430923
201,18,30.308654,22.424204,102.203054,3097.637001429316
201,19,31.089986,20.401461,98.480088,3061.744557198768
201,20,30.277557,19.271045,96.321108,2916.367837773156
201,21,28.469999,16.877215,91.527153,2605.777954382847
201,22,26.895675,16.418427,85.832205,2308.515090213375
201,23,26.755735,13.962547,79.117267,2116.840629776245
201,24,26.429209,11.781365,73.592319,1944.986779645671
202,1,23.334982,11.609912,55.928065,1305.08039006983
202,2,23.206703,11.497604,53.607272,1244.048039944216
202,3,23.128959,11.295255,52.080434,1204.566222688206
202,4,23.128959,10.990862,51.423894,1189.381135946346
202,5,23.128959,10.563281,51.149063,1183.024581015417
202,6,23.128959,11.369636,51.500236,1191.146846934324
202,7,22.732463,11.225700,56.538801,1285.266201796863
202,8,22.732463,11.899352,62.890445,1429.6547140160349
202,9,23.128959,13.354376,69.135212,1599.0254838043077
202,10,23.206703,13.615281,74.082166,1719.202823958698
202,11,25.908321,10.262139,79.181804,2051.467595391084
202,12,26.401998,11.756054,83.502755,2204.6395705044897
202,13,26.429209,13.064539,87.365654,2309.005128987686
202,14,26.817931,16.273058,90.602550,2429.77293432405
202,15,27.303833,14.094209,93.014954,2539.664770518682
202,16,27.894691,20.475082,94.236424,2628.6959284249842
202,17,29.768331,23.038797,93.763104,2791.171115459424
202,18,30.308654,22.490505,91.793483,2782.136915701882
202,19,31.089986,20.472483,88.449709,2749.900214514074
202,20,30.277557,19.317663,86.510625,2619.330379543125
202,21,28.469999,16.908793,82.204943,2340.374645005057
202,22,26.895675,16.453349,77.090036,2073.3885539943
202,23,26.755735,13.974306,71.059027,1901.236495769845
202,24,26.429209,11.780570,66.096805,1746.886273577245
203,1,23.334982,8.242437,103.784039,2421.798681952298
203,2,23.206703,10.405373,99.477412,2308.542755492636
203,3,23.128959,10.754017,96.644105,2235.2775421366946
203,4,23.128959,10.718650,95.425783,2207.0990225498967
203,5,23.128959,10.242612,94.915788,2195.303369104692
203,6,23.128959,11.018227,95.567448,2210.3755865266317
203,7,22.732463,11.060838,104.917362,2385.030049722606
203,8,22.732463,11.609557,116.703919,2652.967520622497
203,9,23.128959,12.185299,128.292145,2967.2637617270548
203,10,23.206703,10.124761,137.472060,3190.27326721818
203,11,25.908321,7.728553,146.935306,3806.847074081226
203,12,26.401998,8.560687,154.953565,4091.08371322287
203,13,26.429209,9.531146,162.121832,4284.751781390888
203,14,26.817931,11.420667,168.128443,4508.856983511433
203,15,27.303833,9.853373,172.605068,4712.779951625644
203,16,27.894691,14.051119,174.871714,4877.992426670374
203,17,29.768331,15.807657,173.993389,5179.4927955637595
203,18,30.308654,15.436101,170.338423,5162.728325612642
203,19,31.089986,13.427829,164.133480,5102.9075953312795
203,20,30.277557,13.160108,160.535180,4860.61306295526
203,21,28.469999,11.449638,152.545254,4342.963228834747
203,22,26.895675,11.135052,143.053675,3847.525150355625
203,23,26.755735,9.702346,131.862112,3528.06772521232
203,24,26.429209,8.158317,122.653864,3241.644606313576
204,1,23.334982,13.614983,42.666772,995.628356618104
204,2,23.206703,13.415776,40.896269,949.067568491107
204,3,23.128959,13.238451,39.731465,918.947424994935
204,4,23.128959,12.942030,39.230600,907.3629389454
204,5,23.128959,12.531782,39.020935,902.513605756665
204,6,23.128959,13.324041,39.288840,908.7099695175599
204,7,22.732463,12.923313,43.132693,980.5123477128591
204,8,22.732463,13.304542,47.978278,1090.664429438714
204,9,23.128959,14.537797,52.742326,1219.8750956186338
204,10,23.206703,14.764222,56.516292,1311.556803105276
204,11,25.908321,11.084427,60.406737,1565.037132758577
204,12,26.401998,12.429532,63.703132,1681.8899636577357
204,13,26.429209,13.582944,66.650087,1761.509079191183
204,14,26.817931,16.751525,69.119471,1853.6412040345012
204,15,27.303833,14.404346,70.959861,1937.4761944472132
204,16,27.894691,20.916603,71.891705,2005.3968964381552
204,17,29.768331,23.573060,71.530615,2129.347023953565
204,18,30.308654,23.103456,70.028018,2122.454967867772
204,19,31.089986,21.244246,67.477097,2097.862001050642
204,20,30.277557,20.104926,65.997796,1998.252030264372
204,21,28.469999,17.840955,62.713049,1785.440442316951
204,22,26.895675,17.617498,58.810955,1581.760332119625
204,23,26.755735,15.335501,54.209980,1450.4278592353
204,24,26.429209,13.322243,50.424366,1332.676107706494
205,1,23.334982,14.028758,40.937038,955.265044863316
205,2,23.206703,13.623329,39.238313,910.5918760120389
205,3,23.128959,13.391483,38.120730,881.69280122007
205,4,23.128959,13.068864,37.640170,870.5779486830298
205,5,23.128959,12.661468,37.439005,865.925211645795
205,6,23.128959,13.458032,37.696049,871.870371782991
205,7,22.732463,13.065221,41.384071,940.761862796873
205,8,22.732463,13.487325,46.033213,1046.448311293619
205,9,23.128959,14.825667,50.604124,1170.420709226916
205,10,23.206703,15.274745,54.225091,1258.385581984973
205,11,25.908321,11.537062,57.957815,1501.589675478615
205,12,26.401998,12.959459,61.120573,1613.705246104854
205,13,26.429209,14.160212,63.948056,1690.0965371677041
205,14,26.817931,17.457324,66.317330,1778.4935800442302
205,15,27.303833,15.069131,68.083110,1858.92986556063
205,16,27.894691,21.774487,68.977176,1924.0970105726162
205,17,29.768331,24.497947,68.630726,2043.0221683383058
205,18,30.308654,24.003829,67.189045,2036.4095174954298
205,19,31.089986,22.127907,64.741539,2012.813541128454
205,20,30.277557,20.903273,63.322210,1917.24182264097
205,21,28.469999,18.558941,60.170628,1713.057718989372
205,22,26.895675,18.299115,56.426728,1517.6349376014
205,23,26.755735,15.898713,52.012278,1391.6267269143302
205,24,26.429209,13.806155,48.380135,1278.648699363215
206,1,23.334982,15.864642,78.414607,1829.803442882074
206,2,23.206703,15.225976,75.160711,1744.2322974458332
206,3,23.128959,14.952521,73.019991,1688.876378019369
206,4,23.128959,14.608215,72.099481,1667.5859399702788
206,5,23.128959,14.210785,71.714151,1658.6736581988089
206,6,23.128959,15.005569,72.206517,1670.061571225803
206,7,22.732463,14.513027,79.270896,1802.022710296848
206,8,22.732463,14.851985,88.176295,2004.4643635645848
206,9,23.128959,16.198018,96.931843,2241.932622541437
206,10,23.206703,16.845311,103.867779,2410.428698522637
206,11,25.908321,12.915868,111.017787,2876.284462305627
206,12,26.401998,14.349899,117.076027,3091.0410307019456
206,13,26.429209,15.531068,122.492051,3237.368016717659
206,14,26.817931,18.934231,127.030379,3406.691938925849
206,15,27.303833,16.436541,130.412718,3560.7670733480945
206,16,27.894691,23.381190,132.125295,3685.594277308845
206,17,29.768331,26.207385,131.461672,3913.3945659094315
206,18,30.308654,25.722733,128.700142,3900.728073628868
206,19,31.089986,23.897207,124.011963,3855.5301935025177
206,20,30.277557,22.597579,121.293247,3672.463199757579
206,21,28.469999,20.237049,115.256414,3281.3499913235864
206,22,26.895675,20.039420,108.084999,2907.019005479325
206,23,26.755735,17.608279,99.629152,2665.6511891867203
206,24,26.429209,15.515400,92.671809,2449.242608469081
207,1,23.334982,24.181372,72.072249,1681.804633114518
207,2,23.206703,23.313567,69.081536,1603.1546887358081
207,3,23.128959,22.870237,67.113962,1552.2760754255578
207,4,23.128959,22.453534,66.267905,1532.7076577608948
207,5,23.128959,22.022541,65.913742,1524.516236254578
207,6,23.128959,22.858338,66.366284,1534.9830616183558
207,7,22.732463,22.966921,72.859279,1656.2708640741769
207,8,22.732463,24.056380,81.044388,1842.338551567644
207,9,23.128959,26.124991,89.091768,2060.5998493095117
207,10,23.206703,27.311836,95.466709,2215.467562150427
207,11,25.908321,24.006336,102.038407,2643.6438028846474
207,12,26.401998,25.939262,107.606643,2841.030373272714
207,13,26.429209,27.571567,112.584606,2975.522082156654
207,14,26.817931,31.331815,116.755863,3131.1506777794534
207,15,27.303833,29.132496,119.864631,3272.763867430623
207,16,27.894691,36.177814,121.438690,3387.49473299479
207,17,29.768331,38.931573,120.828742,3596.8699861696023
207,18,30.308654,38.216984,118.290571,3585.227987901434
207,19,31.089986,35.995229,113.981584,3543.685850817824
207,20,30.277557,34.483649,111.482764,3375.4257415275483
207,21,28.469999,31.626774,105.934204,3015.946681945796
207,22,26.895675,30.825589,99.342830,2671.8924692602504
207,23,26.755735,27.700591,91.570911,2450.047028424585
207,24,26.429209,25.032546,85.176295,2251.142102400655
208,1,23.334982,21.662416,98.594837,2300.708746687934
208,2,23.206703,20.899138,94.503542,2193.115631642026
208,3,23.128959,20.524575,91.811900,2123.5136708121
208,4,23.128959,20.137442,90.654494,2096.7440748917456
208,5,23.128959,19.718828,90.169998,2085.538186772082
208,6,23.128959,20.538808,90.789076,2099.856816451884
208,7,22.732463,20.420458,99.671494,2265.778549509722
208,8,22.732463,21.223844,110.868723,2520.319143454749
208,9,23.128959,23.011195,121.877538,2818.900579422942
208,10,23.206703,23.975234,130.598457,3030.759603857271
208,11,25.908321,20.440051,139.588541,3616.504728149661
208,12,26.401998,22.178364,147.205887,3886.5295341622254
208,13,26.429209,23.636687,154.015741,4070.514208178869
208,14,26.817931,27.251147,159.722021,4283.414138358552
208,15,27.303833,24.943176,163.974815,4477.140964965895
208,16,27.894691,31.933480,166.128128,4634.092796968448
208,17,29.768331,34.708557,165.293719,4920.5181394129895
208,18,30.308654,34.082678,161.821502,4904.591913878308
208,19,31.089986,32.011524,155.926806,4847.762215564716
208,20,30.277557,30.587279,152.508421,4617.582409807497
208,21,28.469999,27.924328,144.917991,4125.815058852009
208,22,26.895675,27.353515,135.900992,3655.1489130096
208,23,26.755735,24.500149,125.269007,3351.6643550051454
208,24,26.429209,22.055599,116.521171,3079.562381283739
209,1,23.334982,12.714520,100.901149,2354.526495694318
209,2,23.206703,12.549652,96.714151,2244.4165781541533
209,3,23.128959,12.462227,93.959547,2173.186510221573
209,4,23.128959,12.202179,92.775067,2145.790720865253
209,5,23.128959,11.818618,92.279238,2134.322712253242
209,6,23.128959,12.583370,92.912797,2148.9762723883227
209,7,22.732463,11.743309,102.002991,2318.779218796833
209,8,22.732463,11.596337,113.462144,2579.273990380672
209,9,23.128959,12.364109,124.728475,2884.839784407525
209,10,23.206703,12.337416,133.653392,3101.654573086576
209,11,25.908321,8.158303,142.853770,3701.10132922017
209,12,26.401998,9.185124,150.649300,3977.4425173014
209,13,26.429209,10.035945,157.618448,4165.730904447632
209,14,26.817931,13.024676,163.458209,4383.6109703455795
209,15,27.303833,10.429988,167.810483,4581.869403481339
209,16,27.894691,16.994309,170.014167,4742.492654087397
209,17,29.768331,19.748228,169.160239,5035.617986591109
209,18,30.308654,19.432597,165.606800,5019.3192012472
209,19,31.089986,17.855441,159.574217,4961.160172490962
209,20,30.277557,16.816963,156.075870,4725.596050249591
209,21,28.469999,14.867380,148.307886,4222.325366112114
209,22,26.895675,15.066413,139.079962,3740.64945696435
209,23,26.755735,13.219936,128.199276,3430.06585584786
209,24,26.429209,11.580048,119.246813,3151.598943360917
210,1,23.334982,14.475781,112.432709,2623.615240726238
210,2,23.206703,13.783612,107.767197,2500.921333921491
210,3,23.128959,13.562385,104.697781,2421.550684139979
210,4,23.128959,13.237570,103.377932,2391.023950732788
210,5,23.128959,12.863187,102.825437,2378.2453165300826
210,6,23.128959,13.637087,103.531402,2394.573552070518
210,7,22.732463,12.786887,113.660475,2583.782542499925
210,8,22.732463,12.708262,126.429246,2874.048156812898
210,9,23.128959,13.713658,138.983158,3214.5357630725216
210,10,23.206703,14.241295,148.928065,3456.129372819695
210,11,25.908321,9.878861,159.179915,4124.084334572715
210,12,26.401998,11.082128,167.866362,4432.007353791276
210,13,26.429209,12.033555,175.631985,4641.814438649864
210,14,26.817931,15.339942,182.139147,4884.595076644858
210,15,27.303833,12.622740,186.988824,5105.511623362392
210,16,27.894691,19.686649,189.444357,5284.491800208687
210,17,29.768331,22.619430,188.492838,5611.117192713378
210,18,30.308654,22.251514,184.533291,5592.955668400314
210,19,31.089986,20.650999,177.811270,5528.14989494222
210,20,30.277557,19.400386,173.913112,5265.664161627385
210,21,28.469999,17.266202,165.257359,4704.876845472641
210,22,26.895675,17.401127,154.974815,4168.152257425125
210,23,26.755735,15.280741,142.850622,3822.0733868171696
210,24,26.429209,13.463067,132.875020,3511.78167445918
211,1,23.334982,9.595676,0.000000,0.0
211,2,23.206703,8.905926,0.000000,0.0
211,3,23.128959,8.906915,0.000000,0.0
211,4,23.128959,8.721618,0.000000,0.0
211,5,23.128959,8.315450,0.000000,0.0
211,6,23.128959,9.096578,0.000000,0.0
211,7,22.732463,8.124030,0.000000,0.0
211,8,22.732463,7.634081,0.000000,0.0
211,9,23.128959,7.857339,0.000000,0.0
211,10,23.206703,8.148746,0.000000,0.0
211,11,25.908321,3.012127,0.000000,0.0
211,12,26.401998,3.615374,0.000000,0.0
211,13,26.429209,4.107939,0.000000,0.0
211,14,26.817931,7.038166,0.000000,0.0
211,15,27.303833,3.859318,0.000000,0.0
211,16,27.894691,10.080151,0.000000,0.0
211,17,29.768331,12.735467,0.000000,0.0
211,18,30.308654,12.571310,0.000000,0.0
211,19,31.089986,11.435013,0.000000,0.0
211,20,30.277557,10.371641,0.000000,0.0
211,21,28.469999,8.837407,0.000000,0.0
211,22,26.895675,9.656244,0.000000,0.0
211,23,26.755735,8.258752,0.000000,0.0
211,24,26.429209,7.032669,0.000000,0.0
212,1,23.334982,8.641862,0.000000,0.0
212,2,23.206703,7.859336,0.000000,0.0
212,3,23.128959,7.728356,0.000000,0.0
212,4,23.128959,7.385815,0.000000,0.0
212,5,23.128959,7.157261,0.000000,0.0
212,6,23.128959,7.814486,0.000000,0.0
212,7,22.732463,5.270608,0.000000,0.0
212,8,22.732463,3.454993,0.000000,0.0
212,9,23.128959,3.426519,0.000000,0.0
212,10,23.206703,3.387943,0.000000,0.0
212,11,25.908321,-2.339069,0.000000,0.0
212,12,26.401998,-1.771438,0.000000,0.0
212,13,26.429209,-1.565104,0.000000,0.0
212,14,26.817931,1.514099,0.000000,0.0
212,15,27.303833,-1.815409,0.000000,0.0
212,16,27.894691,6.523740,0.000000,0.0
212,17,29.768331,10.213735,0.000000,0.0
212,18,30.308654,10.254219,0.000000,0.0
212,19,31.089986,9.342380,0.000000,0.0
212,20,30.277557,8.228008,0.000000,0.0
212,21,28.469999,6.709914,0.000000,0.0
212,22,26.895675,7.875181,0.000000,0.0
212,23,26.755735,6.708561,0.000000,0.0
212,24,26.429209,5.761515,0.000000,0.0
213,1,23.334982,8.362276,152.793169,3565.425848337958
213,2,23.206703,7.437832,146.452857,3398.687955900471
213,3,23.128959,7.319659,142.281599,3290.8252697254406
213,4,23.128959,6.989599,140.487958,3249.3402205757216
213,5,23.128959,6.758086,139.737132,3231.9743968055877
213,6,23.128959,7.417436,140.696521,3254.1640656516383
213,7,22.732463,5.849788,154.461672,3511.2942436581357
213,8,22.732463,4.668951,171.814104,3905.7577620581515
213,9,23.128959,4.769608,188.874547,4368.471653706572
213,10,23.206703,4.969592,202.389422,4696.791206695666
213,11,25.908321,-2.631164,216.321423,5604.524866260784
213,12,26.401998,-2.112569,228.126082,6022.9843607118355
213,13,26.429209,-1.996341,238.679364,6308.106795143076
213,14,26.817931,0.995647,247.522430,6638.039448692331
213,15,27.303833,-3.531359,254.113017,6938.259379294162
213,16,27.894691,3.336296,257.450024,7181.488867422584
213,17,29.768331,6.208680,256.156934,7625.364399257153
213,18,30.308654,6.303233,250.776011,7600.683348899194
213,19,31.089986,5.328279,241.640957,7512.613970156602
213,20,30.277557,4.363615,236.343460,7155.90258172722
213,21,28.469999,3.096160,224.580513,6393.806980529487
213,22,26.895675,4.864053,210.606800,5664.41204559
213,23,26.755735,4.283886,194.130332,5194.09971845402
213,24,26.429209,3.424979,180.573745,4772.421246517705
214,1,23.334982,6.756907,111.856131,2610.1608034746423
214,2,23.206703,6.018909,107.214544,2488.096079888432
214,3,23.128959,6.276549,104.160869,2409.132468505371
214,4,23.128959,6.322934,102.847788,2378.762271892692
214,5,23.128959,5.737311,102.298127,2366.0491851597926
214,6,23.128959,6.636507,103.000472,2382.293693868648
214,7,22.732463,6.060086,113.077601,2570.532380861263
214,8,22.732463,5.805547,125.780891,2859.309450764533
214,9,23.128959,5.486466,138.270423,3198.0509444796567
214,10,23.206703,5.895915,148.164332,3438.405647917396
214,11,25.908321,2.069234,158.363608,4102.935190782168
214,12,26.401998,2.245357,167.005509,4409.279114606981
214,13,26.429209,2.667267,174.731308,4618.010257975372
214,14,26.817931,5.329751,181.205100,4859.5458686481
214,15,27.303833,2.819559,186.029907,5079.329513733532
214,16,27.894691,7.892370,188.472847,5257.391828955278
214,17,29.768331,10.173204,187.526208,5582.342230918848
214,18,30.308654,9.956580,183.586967,5564.273861712418
214,19,31.089986,9.121798,176.899418,5499.800429028148
214,20,30.277557,8.052210,173.021250,5238.66075908625
214,21,28.469999,6.781711,164.409885,4680.749261540115
214,22,26.895675,7.407902,154.180072,4146.7771079886
214,23,26.755735,5.869311,142.118054,3802.47299153969
214,24,26.429209,4.814250,132.193609,3493.772520725281
215,1,23.334982,-0.811117,182.775224,4265.056562085968
215,2,23.206703,-1.213341,175.190776,4065.600306971528
215,3,23.128959,-0.277111,170.201007,3936.5721126617127
215,4,23.128959,0.341842,168.055407,3886.9466182313126
215,5,23.128959,-0.663435,167.157249,3866.173158673791
215,6,23.128959,0.383623,168.304895,3892.7170159543043
215,7,22.732463,0.159717,184.771132,4200.302921658115
215,8,22.732463,0.035125,205.528569,4672.170590235447
215,9,23.128959,-1.790076,225.936723,5225.681202861357
215,10,23.206703,-1.624444,242.103573,5618.42571384982
215,11,25.908321,-3.372035,258.769400,6704.2806801774
215,12,26.401998,-4.377328,272.890445,7204.85298310911
215,13,26.429209,-4.092756,285.514560,7545.92397878304
215,14,26.817931,-2.319951,296.092870,7940.59815725197
215,15,27.303833,-3.720494,303.976704,8299.729161906433
215,16,27.894691,-0.910912,307.968519,8590.68667523263
215,17,29.768331,0.635239,306.421691,9121.662323267721
215,18,30.308654,0.471609,299.984889,9092.138205929406
215,19,31.089986,0.252268,289.057296,8986.787285837856
215,20,30.277557,-0.547073,282.720290,8560.079695531529
215,21,28.469999,-1.077195,268.649142,7648.4408040908575
215,22,26.895675,-0.579230,251.933417,6775.9193052714745
215,23,26.755735,-1.902576,232.223831,6213.319282920785
215,24,26.429209,-2.498655,216.007083,5708.896342087347
216,1,23.334982,-1.012131,57.657799,1345.4437018246178
216,2,23.206703,-1.660998,55.265229,1282.523755629987
216,3,23.128959,-0.939597,53.691170,1241.8208695920298
216,4,23.128959,-0.523363,53.014324,1226.166126208716
216,5,23.128959,-1.342499,52.730993,1219.6129751262868
216,6,23.128959,-0.301188,53.093027,1227.986444668893
216,7,22.732463,-0.661796,58.287423,1325.016686712849
216,8,22.732463,-1.015070,64.835511,1473.8708548935929
216,9,23.128959,-2.518210,71.273414,1648.479870196026
216,10,23.206703,-2.277399,76.373367,1772.374045079001
216,11,25.908321,-4.608710,81.630726,2114.915052671046
216,12,26.401998,-5.324729,86.085314,2272.8242880573716
216,13,26.429209,-5.263240,90.067685,2380.417671011165
216,14,26.817931,-3.195715,93.404691,2504.920558314321
216,15,27.303833,-4.929706,95.891705,2618.211099405265
216,16,27.894691,-1.552173,97.150952,2709.995786395832
216,17,29.768331,0.234605,96.662994,2877.496000843014
216,18,30.308654,0.077441,94.632457,2868.1823963828783
216,19,31.089986,-0.107716,91.185267,2834.9486744362616
216,20,30.277557,-1.054938,89.186211,2700.3405871665273
216,21,28.469999,-1.663848,84.747363,2412.7573398626373
216,22,26.895675,-0.962464,79.474264,2137.5139754082
216,23,26.755735,-2.291517,73.256729,1960.0376280908154
216,24,26.429209,-2.770842,68.141036,1800.913681920524
217,1,23.334982,-3.935670,0.000000,0.0
217,2,23.206703,-4.531332,0.000000,0.0
217,3,23.128959,-3.483252,0.000000,0.0
217,4,23.128959,-2.759171,0.000000,0.0
217,5,23.128959,-3.837602,0.000000,0.0
217,6,23.128959,-2.445904,0.000000,0.0
217,7,22.732463,-2.572314,0.000000,0.0
217,8,22.732463,-2.736893,0.000000,0.0
217,9,23.128959,-4.908661,0.000000,0.0
217,10,23.206703,-4.617492,0.000000,0.0
217,11,25.908321,-6.282507,0.000000,0.0
217,12,26.401998,-7.310724,0.000000,0.0
217,13,26.429209,-7.242101,0.000000,0.0
217,14,26.817931,-5.339803,0.000000,0.0
217,15,27.303833,-6.606471,0.000000,0.0
217,16,27.894691,-3.975982,0.000000,0.0
217,17,29.768331,-2.519847,0.000000,0.0
217,18,30.308654,-3.029852,0.000000,0.0
217,19,31.089986,-3.206260,0.000000,0.0
217,20,30.277557,-4.064757,0.000000,0.0
217,21,28.469999,-4.239319,0.000000,0.0
217,22,26.895675,-3.736006,0.000000,0.0
217,23,26.755735,-5.165470,0.000000,0.0
217,24,26.429209,-5.577205,0.000000,0.0
218,1,23.334982,-4.663652,192.000472,4480.327558111504
218,2,23.206703,-5.255810,184.033213,4270.804116226739
218,3,23.128959,-3.876151,178.791594,4135.263447170646
218,4,23.128959,-2.882781,176.537699,4083.1332021253406
218,5,23.128959,-4.278746,175.594207,4061.311214340513
218,6,23.128959,-2.549693,176.799780,4089.1948628290197
218,7,22.732463,-2.564725,194.097119,4412.305576074096
218,8,22.732463,-2.594807,215.902251,4907.989932474213
218,9,23.128959,-5.379531,237.340469,5489.437976541771
218,10,23.206703,-5.023258,254.323312,5902.005567560336
218,11,25.908321,-6.609308,271.830316,7042.6670844594355
218,12,26.401998,-7.766168,286.664096,7568.504889263807
218,13,26.429209,-7.567254,299.925390,7926.79081671651
218,14,26.817931,-5.634340,311.037620,8341.38543156422
218,15,27.303833,-6.887646,319.319377,8718.64294327204
218,16,27.894691,-4.187918,323.512671,9024.285992129662
218,17,29.768331,-2.742119,321.887770,9582.06168221187
218,18,30.308654,-3.530945,315.126082,9551.047385713628
218,19,31.089986,-3.783696,303.646938,9440.379051362866
218,20,30.277557,-4.665195,296.990083,8992.134166467233
218,21,28.469999,-4.662295,282.208720,8034.481976191281
218,22,26.895675,-4.260496,264.649300,7117.9215617775
218,23,26.755735,-5.781206,243.944908,6526.92531304738
218,24,26.429209,-6.336761,226.909649,5997.042537537641
219,1,23.334982,-0.443711,104.360617,2435.253119203894
219,2,23.206703,-1.407065,100.030065,2321.368009525695
219,3,23.128959,-1.063766,97.181017,2247.695757771303
219,4,23.128959,-1.041032,95.955926,2219.360678261034
219,5,23.128959,-1.466247,95.443098,2207.499500474982
219,6,23.128959,-0.692040,96.098379,2222.6554678574607
219,7,22.732463,-1.429095,105.500236,2398.280211361268
219,8,22.732463,-2.383463,117.352274,2667.7062266708617
219,9,23.128959,-3.405819,129.004880,2983.74858031992
219,10,23.206703,-3.240789,138.235794,3207.997015327182
219,11,25.908321,-6.437597,147.751613,3827.996217871773
219,12,26.401998,-6.892556,155.814418,4113.8119524071635
219,13,26.429209,-7.332180,163.022509,4308.555962065381
219,14,26.817931,-4.995661,169.062490,4533.90619150819
219,15,27.303833,-7.324375,173.563986,4738.962088558338
219,16,27.894691,-3.195058,175.843224,4905.092397923784
219,17,29.768331,-0.976402,174.960019,5208.267757358289
219,18,30.308654,-0.762751,171.284747,5191.410132300539
219,19,31.089986,-0.610728,165.045333,5131.257092335338
219,20,30.277557,-1.762463,161.427042,4887.616465496394
219,21,28.469999,-2.545800,153.392728,4367.090812767272
219,22,26.895675,-1.295183,143.848418,3868.9002997921502
219,23,26.755735,-2.379511,132.594680,3547.6681204898005
219,24,26.429209,-2.468814,123.335275,3259.653760047475
220,1,23.334982,-1.145319,73.801983,1722.1679448693062
220,2,23.206703,-2.332513,70.739493,1641.630404421579
220,3,23.128959,-2.285352,68.724697,1589.530699200423
220,4,23.128959,-2.590752,67.858335,1569.4926480232648
220,5,23.128959,-2.667552,67.495671,1561.1046072364888
220,6,23.128959,-2.133118,67.959074,1571.822636223966
220,7,22.732463,-3.305256,74.607902,1696.0213717226259
220,8,22.732463,-4.918129,82.989454,1886.554692445202
220,9,23.128959,-5.655939,91.229970,2110.0542357012296
220,10,23.206703,-5.662585,97.757910,2268.63878327073
220,11,25.908321,-9.721042,104.487329,2707.091260164609
220,12,26.401998,-10.041386,110.189202,2909.215090825596
220,13,26.429209,-10.999358,115.286636,3046.9345977509242
220,14,26.817931,-8.498144,119.558004,3206.2983017697243
220,15,27.303833,-11.395594,122.741382,3351.310196317206
220,16,27.894691,-6.638669,124.353219,3468.794618860329
220,17,29.768331,-4.034345,123.728632,3683.194871553192
220,18,30.308654,-3.456131,121.129545,3671.27346858243
220,19,31.089986,-2.939410,116.717142,3628.734310740012
220,20,30.277557,-4.227520,114.158350,3456.4359491509504
220,21,28.469999,-5.070465,108.476625,3088.329405273375
220,22,26.895675,-3.232885,101.727058,2736.01789067415
220,23,26.755735,-3.975451,93.768613,2508.848160745555
220,24,26.429209,-3.619498,87.220526,2305.169510743934
221,1,23.334982,-4.584863,0.000000,0.0
221,2,23.206703,-5.114422,0.000000,0.0
221,3,23.128959,-3.387827,0.000000,0.0
221,4,23.128959,-2.127615,0.000000,0.0
221,5,23.128959,-3.811406,0.000000,0.0
221,6,23.128959,-1.778073,0.000000,0.0
221,7,22.732463,-1.818522,0.000000,0.0
221,8,22.732463,-1.886129,0.000000,0.0
221,9,23.128959,-5.399707,0.000000,0.0
221,10,23.206703,-5.109477,0.000000,0.0
221,11,25.908321,-6.752602,0.000000,0.0
221,12,26.401998,-8.139405,0.000000,0.0
221,13,26.429209,-7.918283,0.000000,0.0
221,14,26.817931,-6.039708,0.000000,0.0
221,15,27.303833,-7.342293,0.000000,0.0
221,16,27.894691,-4.609505,0.000000,0.0
221,17,29.768331,-3.130061,0.000000,0.0
221,18,30.308654,-3.699248,0.000000,0.0
221,19,31.089986,-3.937386,0.000000,0.0
221,20,30.277557,-4.790660,0.000000,0.0
221,21,28.469999,-4.972198,0.000000,0.0
221,22,26.895675,-4.533871,0.000000,0.0
221,23,26.755735,-5.985094,0.000000,0.0
221,24,26.429209,-6.547309,0.000000,0.0
222,1,23.334982,-5.620811,0.000000,0.0
222,2,23.206703,-6.176353,0.000000,0.0
222,3,23.128959,-4.716458,0.000000,0.0
222,4,23.128959,-3.666979,0.000000,0.0
222,5,23.128959,-5.112825,0.000000,0.0
222,6,23.128959,-3.331695,0.000000,0.0
222,7,22.732463,-3.405933,0.000000,0.0
222,8,22.732463,-3.511656,0.000000,0.0
222,9,23.128959,-6.497817,0.000000,0.0
222,10,23.206703,-6.207218,0.000000,0.0
222,11,25.908321,-7.858947,0.000000,0.0
222,12,26.401998,-9.104803,0.000000,0.0
222,13,26.429209,-8.943623,0.000000,0.0
222,14,26.817931,-7.055723,0.000000,0.0
222,15,27.303833,-8.344190,0.000000,0.0
222,16,27.894691,-5.651612,0.000000,0.0
222,17,29.768331,-4.181330,0.000000,0.0
222,18,30.308654,-4.727255,0.000000,0.0
222,19,31.089986,-4.941129,0.000000,0.0
222,20,30.277557,-5.796456,0.000000,0.0
222,21,28.469999,-5.975252,0.000000,0.0
222,22,26.895675,-5.511382,0.000000,0.0
222,23,26.755735,-6.954052,0.000000,0.0
222,24,26.429209,-7.457119,0.000000,0.0
223,1,23.334982,-1.996342,0.000000,0.0
223,2,23.206703,-3.287348,0.000000,0.0
223,3,23.128959,-3.390364,0.000000,0.0
223,4,23.128959,-3.870778,0.000000,0.0
223,5,23.128959,-3.753663,0.000000,0.0
223,6,23.128959,-3.354025,0.000000,0.0
223,7,22.732463,-4.807363,0.000000,0.0
223,8,22.732463,-6.835239,0.000000,0.0
223,9,23.128959,-7.468485,0.000000,0.0
223,10,23.206703,-7.610696,0.000000,0.0
223,11,25.908321,-12.185472,0.000000,0.0
223,12,26.401998,-12.467714,0.000000,0.0
223,13,26.429209,-13.742904,0.000000,0.0
223,14,26.817931,-11.178029,0.000000,0.0
223,15,27.303833,-14.408346,0.000000,0.0
223,16,27.894691,-9.316395,0.000000,0.0
223,17,29.768331,-6.496019,0.000000,0.0
223,18,30.308654,-5.700914,0.000000,0.0
223,19,31.089986,-4.955799,0.000000,0.0
223,20,30.277557,-6.302789,0.000000,0.0
223,21,28.469999,-7.142709,0.000000,0.0
223,22,26.895675,-4.939760,0.000000,0.0
223,23,26.755735,-5.444198,0.000000,0.0
223,24,26.429209,-4.802085,0.000000,0.0
224,1,23.334982,2.618759,0.000000,0.0
224,2,23.206703,3.188328,0.000000,0.0
224,3,23.128959,3.901955,0.000000,0.0
224,4,23.128959,4.273024,0.000000,0.0
224,5,23.128959,3.468245,0.000000,0.0
224,6,23.128959,4.412469,0.000000,0.0
224,7,22.732463,4.289532,0.000000,0.0
224,8,22.732463,4.420018,0.000000,0.0
224,9,23.128959,3.504398,0.000000,0.0
224,10,23.206703,2.826661,0.000000,0.0
224,11,25.908321,0.833346,0.000000,0.0
224,12,26.401998,0.524149,0.000000,0.0
224,13,26.429209,1.068565,0.000000,0.0
224,14,26.817931,2.885587,0.000000,0.0
224,15,27.303833,1.421872,0.000000,0.0
224,16,27.894691,4.757350,0.000000,0.0
224,17,29.768331,6.383205,0.000000,0.0
224,18,30.308654,6.140803,0.000000,0.0
224,19,31.089986,5.243738,0.000000,0.0
224,20,30.277557,4.645798,0.000000,0.0
224,21,28.469999,3.668509,0.000000,0.0
224,22,26.895675,3.858644,0.000000,0.0
224,23,26.755735,2.493868,0.000000,0.0
224,24,26.429209,1.538665,0.000000,0.0
301,1,23.334982,22.239867,45.817146,1069.142277201372
301,2,23.206703,18.336975,43.630497,1012.519985621391
301,3,23.128959,16.023256,42.810503,990.1623686563769
301,4,23.128959,12.886374,42.878836,991.7428398117239
301,5,23.128959,16.937352,44.706738,1034.020310225742
301,6,23.128959,14.106201,47.713382,1103.560856029338
301,7,22.732463,10.107045,53.572920,1217.84442170196
301,8,22.732463,1.226214,60.013287,1364.2498262358808
301,9,23.128959,-0.259613,66.043657,1527.521034963063
301,10,23.206703,-3.205219,71.851946,1667.446770794038
301,11,25.908321,-6.006176,77.540652,2008.948102565292
301,12,26.401998,-5.575413,82.956027,2190.204858941946
301,13,26.429209,-14.409138,87.158494,2303.530054051246
301,14,26.817931,-10.423790,90.335970,2422.6238102780703
301,15,27.303833,-8.248847,92.027207,2512.695491384431
301,16,27.894691,-6.351395,92.778867,2588.037826295097
301,17,29.768331,-5.506650,89.857640,2674.91197039884
301,18,30.308654,1.857366,84.852262,2571.757850075348
301,19,31.089986,11.144576,80.906042,2515.367713095412
301,20,30.277557,6.358172,78.206897,2367.913781710629
301,21,28.469999,8.078880,75.610250,2152.62374188975
301,22,26.895675,19.244646,69.819045,1877.830343130375
301,23,26.755735,16.887085,63.105346,1688.42991465931
301,24,26.429209,25.322788,57.126226,1509.800966335234
302,1,23.334982,22.400263,41.150585,960.24816026447
302,2,23.206703,18.474926,39.186650,909.3929481149501
302,3,23.128959,16.155913,38.450174,889.3124979888659
302,4,23.128959,13.035015,38.511547,890.7319915895729
302,5,23.128959,17.103166,40.153274,928.703428061766
302,6,23.128959,14.262162,42.853686,991.161146492874
302,7,22.732463,10.264368,48.116419,1093.804714609997
302,8,22.732463,1.376412,53.900823,1225.298464517049
302,9,23.128959,-0.139033,59.316988,1371.940183455492
302,10,23.206703,-3.102229,64.533692,1497.614223737476
302,11,25.908321,-5.901391,69.642993,1804.333018044753
302,12,26.401998,-5.453558,74.506802,1967.1284373903957
302,13,26.429209,-14.297026,78.281240,2068.91125273916
302,14,26.817931,-10.307732,81.135084,2175.8750843912044
302,15,27.303833,-8.089359,82.654065,2256.7727875311452
302,16,27.894691,-6.192858,83.329168,2324.441392647088
302,17,29.768331,-5.036547,80.705473,2402.467233775563
302,18,30.308654,2.346073,76.209902,2309.819551091908
302,19,31.089986,11.640586,72.665612,2259.172859761432
302,20,30.277557,6.874746,70.241379,2126.737356431103
302,21,28.469999,8.534970,67.909206,1933.375026910794
302,22,26.895675,19.468272,62.707846,1686.56984596605
302,23,26.755735,17.087574,56.677950,1516.4602105432502
302,24,26.429209,25.522131,51.307814,1356.024939539126
303,1,23.334982,15.112247,76.361911,1781.903818670602
303,2,23.206703,11.937198,72.717494,1687.5332861622821
303,3,23.128959,9.728607,71.350838,1650.2706067176418
303,4,23.128959,6.035347,71.464726,1652.9047176002339
303,5,23.128959,9.500292,74.511231,1723.3672068385288
303,6,23.128959,7.116330,79.522303,1839.2680856725767
303,7,22.732463,2.869328,89.288200,2029.7407028366
303,8,22.732463,-5.916350,100.022145,2273.7497103931346
303,9,23.128959,-6.526075,110.072762,2545.868399314758
303,10,23.206703,-9.047257,119.753243,2779.077943587829
303,11,25.908321,-12.113937,129.234419,3348.246811700499
303,12,26.401998,-12.460725,138.260044,3650.3414051679115
303,13,26.429209,-21.237568,145.264157,3839.216765561813
303,14,26.817931,-17.448969,150.559949,4037.7063236455188
303,15,27.303833,-16.715234,153.378678,4187.825809872775
303,16,27.894691,-14.718166,154.631446,4313.396405053187
303,17,29.768331,-11.391303,149.762733,4458.186607408623
303,18,30.308654,-4.585880,141.420437,4286.263093561798
303,19,31.089986,4.205240,134.843404,4192.279542552344
303,20,30.277557,-1.164697,130.344828,3946.5229594251964
303,21,28.469999,-2.293026,126.017083,3587.706226992917
303,22,26.895675,9.146777,116.365074,3129.7172116549505
303,23,26.755735,7.792688,105.175577,2814.0498666840954
303,24,26.429209,16.452980,95.210376,2516.3349262725837
304,1,23.334982,21.032674,31.393230,732.5604569718599
304,2,23.206703,17.098834,29.894970,693.76368998391
304,3,23.128959,14.756821,29.333122,678.4445760799979
304,4,23.128959,11.657661,29.379943,679.527497069337
304,5,23.128959,15.717075,30.632395,708.495408026805
304,6,23.128959,12.841371,32.692502,756.1435383654178
304,7,22.732463,8.639716,36.707371,834.448953084773
304,8,22.732463,-0.457057,41.120215,934.763766039545
304,9,23.128959,-2.206142,45.252135,1046.634775077465
304,10,23.206703,-5.394436,49.231889,1142.5098261519672
304,11,25.908321,-8.394404,53.129706,1376.501477683626
304,12,26.401998,-8.111286,56.840240,1500.69590279952
304,13,26.429209,-17.173521,59.719709,1578.344670580181
304,14,26.817931,-13.269830,61.896868,1659.945935140108
304,15,27.303833,-10.995072,63.055679,1721.661729117607
304,16,27.894691,-9.088396,63.570705,1773.285172627155
304,17,29.768331,-6.312200,61.569124,1832.810062612044
304,18,30.308654,1.239375,58.139513,1762.1303832455021
304,19,31.089986,10.527996,55.435622,1723.492711881292
304,20,30.277557,5.903245,53.586207,1622.4594368562991
304,21,28.469999,7.246011,51.807023,1474.945893002977
304,22,26.895675,17.370480,47.838975,1286.661523933125
304,23,26.755735,15.179087,43.238848,1156.88715879328
304,24,26.429209,23.813885,39.142044,1034.493261563196
305,1,23.334982,21.905991,30.120531,702.862048715442
305,2,23.206703,17.952657,28.683012,665.6381406294361
305,3,23.128959,15.668668,28.143942,650.9400806163779
305,4,23.128959,12.655547,28.188864,651.9790797125759
305,5,23.128959,16.749316,29.390541,679.772617776819
305,6,23.128959,13.651415,31.367131,725.489086846629
305,7,22.732463,9.458461,35.219234,800.6199337933419
305,8,22.732463,0.268899,39.453179,896.867931849877
305,9,23.128959,-1.683721,43.417589,1004.2036358598509
305,10,23.206703,-4.976379,47.236001,1096.1918461147031
305,11,25.908321,-7.958237,50.975799,1320.6973637234792
305,12,26.401998,-7.581618,54.535906,1439.8568811401879
305,13,26.429209,-16.583771,57.298640,1514.35773197576
305,14,26.817931,-12.697873,59.387536,1592.650842708016
305,15,27.303833,-10.288389,60.499367,1651.864613173711
305,16,27.894691,-8.461901,60.993515,1701.3952539288653
305,17,29.768331,-6.080728,59.073078,1758.5069390928181
305,18,30.308654,1.639137,55.782506,1690.692673606924
305,19,31.089986,11.274043,53.188232,1653.6213882447519
305,20,30.277557,6.729307,51.413793,1556.684048143701
305,21,28.469999,8.373942,49.706738,1415.1507811532622
305,22,26.895675,18.554491,45.899557,1234.499567715975
305,23,26.755735,16.260134,41.485922,1109.98633526267
305,24,26.429209,24.903505,37.555204,992.5543355536361
306,1,23.334982,22.140624,57.695666,1346.3273275880122
306,2,23.206703,18.136378,54.942107,1275.025159343221
306,3,23.128959,15.860542,53.909522,1246.871124047598
306,4,23.128959,12.919235,53.995571,1248.861347840589
306,5,23.128959,17.055518,56.297374,1302.0996550536659
306,6,23.128959,13.834769,60.083518,1389.6692243977618
306,7,22.732463,9.584920,67.462195,1533.5818517362848
306,8,22.732463,0.278618,75.572287,1717.944218052881
306,9,23.128959,-1.885622,83.166087,1923.545016413433
306,10,23.206703,-5.323625,90.480228,2099.747778568284
306,11,25.908321,-8.356658,97.643784,2529.786499526664
306,12,26.401998,-7.960757,104.463145,2758.03574536371
306,13,26.429209,-17.022329,109.755141,2900.7415603134687
306,14,26.817931,-13.163438,113.756406,3050.711446915986
306,15,27.303833,-10.601814,115.886112,3164.135049067296
306,16,27.894691,-8.808002,116.832648,3259.0106146717685
306,17,29.768331,-5.539100,113.154065,3368.407660915515
306,18,30.308654,2.337764,106.850997,3238.5098976280383
306,19,31.089986,12.131237,101.881683,3167.500098126438
306,20,30.277557,7.700809,98.482759,2981.8173491397633
306,21,28.469999,9.268024,95.212907,2710.711367077093
306,22,26.895675,18.808254,87.920278,2364.67522299765
306,23,26.755735,16.487379,79.465992,2126.17102346412
306,24,26.429209,25.194265,71.936729,1901.230845517361
307,1,23.334982,26.830977,53.029105,1237.4332106511101
307,2,23.206703,22.566937,50.498260,1171.89812183678
307,3,23.128959,20.150836,49.549193,1146.021253380087
307,4,23.128959,17.176750,49.628282,1147.8504996184379
307,5,23.128959,21.515054,51.743910,1196.7827728896898
307,6,23.128959,18.752261,55.223822,1277.269514861298
307,7,22.732463,14.370643,62.005694,1409.542144644322
307,8,22.732463,5.044716,69.459823,1578.9928563340488
307,9,23.128959,2.850404,76.439418,1767.964164905862
307,10,23.206703,-0.664503,83.161974,1929.9152315117221
307,11,25.908321,-3.504735,89.746125,2325.1714150061252
307,12,26.401998,-2.710718,96.013920,2534.9593238121597
307,13,26.429209,-11.379582,100.877887,2666.122759001383
307,14,26.817931,-6.964312,104.555520,2803.96272102912
307,15,27.303833,-3.798950,106.512971,2908.212372517843
307,16,27.894691,-4.160730,107.382948,2995.414153129068
307,17,29.768331,-3.660068,104.001898,3095.962924292238
307,18,30.308654,4.735509,98.208636,2976.571568335944
307,19,31.089986,14.039008,93.641253,2911.3052447924583
307,20,30.277557,9.278101,90.517241,2740.6409238602373
307,21,28.469999,12.065871,87.511863,2491.4626520981374
307,22,26.895675,26.033368,80.809079,2173.414725833325
307,23,26.755735,23.007689,73.038595,1954.2012925923252
307,24,26.429209,31.040940,66.118317,1747.454818721253
308,1,23.334982,24.977587,72.543815,1692.8086172363298
308,2,23.206703,20.802001,69.081620,1603.1566380988602
308,3,23.128959,18.419070,67.783296,1567.757074068864
308,4,23.128959,15.442220,67.891490,1570.25948865891
308,5,23.128959,19.706582,70.785669,1637.198836088571
308,6,23.128959,16.822165,75.546188,1747.304684858292
308,7,22.732463,12.203517,84.823790,1928.25366769477
308,8,22.732463,2.617066,95.021038,2160.062230556594
308,9,23.128959,0.178814,104.569124,2418.574981661916
308,10,23.206703,-3.571050,113.765581,2640.124049889443
308,11,25.908321,-6.641400,122.772699,3180.8344957283794
308,12,26.401998,-6.066445,131.347042,3467.8243401899153
308,13,26.429209,-14.905307,138.000949,3647.2559233193406
308,14,26.817931,-10.618572,143.031952,3835.821019531312
308,15,27.303833,-7.521624,145.709744,3978.434516648752
308,16,27.894691,-6.622437,146.899873,4097.7265652742435
308,17,29.768331,-4.219341,142.274597,4235.277296387607
308,18,30.308654,4.378713,134.349415,4071.94993433741
308,19,31.089986,13.841844,128.101234,3982.665571642724
308,20,30.277557,9.190123,123.827586,3749.196793287402
308,21,28.469999,11.314023,119.716229,3408.320919913771
308,22,26.895675,23.209056,110.546821,2973.2313698991748
308,23,26.755735,20.454959,99.916798,2673.34736933653
308,24,26.429209,28.730077,90.449858,2390.518201102322
309,1,23.334982,18.042112,74.240747,1732.406494911554
309,2,23.206703,14.190586,70.697564,1640.657370571492
309,3,23.128959,11.863218,69.368871,1604.4297732352888
309,4,23.128959,8.779069,69.479595,1606.990704091605
309,5,23.128959,12.756697,72.441474,1675.4958820455658
309,6,23.128959,9.729821,77.313350,1788.1773023026499
309,7,22.732463,5.121989,86.807972,1973.359011595036
309,8,22.732463,-4.408736,97.243752,2210.589994321176
309,9,23.128959,-6.595359,107.015185,2475.1498262424147
309,10,23.206703,-10.205130,116.426764,2701.8813333990925
309,11,25.908321,-13.601798,125.644575,3255.2399810085753
309,12,26.401998,-13.674668,134.419488,3548.9430533370237
309,13,26.429209,-23.087631,141.229041,3732.571841458569
309,14,26.817931,-19.383771,146.377729,3925.5478362586987
309,15,27.303833,-17.131890,149.118159,4071.4973106034467
309,16,27.894691,-15.247571,150.336128,4193.579836696448
309,17,29.768331,-11.025587,145.602657,4334.348088055467
309,18,30.308654,-3.131292,137.492091,4167.2002138555135
309,19,31.089986,6.313622,131.097754,4075.8273364914444
309,20,30.277557,1.914611,126.724138,3836.897311570866
309,21,28.469999,3.103429,122.516609,3488.0477357133914
309,22,26.895675,12.801993,113.132711,3042.780626924925
309,23,26.755735,11.039732,102.254034,2735.88183638499
309,24,26.429209,20.082625,92.565644,2446.436751495596
310,1,23.334982,20.041646,82.725403,1930.395789947746
310,2,23.206703,16.108569,78.777286,1828.1610793480581
310,3,23.128959,13.882540,77.296742,1787.7931765515777
310,4,23.128959,10.995283,77.420120,1790.6467812550798
310,5,23.128959,15.072763,80.720500,1866.9811349595
310,6,23.128959,11.599038,86.149162,1992.540435782358
310,7,22.732463,7.011221,96.728883,2198.885753828829
310,8,22.732463,-2.711444,108.357324,2463.228858609012
310,9,23.128959,-5.347218,119.245492,2758.0240954028277
310,10,23.206703,-9.191703,129.732680,3010.6677741540398
310,11,25.908321,-12.549408,140.003954,3627.267381501234
310,12,26.401998,-12.408346,149.781715,3954.5365398665695
310,13,26.429209,-21.724169,157.369503,4159.151485013127
310,14,26.817931,-18.046554,163.106612,4374.1818662597725
310,15,27.303833,-15.450311,166.160234,4536.811280376922
310,16,27.894691,-13.722205,167.517400,4672.846110123401
310,17,29.768331,-9.653548,162.242961,4829.702165468091
310,18,30.308654,-1.399363,153.205473,4643.451672063343
310,19,31.089986,8.726313,146.080354,4541.636160735044
310,20,30.277557,4.521242,141.206897,4275.399872710629
310,21,28.469999,6.173190,136.518507,3886.6817577714933
310,22,26.895675,15.525709,126.062164,3390.5269927407
310,23,26.755735,13.519322,113.940209,3048.554037848615
310,24,26.429209,22.575880,103.144574,2726.029503461966
311,1,23.334982,14.666337,0.000000,0.0
311,2,23.206703,10.918746,0.000000,0.0
311,3,23.128959,8.831249,0.000000,0.0
311,4,23.128959,6.035177,0.000000,0.0
311,5,23.128959,9.939019,0.000000,0.0
311,6,23.128959,6.385785,0.000000,0.0
311,7,22.732463,1.436512,0.000000,0.0
311,8,22.732463,-8.842275,0.000000,0.0
311,9,23.128959,-12.198568,0.000000,0.0
311,10,23.206703,-16.535648,0.000000,0.0
311,11,25.908321,-20.603038,0.000000,0.0
311,12,26.401998,-21.222298,0.000000,0.0
311,13,26.429209,-31.032332,0.000000,0.0
311,14,26.817931,-27.644044,0.000000,0.0
311,15,27.303833,-25.342163,0.000000,0.0
311,16,27.894691,-23.292333,0.000000,0.0
311,17,29.768331,-17.628657,0.000000,0.0
311,18,30.308654,-9.129952,0.000000,0.0
311,19,31.089986,0.955765,0.000000,0.0
311,20,30.277557,-2.770069,0.000000,0.0
311,21,28.469999,-1.181103,0.000000,0.0
311,22,26.895675,7.281494,0.000000,0.0
311,23,26.755735,6.213772,0.000000,0.0
311,24,26.429209,15.744952,0.000000,0.0
312,1,23.334982,14.085204,0.000000,0.0
312,2,23.206703,10.403918,0.000000,0.0
312,3,23.128959,8.318527,0.000000,0.0
312,4,23.128959,5.577846,0.000000,0.0
312,5,23.128959,9.473200,0.000000,0.0
312,6,23.128959,5.954214,0.000000,0.0
312,7,22.732463,0.860518,0.000000,0.0
312,8,22.732463,-9.456718,0.000000,0.0
312,9,23.128959,-12.911652,0.000000,0.0
312,10,23.206703,-17.482987,0.000000,0.0
312,11,25.908321,-21.525910,0.000000,0.0
312,12,26.401998,-22.018262,0.000000,0.0
312,13,26.429209,-32.555922,0.000000,0.0
312,14,26.817931,-29.414446,0.000000,0.0
312,15,27.303833,-26.741487,0.000000,0.0
312,16,27.894691,-24.652194,0.000000,0.0
312,17,29.768331,-18.849731,0.000000,0.0
312,18,30.308654,-10.420280,0.000000,0.0
312,19,31.089986,-0.510036,0.000000,0.0
312,20,30.277557,-4.081406,0.000000,0.0
312,21,28.469999,-2.255800,0.000000,0.0
312,22,26.895675,6.119040,0.000000,0.0
312,23,26.755735,4.871077,0.000000,0.0
312,24,26.429209,15.273234,0.000000,0.0
313,1,23.334982,11.662098,112.421702,2623.358392579364
313,2,23.206703,7.994308,107.056311,2484.4240136526328
313,3,23.128959,5.958148,105.044290,2429.56507659411
313,4,23.128959,3.286651,105.211958,2433.4430628917216
313,5,23.128959,7.360392,109.697090,2537.17949702931
313,6,23.128959,3.539469,117.074502,2707.811356703418
313,7,22.732463,-2.177694,131.452072,2988.2293630133354
313,8,22.732463,-13.761851,147.254824,3347.464838151512
313,9,23.128959,-18.595442,162.051566,3748.0840258997937
313,10,23.206703,-24.301362,176.303385,4091.420293589655
313,11,25.908321,-29.238407,190.261784,4929.3633739046645
313,12,26.401998,-30.099785,203.549510,5374.11375592098
313,13,26.429209,-40.925361,213.861120,5652.18023745408
313,14,26.817931,-37.846835,221.657703,5944.400984672493
313,15,27.303833,-34.296335,225.807498,6165.410215539834
313,16,27.894691,-31.412899,227.651851,6350.278039223042
313,17,29.768331,-23.837001,220.484024,6563.441406643944
313,18,30.308654,-14.165336,208.202309,6310.331745482086
313,19,31.089986,-3.928746,198.519456,6171.967107767616
313,20,30.277557,-7.343815,191.896552,5810.158791283465
313,21,28.469999,-5.118357,185.525150,5281.90083497485
313,22,26.895675,2.783159,171.315248,4607.6392327524
313,23,26.755735,1.942492,154.841822,4142.906756349171
313,24,26.429209,12.654154,140.170832,3704.6042146318878
314,1,23.334982,13.008384,82.301170,1920.49632052894
314,2,23.206703,9.332793,78.373300,1818.7858962299001
314,3,23.128959,7.385063,76.900348,1778.6249959777317
314,4,23.128959,4.664747,77.023094,1781.4639831791458
314,5,23.128959,8.298574,80.306549,1857.4068792524909
314,6,23.128959,4.684887,85.707371,1982.3222698567888
314,7,22.732463,0.063712,96.232838,2187.609429219994
314,8,22.732463,-9.709962,107.801645,2450.5969063016346
314,9,23.128959,-12.696357,118.633977,2743.880390039943
314,10,23.206703,-16.431423,129.067384,2995.228447474952
314,11,25.908321,-20.413056,139.285985,3608.6660101811854
314,12,26.401998,-21.460243,149.013603,3934.2568483787936
314,13,26.429209,-30.817886,156.562480,4137.82250547832
314,14,26.817931,-27.454272,162.270168,4351.750168782409
314,15,27.303833,-26.365665,165.308130,4513.5455750622905
314,16,27.894691,-24.806410,166.658336,4648.882785294176
314,17,29.768331,-19.330356,161.410946,4804.934467551126
314,18,30.308654,-11.444132,152.419804,4619.639102183816
314,19,31.089986,-1.199045,145.331224,4518.345719522864
314,20,30.277557,-4.633936,140.482759,4253.474743139763
314,21,28.469999,-3.438681,135.818412,3866.750053821588
314,22,26.895675,4.476493,125.415691,3373.139665036425
314,23,26.755735,4.009651,113.355900,3032.9204210865005
314,24,26.429209,12.978745,102.615628,2712.049879078252
315,1,23.334982,7.979951,134.481810,3138.13061567742
315,2,23.206703,4.583640,128.063587,2971.933628623661
315,3,23.128959,2.892393,125.656754,2906.309911339086
315,4,23.128959,0.233329,125.857324,2910.948886645716
315,5,23.128959,3.319734,131.222556,3035.0411175992035
315,6,23.128959,1.137458,140.047612,3239.1554759959076
315,7,22.732463,-2.171927,157.246441,3574.598901914183
315,8,22.732463,-10.224628,176.150111,4004.325880753393
315,9,23.128959,-11.646524,193.850364,4483.557121091076
315,10,23.206703,-13.975663,210.898766,4894.265025628498
315,11,25.908321,-18.212321,227.596172,5896.634682547212
315,12,26.401998,-20.430976,243.491300,6428.6568156174
315,13,26.429209,-29.001982,255.826321,6761.287305410089
315,14,26.817931,-26.450397,265.152800,7110.8494948568
315,15,27.303833,-29.092347,270.116893,7375.22653695087
315,16,27.894691,-26.856820,272.323157,7596.370316659487
315,17,29.768331,-22.641794,263.748814,7851.361996009434
315,18,30.308654,-17.200724,249.057102,7548.585530760708
315,19,31.089986,-9.232409,237.474217,7383.070081890963
315,20,30.277557,-12.264131,229.551724,6950.265407858268
315,21,28.469999,-11.766365,221.930085,6318.349298019915
315,22,26.895675,-3.939722,204.931825,5511.779762356875
315,23,26.755735,-2.897018,185.225878,4955.85450691033
315,24,26.429209,5.087837,167.676052,4431.545422602868
316,1,23.334982,7.897205,42.423284,989.946568520888
316,2,23.206703,4.455537,40.398608,937.5184974694241
316,3,23.128959,2.753937,39.639355,916.8170165814449
316,4,23.128959,0.135892,39.702626,918.280408946334
316,5,23.128959,3.279417,41.395128,957.4262183117519
316,6,23.128959,0.895775,44.179057,1021.8155980116629
316,7,22.732463,-2.768434,49.604556,1127.633733901428
316,8,22.732463,-11.013424,55.567858,1263.194275974254
316,9,23.128959,-12.720691,61.151534,1414.3713226731059
316,10,23.206703,-15.330621,66.529579,1543.932180568037
316,11,25.908321,-19.466232,71.796900,1860.1371320049
316,12,26.401998,-21.169576,76.811136,2027.967459049728
316,13,26.429209,-30.282119,80.702309,2132.898191343581
316,14,26.817931,-27.764735,83.644416,2243.1701768232965
316,15,27.303833,-29.703530,85.210376,2326.569876171208
316,16,27.894691,-27.520118,85.906359,2396.331339240069
316,17,29.768331,-23.015920,83.201518,2476.770327526458
316,18,30.308654,-17.345948,78.566909,2381.257260730486
316,19,31.089986,-9.138891,74.913002,2329.044183397972
316,20,30.277557,-12.001176,72.413793,2192.512745143701
316,21,28.469999,-11.201315,70.009491,1993.170138760509
316,22,26.895675,-3.703481,64.647264,1738.7318021832002
316,23,26.755735,-2.918556,58.430876,1563.36103407386
316,24,26.429209,5.624012,52.894654,1397.963865548686
317,1,23.334982,5.973750,0.000000,0.0
317,2,23.206703,2.533845,0.000000,0.0
317,3,23.128959,0.975918,0.000000,0.0
317,4,23.128959,-1.675825,0.000000,0.0
317,5,23.128959,1.236763,0.000000,0.0
317,6,23.128959,-0.289754,0.000000,0.0
317,7,22.732463,-3.464433,0.000000,0.0
317,8,22.732463,-11.047637,0.000000,0.0
317,9,23.128959,-12.246007,0.000000,0.0
317,10,23.206703,-14.427319,0.000000,0.0
317,11,25.908321,-18.997758,0.000000,0.0
317,12,26.401998,-20.775524,0.000000,0.0
317,13,26.429209,-28.847659,0.000000,0.0
317,14,26.817931,-26.644022,0.000000,0.0
317,15,27.303833,-30.403338,0.000000,0.0
317,16,27.894691,-27.913288,0.000000,0.0
317,17,29.768331,-23.895546,0.000000,0.0
317,18,30.308654,-19.133112,0.000000,0.0
317,19,31.089986,-11.952196,0.000000,0.0
317,20,30.277557,-14.517785,0.000000,0.0
317,21,28.469999,-13.891453,0.000000,0.0
317,22,26.895675,-6.529408,0.000000,0.0
317,23,26.755735,-4.692108,0.000000,0.0
317,24,26.429209,2.640106,0.000000,0.0
318,1,23.334982,5.496814,141.269535,3296.5220563733697
318,2,23.206703,2.240957,134.527365,3121.936604927595
318,3,23.128959,0.766184,131.999051,3053.000638617909
318,4,23.128959,-1.696459,132.209744,3057.8737483764958
318,5,23.128959,1.041391,137.845777,3188.2293245561427
318,6,23.128959,-0.420038,147.116261,3402.645968902299
318,7,22.732463,-3.226111,165.183170,3755.0203002477097
318,8,22.732463,-10.417783,185.040968,4206.436958544184
318,9,23.128959,-11.588151,203.634609,4709.856522542031
318,10,23.206703,-13.532232,221.543499,5141.294182873798
318,11,25.908321,-18.135924,239.083676,6194.256623667996
318,12,26.401998,-19.926451,255.781082,6753.131615401836
318,13,26.429209,-27.452543,268.738690,7102.55100439621
318,14,26.817931,-25.347793,278.535906,7469.756708130487
318,15,27.303833,-30.068802,283.750554,7747.477740073483
318,16,27.894691,-27.413555,286.068175,7979.783346558926
318,17,29.768331,-23.545032,277.061057,8247.645251985867
318,18,30.308654,-19.052808,261.627808,7929.586709450433
318,19,31.089986,-12.315635,249.460297,7755.7171412858415
318,20,30.277557,-14.925741,241.137931,7301.067450714568
318,21,28.469999,-14.498876,233.131604,6637.256532748396
318,22,26.895675,-7.208892,215.275387,5789.976844251225
318,23,26.755735,-4.661447,194.574818,5205.99226808123
318,24,26.429209,2.184343,176.139196,4655.219624175964
319,1,23.334982,8.569301,76.786144,1791.803288089408
319,2,23.206703,5.182579,73.121481,1696.9084924871431
319,3,23.128959,3.445831,71.747232,1659.4387872914879
319,4,23.128959,0.952125,71.861753,1662.0875388051268
319,5,23.128959,4.163782,74.925182,1732.9414625455381
319,6,23.128959,1.192299,79.964094,1849.4862515981458
319,7,22.732463,-3.083454,89.784245,2041.017027445435
319,8,22.732463,-11.656683,100.577823,2286.3816399680486
319,9,23.128959,-13.775155,110.684277,2560.0121046776426
319,10,23.206703,-16.776402,120.418538,2794.5172470602142
319,11,25.908321,-20.520085,129.952388,3366.8481830205483
319,12,26.401998,-21.782276,139.028156,3670.621096655688
319,13,26.429209,-32.503580,146.071180,3860.54574509662
319,14,26.817931,-30.123578,151.396394,4060.138047940814
319,15,27.303833,-30.701396,154.230781,4211.091487883574
319,16,27.894691,-28.625604,155.490509,4337.35970198772
319,17,29.768331,-23.643062,150.594748,4482.954305325588
319,18,30.308654,-17.663465,142.206106,4310.075663441325
319,19,31.089986,-8.971997,135.592534,4215.569983764524
319,20,30.277557,-11.611353,131.068965,3968.448058718505
319,21,28.469999,-10.371719,126.717178,3607.637930942822
319,22,26.895675,-3.290653,117.011547,3147.104539359225
319,23,26.755735,-3.215539,105.759886,2829.68348344621
319,24,26.429209,7.058964,95.739323,2530.314577085507
320,1,23.334982,8.273827,54.301803,1267.131595572546
320,2,23.206703,4.976879,51.710218,1200.023671191254
320,3,23.128959,3.225316,50.738374,1173.525771972666
320,4,23.128959,0.838418,50.819361,1175.398916975199
320,5,23.128959,4.074215,52.985764,1225.505563139676
320,6,23.128959,1.136577,56.549193,1307.923966380087
320,7,22.732463,-3.247196,63.493831,1443.371163935753
320,8,22.732463,-11.947640,71.126859,1616.8886905237168
320,9,23.128959,-14.493657,78.273964,1810.395304123476
320,10,23.206703,-17.863074,85.157861,1976.233188342283
320,11,25.908321,-21.394680,91.900032,2380.975528966272
320,12,26.401998,-22.378406,98.318254,2595.7983454714918
320,13,26.429209,-34.620593,103.298956,2730.1096976058043
320,14,26.817931,-32.424513,107.064853,2871.2578402791432
320,15,27.303833,-31.810100,109.069282,2978.009461157906
320,16,27.894691,-30.041716,109.960139,3067.304099722049
320,17,29.768331,-24.801407,106.497944,3170.266047811464
320,18,30.308654,-18.921686,100.565644,3048.0093082831763
320,19,31.089986,-10.380649,95.888643,2981.176568428998
320,20,30.277557,-12.774317,92.689655,2806.416312572835
320,21,28.469999,-11.102404,89.612148,2551.2577639478523
320,22,26.895675,-4.272526,82.748497,2225.576682050475
320,23,26.755735,-4.685704,74.791522,2001.10214287867
320,24,26.429209,7.209656,67.705157,1789.393744730813
321,1,23.334982,4.938350,0.000000,0.0
321,2,23.206703,1.658008,0.000000,0.0
321,3,23.128959,0.107811,0.000000,0.0
321,4,23.128959,-2.428587,0.000000,0.0
321,5,23.128959,0.432618,0.000000,0.0
321,6,23.128959,-1.270057,0.000000,0.0
321,7,22.732463,-4.037513,0.000000,0.0
321,8,22.732463,-11.659006,0.000000,0.0
321,9,23.128959,-13.009006,0.000000,0.0
321,10,23.206703,-15.091429,0.000000,0.0
321,11,25.908321,-19.860259,0.000000,0.0
321,12,26.401998,-21.975541,0.000000,0.0
321,13,26.429209,-29.872471,0.000000,0.0
321,14,26.817931,-27.677377,0.000000,0.0
321,15,27.303833,-31.666370,0.000000,0.0
321,16,27.894691,-29.157547,0.000000,0.0
321,17,29.768331,-25.229479,0.000000,0.0
321,18,30.308654,-20.411069,0.000000,0.0
321,19,31.089986,-13.246308,0.000000,0.0
321,20,30.277557,-15.993650,0.000000,0.0
321,21,28.469999,-15.534022,0.000000,0.0
321,22,26.895675,-8.001393,0.000000,0.0
321,23,26.755735,-5.984413,0.000000,0.0
321,24,26.429209,1.322475,0.000000,0.0
322,1,23.334982,2.601156,0.000000,0.0
322,2,23.206703,-0.485389,0.000000,0.0
322,3,23.128959,-2.038625,0.000000,0.0
322,4,23.128959,-4.620360,0.000000,0.0
322,5,23.128959,-1.738959,0.000000,0.0
322,6,23.128959,-3.372392,0.000000,0.0
322,7,22.732463,-6.299913,0.000000,0.0
322,8,22.732463,-13.906356,0.000000,0.0
322,9,23.128959,-15.196755,0.000000,0.0
322,10,23.206703,-17.318048,0.000000,0.0
322,11,25.908321,-23.569595,0.000000,0.0
322,12,26.401998,-25.552212,0.000000,0.0
322,13,26.429209,-33.518009,0.000000,0.0
322,14,26.817931,-31.839789,0.000000,0.0
322,15,27.303833,-35.738505,0.000000,0.0
322,16,27.894691,-33.237061,0.000000,0.0
322,17,29.768331,-29.793978,0.000000,0.0
322,18,30.308654,-24.997570,0.000000,0.0
322,19,31.089986,-17.826459,0.000000,0.0
322,20,30.277557,-20.502361,0.000000,0.0
322,21,28.469999,-19.977207,0.000000,0.0
322,22,26.895675,-11.991396,0.000000,0.0
322,23,26.755735,-10.045041,0.000000,0.0
322,24,26.429209,-2.207967,0.000000,0.0
323,1,23.334982,7.769077,0.000000,0.0
323,2,23.206703,4.537839,0.000000,0.0
323,3,23.128959,2.784252,0.000000,0.0
323,4,23.128959,0.455589,0.000000,0.0
323,5,23.128959,3.691009,0.000000,0.0
323,6,23.128959,0.812552,0.000000,0.0
323,7,22.732463,-3.502341,0.000000,0.0
323,8,22.732463,-12.117289,0.000000,0.0
323,9,23.128959,-14.739929,0.000000,0.0
323,10,23.206703,-18.206486,0.000000,0.0
323,11,25.908321,-21.657640,0.000000,0.0
323,12,26.401998,-22.489585,0.000000,0.0
323,13,26.429209,-35.663305,0.000000,0.0
323,14,26.817931,-33.640647,0.000000,0.0
323,15,27.303833,-32.559610,0.000000,0.0
323,16,27.894691,-30.895327,0.000000,0.0
323,17,29.768331,-25.688065,0.000000,0.0
323,18,30.308654,-20.108871,0.000000,0.0
323,19,31.089986,-11.759748,0.000000,0.0
323,20,30.277557,-13.998126,0.000000,0.0
323,21,28.469999,-12.069064,0.000000,0.0
323,22,26.895675,-5.334082,0.000000,0.0
323,23,26.755735,-5.965671,0.000000,0.0
323,24,26.429209,6.865822,0.000000,0.0
324,1,23.334982,10.681972,0.000000,0.0
324,2,23.206703,7.369484,0.000000,0.0
324,3,23.128959,5.482245,0.000000,0.0
324,4,23.128959,2.431383,0.000000,0.0
324,5,23.128959,5.661196,0.000000,0.0
324,6,23.128959,2.814002,0.000000,0.0
324,7,22.732463,-1.072673,0.000000,0.0
324,8,22.732463,-10.015626,0.000000,0.0
324,9,23.128959,-11.244578,0.000000,0.0
324,10,23.206703,-13.746407,0.000000,0.0
324,11,25.908321,-17.660120,0.000000,0.0
324,12,26.401998,-19.280671,0.000000,0.0
324,13,26.429209,-27.911150,0.000000,0.0
324,14,26.817931,-24.776190,0.000000,0.0
324,15,27.303833,-25.874640,0.000000,0.0
324,16,27.894691,-24.125494,0.000000,0.0
324,17,29.768331,-19.930479,0.000000,0.0
324,18,30.308654,-13.430289,0.000000,0.0
324,19,31.089986,-4.141649,0.000000,0.0
324,20,30.277557,-8.059188,0.000000,0.0
324,21,28.469999,-8.177456,0.000000,0.0
324,22,26.895675,1.018007,0.000000,0.0
324,23,26.755735,1.152703,0.000000,0.0
324,24,26.429209,9.393443,0.000000,0.0
325,1,23.334982,6.367341,0.000000,0.0
325,2,23.206703,3.276783,0.000000,0.0
325,3,23.128959,1.581558,0.000000,0.0
325,4,23.128959,-0.625765,0.000000,0.0
325,5,23.128959,2.461393,0.000000,0.0
325,6,23.128959,-0.211716,0.000000,0.0
325,7,22.732463,-4.252931,0.000000,0.0
325,8,22.732463,-12.332824,0.000000,0.0
325,9,23.128959,-14.712213,0.000000,0.0
325,10,23.206703,-17.924083,0.000000,0.0
325,11,25.908321,-21.100794,0.000000,0.0
325,12,26.401998,-21.837019,0.000000,0.0
325,13,26.429209,-34.218548,0.000000,0.0
325,14,26.817931,-32.203430,0.000000,0.0
325,15,27.303833,-31.143776,0.000000,0.0
325,16,27.894691,-29.730219,0.000000,0.0
325,17,29.768331,-24.850252,0.000000,0.0
325,18,30.308654,-19.568776,0.000000,0.0
325,19,31.089986,-11.716777,0.000000,0.0
325,20,30.277557,-13.866921,0.000000,0.0
325,21,28.469999,-12.100282,0.000000,0.0
325,22,26.895675,-5.715768,0.000000,0.0
325,23,26.755735,-6.447240,0.000000,0.0
325,24,26.429209,5.621270,0.000000,0.0
