timepoint,Gen_Index,available,Capacity,Fuel_Cost
1,301_CT_1,1,20.0,105.36724140000001
1,301_CT_2,1,20.0,105.36724140000001
1,301_CT_3,1,55.0,43.74288666
1,301_CT_4,1,55.0,43.74288666
1,302_CT_1,1,20.0,105.36724140000001
1,302_CT_2,1,20.0,105.36724140000001
1,302_CT_3,1,55.0,38.63507958
1,302_CT_4,1,55.0,38.63507958
1,307_CT_1,1,55.0,35.47476972
1,307_CT_2,1,55.0,35.47476972
1,313_CC_1,1,355.0,33.75273126
1,315_STEAM_1,1,12.0,124.0996554
1,315_STEAM_2,1,12.0,124.0996554
1,315_STEAM_3,1,12.0,124.0996554
1,315_STEAM_4,1,12.0,124.0996554
1,315_STEAM_5,1,12.0,124.0996554
1,315_CT_6,1,55.0,31.8557679
1,315_CT_7,1,55.0,31.8557679
1,315_CT_8,1,55.0,31.8557679
1,316_STEAM_1,1,155.0,27.274698980000004
1,318_CC_1,1,355.0,31.52924142
1,321_CC_1,1,355.0,33.94709226
1,322_CT_5,1,55.0,27.89469072
1,322_CT_6,1,55.0,27.89469072
1,323_CC_1,1,355.0,31.727489639999995
1,323_CC_2,1,355.0,31.727489639999995
1,322_HYDRO_1,1,25.016666666666666,0.0
1,322_HYDRO_2,1,25.016666666666666,0.0
1,322_HYDRO_3,1,25.016666666666666,0.0
1,322_HYDRO_4,1,25.016666666666666,0.0
1,320_PV_1,1,0.0,0.0
1,314_PV_1,1,0.0,0.0
1,314_PV_2,1,0.0,0.0
1,313_PV_1,1,0.0,0.0
1,314_PV_3,1,0.0,0.0
1,314_PV_4,1,0.0,0.0
1,313_PV_2,1,0.0,0.0
1,310_PV_1,1,0.0,0.0
1,324_PV_1,1,0.0,0.0
1,312_PV_1,1,0.0,0.0
1,310_PV_2,1,0.0,0.0
1,324_PV_2,1,0.0,0.0
1,324_PV_3,1,0.0,0.0
1,319_PV_1,1,0.0,0.0
1,308_RTPV_1,1,0.0,0.0
1,313_RTPV_1,1,0.0,0.0
1,313_RTPV_2,1,0.0,0.0
1,313_RTPV_3,1,0.0,0.0
1,313_RTPV_4,1,0.0,0.0
1,313_RTPV_5,1,0.0,0.0
1,313_RTPV_6,1,0.0,0.0
1,313_RTPV_7,1,0.0,0.0
1,313_RTPV_8,1,0.0,0.0
1,313_RTPV_9,1,0.0,0.0
1,313_RTPV_10,1,0.0,0.0
1,313_RTPV_11,1,0.0,0.0
1,313_RTPV_12,1,0.0,0.0
1,320_RTPV_1,1,0.0,0.0
1,320_RTPV_2,1,0.0,0.0
1,320_RTPV_3,1,0.0,0.0
1,313_RTPV_13,1,0.0,0.0
1,320_RTPV_4,1,0.0,0.0
1,320_RTPV_5,1,0.0,0.0
1,320_RTPV_6,1,0.0,0.0
1,309_WIND_1,1,142.93333333333334,0.0
1,317_WIND_1,1,752.8166666666667,0.0
1,303_WIND_1,1,825.6416666666668,0.0
2,301_CT_1,1,20.0,105.36724140000001
2,301_CT_2,1,20.0,105.36724140000001
2,301_CT_3,1,55.0,43.74288666
2,301_CT_4,1,55.0,43.74288666
2,302_CT_1,1,20.0,105.36724140000001
2,302_CT_2,1,20.0,105.36724140000001
2,302_CT_3,1,55.0,38.63507958
2,302_CT_4,1,55.0,38.63507958
2,307_CT_1,1,55.0,35.47476972
2,307_CT_2,1,55.0,35.47476972
2,313_CC_1,1,355.0,33.75273126
2,315_STEAM_1,1,12.0,124.0996554
2,315_STEAM_2,1,12.0,124.0996554
2,315_STEAM_3,1,12.0,124.0996554
2,315_STEAM_4,1,12.0,124.0996554
2,315_STEAM_5,1,12.0,124.0996554
2,315_CT_6,1,55.0,31.8557679
2,315_CT_7,1,55.0,31.8557679
2,315_CT_8,1,55.0,31.8557679
2,316_STEAM_1,1,155.0,27.274698980000004
2,318_CC_1,1,355.0,31.52924142
2,321_CC_1,1,355.0,33.94709226
2,322_CT_5,1,55.0,27.89469072
2,322_CT_6,1,55.0,27.89469072
2,323_CC_1,1,355.0,31.727489639999995
2,323_CC_2,1,355.0,31.727489639999995
2,322_HYDRO_1,1,26.337500000000002,0.0
2,322_HYDRO_2,1,26.337500000000002,0.0
2,322_HYDRO_3,1,26.337500000000002,0.0
2,322_HYDRO_4,1,26.337500000000002,0.0
2,320_PV_1,1,0.0,0.0
2,314_PV_1,1,0.0,0.0
2,314_PV_2,1,0.0,0.0
2,313_PV_1,1,0.0,0.0
2,314_PV_3,1,0.0,0.0
2,314_PV_4,1,0.0,0.0
2,313_PV_2,1,0.0,0.0
2,310_PV_1,1,0.0,0.0
2,324_PV_1,1,0.0,0.0
2,312_PV_1,1,0.0,0.0
2,310_PV_2,1,0.0,0.0
2,324_PV_2,1,0.0,0.0
2,324_PV_3,1,0.0,0.0
2,319_PV_1,1,0.0,0.0
2,308_RTPV_1,1,0.0,0.0
2,313_RTPV_1,1,0.0,0.0
2,313_RTPV_2,1,0.0,0.0
2,313_RTPV_3,1,0.0,0.0
2,313_RTPV_4,1,0.0,0.0
2,313_RTPV_5,1,0.0,0.0
2,313_RTPV_6,1,0.0,0.0
2,313_RTPV_7,1,0.0,0.0
2,313_RTPV_8,1,0.0,0.0
2,313_RTPV_9,1,0.0,0.0
2,313_RTPV_10,1,0.0,0.0
2,313_RTPV_11,1,0.0,0.0
2,313_RTPV_12,1,0.0,0.0
2,320_RTPV_1,1,0.0,0.0
2,320_RTPV_2,1,0.0,0.0
2,320_RTPV_3,1,0.0,0.0
2,313_RTPV_13,1,0.0,0.0
2,320_RTPV_4,1,0.0,0.0
2,320_RTPV_5,1,0.0,0.0
2,320_RTPV_6,1,0.0,0.0
2,309_WIND_1,1,144.95833333333334,0.0
2,317_WIND_1,1,777.6166666666667,0.0
2,303_WIND_1,1,831.9000000000001,0.0
3,301_CT_1,1,20.0,105.36724140000001
3,301_CT_2,1,20.0,105.36724140000001
3,301_CT_3,1,55.0,43.74288666
3,301_CT_4,1,55.0,43.74288666
3,302_CT_1,1,20.0,105.36724140000001
3,302_CT_2,1,20.0,105.36724140000001
3,302_CT_3,1,55.0,38.63507958
3,302_CT_4,1,55.0,38.63507958
3,307_CT_1,1,55.0,35.47476972
3,307_CT_2,1,55.0,35.47476972
3,313_CC_1,1,355.0,33.75273126
3,315_STEAM_1,1,12.0,124.0996554
3,315_STEAM_2,1,12.0,124.0996554
3,315_STEAM_3,1,12.0,124.0996554
3,315_STEAM_4,1,12.0,124.0996554
3,315_STEAM_5,1,12.0,124.0996554
3,315_CT_6,1,55.0,31.8557679
3,315_CT_7,1,55.0,31.8557679
3,315_CT_8,1,55.0,31.8557679
3,316_STEAM_1,1,155.0,27.274698980000004
3,318_CC_1,1,355.0,31.52924142
3,321_CC_1,1,355.0,33.94709226
3,322_CT_5,1,55.0,27.89469072
3,322_CT_6,1,55.0,27.89469072
3,323_CC_1,1,355.0,31.727489639999995
3,323_CC_2,1,355.0,31.727489639999995
3,322_HYDRO_1,1,26.433333333333334,0.0
3,322_HYDRO_2,1,26.433333333333334,0.0
3,322_HYDRO_3,1,26.433333333333334,0.0
3,322_HYDRO_4,1,26.433333333333334,0.0
3,320_PV_1,1,0.0,0.0
3,314_PV_1,1,0.0,0.0
3,314_PV_2,1,0.0,0.0
3,313_PV_1,1,0.0,0.0
3,314_PV_3,1,0.0,0.0
3,314_PV_4,1,0.0,0.0
3,313_PV_2,1,0.0,0.0
3,310_PV_1,1,0.0,0.0
3,324_PV_1,1,0.0,0.0
3,312_PV_1,1,0.0,0.0
3,310_PV_2,1,0.0,0.0
3,324_PV_2,1,0.0,0.0
3,324_PV_3,1,0.0,0.0
3,319_PV_1,1,0.0,0.0
3,308_RTPV_1,1,0.0,0.0
3,313_RTPV_1,1,0.0,0.0
3,313_RTPV_2,1,0.0,0.0
3,313_RTPV_3,1,0.0,0.0
3,313_RTPV_4,1,0.0,0.0
3,313_RTPV_5,1,0.0,0.0
3,313_RTPV_6,1,0.0,0.0
3,313_RTPV_7,1,0.0,0.0
3,313_RTPV_8,1,0.0,0.0
3,313_RTPV_9,1,0.0,0.0
3,313_RTPV_10,1,0.0,0.0
3,313_RTPV_11,1,0.0,0.0
3,313_RTPV_12,1,0.0,0.0
3,320_RTPV_1,1,0.0,0.0
3,320_RTPV_2,1,0.0,0.0
3,320_RTPV_3,1,0.0,0.0
3,313_RTPV_13,1,0.0,0.0
3,320_RTPV_4,1,0.0,0.0
3,320_RTPV_5,1,0.0,0.0
3,320_RTPV_6,1,0.0,0.0
3,309_WIND_1,1,146.275,0.0
3,317_WIND_1,1,786.1083333333335,0.0
3,303_WIND_1,1,816.6583333333332,0.0
4,301_CT_1,1,20.0,105.36724140000001
4,301_CT_2,1,20.0,105.36724140000001
4,301_CT_3,1,55.0,43.74288666
4,301_CT_4,1,55.0,43.74288666
4,302_CT_1,1,20.0,105.36724140000001
4,302_CT_2,1,20.0,105.36724140000001
4,302_CT_3,1,55.0,38.63507958
4,302_CT_4,1,55.0,38.63507958
4,307_CT_1,1,55.0,35.47476972
4,307_CT_2,1,55.0,35.47476972
4,313_CC_1,1,355.0,33.75273126
4,315_STEAM_1,1,12.0,124.0996554
4,315_STEAM_2,1,12.0,124.0996554
4,315_STEAM_3,1,12.0,124.0996554
4,315_STEAM_4,1,12.0,124.0996554
4,315_STEAM_5,1,12.0,124.0996554
4,315_CT_6,1,55.0,31.8557679
4,315_CT_7,1,55.0,31.8557679
4,315_CT_8,1,55.0,31.8557679
4,316_STEAM_1,1,155.0,27.274698980000004
4,318_CC_1,1,355.0,31.52924142
4,321_CC_1,1,355.0,33.94709226
4,322_CT_5,1,55.0,27.89469072
4,322_CT_6,1,55.0,27.89469072
4,323_CC_1,1,355.0,31.727489639999995
4,323_CC_2,1,355.0,31.727489639999995
4,322_HYDRO_1,1,19.09166666666667,0.0
4,322_HYDRO_2,1,19.09166666666667,0.0
4,322_HYDRO_3,1,19.09166666666667,0.0
4,322_HYDRO_4,1,19.09166666666667,0.0
4,320_PV_1,1,0.0,0.0
4,314_PV_1,1,0.0,0.0
4,314_PV_2,1,0.0,0.0
4,313_PV_1,1,0.0,0.0
4,314_PV_3,1,0.0,0.0
4,314_PV_4,1,0.0,0.0
4,313_PV_2,1,0.0,0.0
4,310_PV_1,1,0.0,0.0
4,324_PV_1,1,0.0,0.0
4,312_PV_1,1,0.0,0.0
4,310_PV_2,1,0.0,0.0
4,324_PV_2,1,0.0,0.0
4,324_PV_3,1,0.0,0.0
4,319_PV_1,1,0.0,0.0
4,308_RTPV_1,1,0.0,0.0
4,313_RTPV_1,1,0.0,0.0
4,313_RTPV_2,1,0.0,0.0
4,313_RTPV_3,1,0.0,0.0
4,313_RTPV_4,1,0.0,0.0
4,313_RTPV_5,1,0.0,0.0
4,313_RTPV_6,1,0.0,0.0
4,313_RTPV_7,1,0.0,0.0
4,313_RTPV_8,1,0.0,0.0
4,313_RTPV_9,1,0.0,0.0
4,313_RTPV_10,1,0.0,0.0
4,313_RTPV_11,1,0.0,0.0
4,313_RTPV_12,1,0.0,0.0
4,320_RTPV_1,1,0.0,0.0
4,320_RTPV_2,1,0.0,0.0
4,320_RTPV_3,1,0.0,0.0
4,313_RTPV_13,1,0.0,0.0
4,320_RTPV_4,1,0.0,0.0
4,320_RTPV_5,1,0.0,0.0
4,320_RTPV_6,1,0.0,0.0
4,309_WIND_1,1,144.83333333333334,0.0
4,317_WIND_1,1,783.8000000000001,0.0
4,303_WIND_1,1,824.725,0.0
5,301_CT_1,1,20.0,105.36724140000001
5,301_CT_2,1,20.0,105.36724140000001
5,301_CT_3,1,55.0,43.74288666
5,301_CT_4,1,55.0,43.74288666
5,302_CT_1,1,20.0,105.36724140000001
5,302_CT_2,1,20.0,105.36724140000001
5,302_CT_3,1,55.0,38.63507958
5,302_CT_4,1,55.0,38.63507958
5,307_CT_1,1,55.0,35.47476972
5,307_CT_2,1,55.0,35.47476972
5,313_CC_1,1,355.0,33.75273126
5,315_STEAM_1,1,12.0,124.0996554
5,315_STEAM_2,1,12.0,124.0996554
5,315_STEAM_3,1,12.0,124.0996554
5,315_STEAM_4,1,12.0,124.0996554
5,315_STEAM_5,1,12.0,124.0996554
5,315_CT_6,1,55.0,31.8557679
5,315_CT_7,1,55.0,31.8557679
5,315_CT_8,1,55.0,31.8557679
5,316_STEAM_1,1,155.0,27.274698980000004
5,318_CC_1,1,355.0,31.52924142
5,321_CC_1,1,355.0,33.94709226
5,322_CT_5,1,55.0,27.89469072
5,322_CT_6,1,55.0,27.89469072
5,323_CC_1,1,355.0,31.727489639999995
5,323_CC_2,1,355.0,31.727489639999995
5,322_HYDRO_1,1,13.5,0.0
5,322_HYDRO_2,1,13.5,0.0
5,322_HYDRO_3,1,13.5,0.0
5,322_HYDRO_4,1,13.5,0.0
5,320_PV_1,1,0.0,0.0
5,314_PV_1,1,0.0,0.0
5,314_PV_2,1,0.0,0.0
5,313_PV_1,1,0.0,0.0
5,314_PV_3,1,0.0,0.0
5,314_PV_4,1,0.0,0.0
5,313_PV_2,1,0.0,0.0
5,310_PV_1,1,0.0,0.0
5,324_PV_1,1,0.0,0.0
5,312_PV_1,1,0.0,0.0
5,310_PV_2,1,0.0,0.0
5,324_PV_2,1,0.0,0.0
5,324_PV_3,1,0.0,0.0
5,319_PV_1,1,0.0,0.0
5,308_RTPV_1,1,0.0,0.0
5,313_RTPV_1,1,0.0,0.0
5,313_RTPV_2,1,0.0,0.0
5,313_RTPV_3,1,0.0,0.0
5,313_RTPV_4,1,0.0,0.0
5,313_RTPV_5,1,0.0,0.0
5,313_RTPV_6,1,0.0,0.0
5,313_RTPV_7,1,0.0,0.0
5,313_RTPV_8,1,0.0,0.0
5,313_RTPV_9,1,0.0,0.0
5,313_RTPV_10,1,0.0,0.0
5,313_RTPV_11,1,0.0,0.0
5,313_RTPV_12,1,0.0,0.0
5,320_RTPV_1,1,0.0,0.0
5,320_RTPV_2,1,0.0,0.0
5,320_RTPV_3,1,0.0,0.0
5,313_RTPV_13,1,0.0,0.0
5,320_RTPV_4,1,0.0,0.0
5,320_RTPV_5,1,0.0,0.0
5,320_RTPV_6,1,0.0,0.0
5,309_WIND_1,1,145.70833333333334,0.0
5,317_WIND_1,1,786.2916666666666,0.0
5,303_WIND_1,1,826.2583333333333,0.0
6,301_CT_1,1,20.0,105.36724140000001
6,301_CT_2,1,20.0,105.36724140000001
6,301_CT_3,1,55.0,43.74288666
6,301_CT_4,1,55.0,43.74288666
6,302_CT_1,1,20.0,105.36724140000001
6,302_CT_2,1,20.0,105.36724140000001
6,302_CT_3,1,55.0,38.63507958
6,302_CT_4,1,55.0,38.63507958
6,307_CT_1,1,55.0,35.47476972
6,307_CT_2,1,55.0,35.47476972
6,313_CC_1,1,355.0,33.75273126
6,315_STEAM_1,1,12.0,124.0996554
6,315_STEAM_2,1,12.0,124.0996554
6,315_STEAM_3,1,12.0,124.0996554
6,315_STEAM_4,1,12.0,124.0996554
6,315_STEAM_5,1,12.0,124.0996554
6,315_CT_6,1,55.0,31.8557679
6,315_CT_7,1,55.0,31.8557679
6,315_CT_8,1,55.0,31.8557679
6,316_STEAM_1,1,155.0,27.274698980000004
6,318_CC_1,1,355.0,31.52924142
6,321_CC_1,1,355.0,33.94709226
6,322_CT_5,1,55.0,27.89469072
6,322_CT_6,1,55.0,27.89469072
6,323_CC_1,1,355.0,31.727489639999995
6,323_CC_2,1,355.0,31.727489639999995
6,322_HYDRO_1,1,13.5,0.0
6,322_HYDRO_2,1,13.5,0.0
6,322_HYDRO_3,1,13.5,0.0
6,322_HYDRO_4,1,13.5,0.0
6,320_PV_1,1,0.0,0.0
6,314_PV_1,1,0.0,0.0
6,314_PV_2,1,0.0,0.0
6,313_PV_1,1,0.0,0.0
6,314_PV_3,1,0.0,0.0
6,314_PV_4,1,0.0,0.0
6,313_PV_2,1,0.0,0.0
6,310_PV_1,1,0.0,0.0
6,324_PV_1,1,0.0,0.0
6,312_PV_1,1,0.0,0.0
6,310_PV_2,1,0.0,0.0
6,324_PV_2,1,0.0,0.0
6,324_PV_3,1,0.0,0.0
6,319_PV_1,1,0.0,0.0
6,308_RTPV_1,1,0.0,0.0
6,313_RTPV_1,1,0.0,0.0
6,313_RTPV_2,1,0.0,0.0
6,313_RTPV_3,1,0.0,0.0
6,313_RTPV_4,1,0.0,0.0
6,313_RTPV_5,1,0.0,0.0
6,313_RTPV_6,1,0.0,0.0
6,313_RTPV_7,1,0.0,0.0
6,313_RTPV_8,1,0.0,0.0
6,313_RTPV_9,1,0.0,0.0
6,313_RTPV_10,1,0.0,0.0
6,313_RTPV_11,1,0.0,0.0
6,313_RTPV_12,1,0.0,0.0
6,320_RTPV_1,1,0.0,0.0
6,320_RTPV_2,1,0.0,0.0
6,320_RTPV_3,1,0.0,0.0
6,313_RTPV_13,1,0.0,0.0
6,320_RTPV_4,1,0.0,0.0
6,320_RTPV_5,1,0.0,0.0
6,320_RTPV_6,1,0.0,0.0
6,309_WIND_1,1,146.64166666666668,0.0
6,317_WIND_1,1,782.8416666666667,0.0
6,303_WIND_1,1,828.6916666666666,0.0
7,301_CT_1,1,20.0,105.36724140000001
7,301_CT_2,1,20.0,105.36724140000001
7,301_CT_3,1,55.0,43.74288666
7,301_CT_4,1,55.0,43.74288666
7,302_CT_1,1,20.0,105.36724140000001
7,302_CT_2,1,20.0,105.36724140000001
7,302_CT_3,1,55.0,38.63507958
7,302_CT_4,1,55.0,38.63507958
7,307_CT_1,1,55.0,35.47476972
7,307_CT_2,1,55.0,35.47476972
7,313_CC_1,1,355.0,33.75273126
7,315_STEAM_1,1,12.0,124.0996554
7,315_STEAM_2,1,12.0,124.0996554
7,315_STEAM_3,1,12.0,124.0996554
7,315_STEAM_4,1,12.0,124.0996554
7,315_STEAM_5,1,12.0,124.0996554
7,315_CT_6,1,55.0,31.8557679
7,315_CT_7,1,55.0,31.8557679
7,315_CT_8,1,55.0,31.8557679
7,316_STEAM_1,1,155.0,27.274698980000004
7,318_CC_1,1,355.0,31.52924142
7,321_CC_1,1,355.0,33.94709226
7,322_CT_5,1,55.0,27.89469072
7,322_CT_6,1,55.0,27.89469072
7,323_CC_1,1,355.0,31.727489639999995
7,323_CC_2,1,355.0,31.727489639999995
7,322_HYDRO_1,1,18.645833333333332,0.0
7,322_HYDRO_2,1,18.645833333333332,0.0
7,322_HYDRO_3,1,18.645833333333332,0.0
7,322_HYDRO_4,1,18.645833333333332,0.0
7,320_PV_1,1,0.0,0.0
7,314_PV_1,1,0.0,0.0
7,314_PV_2,1,0.0,0.0
7,313_PV_1,1,0.0,0.0
7,314_PV_3,1,0.0,0.0
7,314_PV_4,1,0.0,0.0
7,313_PV_2,1,0.0,0.0
7,310_PV_1,1,0.0,0.0
7,324_PV_1,1,0.0,0.0
7,312_PV_1,1,0.0,0.0
7,310_PV_2,1,0.0,0.0
7,324_PV_2,1,0.0,0.0
7,324_PV_3,1,0.0,0.0
7,319_PV_1,1,0.0,0.0
7,308_RTPV_1,1,0.0,0.0
7,313_RTPV_1,1,0.0,0.0
7,313_RTPV_2,1,0.0,0.0
7,313_RTPV_3,1,0.0,0.0
7,313_RTPV_4,1,0.0,0.0
7,313_RTPV_5,1,0.0,0.0
7,313_RTPV_6,1,0.0,0.0
7,313_RTPV_7,1,0.0,0.0
7,313_RTPV_8,1,0.0,0.0
7,313_RTPV_9,1,0.0,0.0
7,313_RTPV_10,1,0.0,0.0
7,313_RTPV_11,1,0.0,0.0
7,313_RTPV_12,1,0.0,0.0
7,320_RTPV_1,1,0.0,0.0
7,320_RTPV_2,1,0.0,0.0
7,320_RTPV_3,1,0.0,0.0
7,313_RTPV_13,1,0.0,0.0
7,320_RTPV_4,1,0.0,0.0
7,320_RTPV_5,1,0.0,0.0
7,320_RTPV_6,1,0.0,0.0
7,309_WIND_1,1,145.66666666666669,0.0
7,317_WIND_1,1,785.5250000000001,0.0
7,303_WIND_1,1,825.6166666666664,0.0
8,301_CT_1,1,20.0,105.36724140000001
8,301_CT_2,1,20.0,105.36724140000001
8,301_CT_3,1,55.0,43.74288666
8,301_CT_4,1,55.0,43.74288666
8,302_CT_1,1,20.0,105.36724140000001
8,302_CT_2,1,20.0,105.36724140000001
8,302_CT_3,1,55.0,38.63507958
8,302_CT_4,1,55.0,38.63507958
8,307_CT_1,1,55.0,35.47476972
8,307_CT_2,1,55.0,35.47476972
8,313_CC_1,1,355.0,33.75273126
8,315_STEAM_1,1,12.0,124.0996554
8,315_STEAM_2,1,12.0,124.0996554
8,315_STEAM_3,1,12.0,124.0996554
8,315_STEAM_4,1,12.0,124.0996554
8,315_STEAM_5,1,12.0,124.0996554
8,315_CT_6,1,55.0,31.8557679
8,315_CT_7,1,55.0,31.8557679
8,315_CT_8,1,55.0,31.8557679
8,316_STEAM_1,1,155.0,27.274698980000004
8,318_CC_1,1,355.0,31.52924142
8,321_CC_1,1,355.0,33.94709226
8,322_CT_5,1,55.0,27.89469072
8,322_CT_6,1,55.0,27.89469072
8,323_CC_1,1,355.0,31.727489639999995
8,323_CC_2,1,355.0,31.727489639999995
8,322_HYDRO_1,1,20.183333333333337,0.0
8,322_HYDRO_2,1,20.183333333333337,0.0
8,322_HYDRO_3,1,20.183333333333337,0.0
8,322_HYDRO_4,1,20.183333333333337,0.0
8,320_PV_1,1,0.0,0.0
8,314_PV_1,1,0.0,0.0
8,314_PV_2,1,0.0,0.0
8,313_PV_1,1,0.0,0.0
8,314_PV_3,1,0.0,0.0
8,314_PV_4,1,0.0,0.0
8,313_PV_2,1,0.0,0.0
8,310_PV_1,1,0.0,0.0
8,324_PV_1,1,0.0,0.0
8,312_PV_1,1,0.0,0.0
8,310_PV_2,1,0.0,0.0
8,324_PV_2,1,0.0,0.0
8,324_PV_3,1,0.0,0.0
8,319_PV_1,1,0.0,0.0
8,308_RTPV_1,1,0.0,0.0
8,313_RTPV_1,1,0.0,0.0
8,313_RTPV_2,1,0.0,0.0
8,313_RTPV_3,1,0.0,0.0
8,313_RTPV_4,1,0.0,0.0
8,313_RTPV_5,1,0.0,0.0
8,313_RTPV_6,1,0.0,0.0
8,313_RTPV_7,1,0.0,0.0
8,313_RTPV_8,1,0.0,0.0
8,313_RTPV_9,1,0.0,0.0
8,313_RTPV_10,1,0.0,0.0
8,313_RTPV_11,1,0.0,0.0
8,313_RTPV_12,1,0.0,0.0
8,320_RTPV_1,1,0.0,0.0
8,320_RTPV_2,1,0.0,0.0
8,320_RTPV_3,1,0.0,0.0
8,313_RTPV_13,1,0.0,0.0
8,320_RTPV_4,1,0.0,0.0
8,320_RTPV_5,1,0.0,0.0
8,320_RTPV_6,1,0.0,0.0
8,309_WIND_1,1,146.15,0.0
8,317_WIND_1,1,785.3166666666666,0.0
8,303_WIND_1,1,793.0916666666667,0.0
9,301_CT_1,1,20.0,105.36724140000001
9,301_CT_2,1,20.0,105.36724140000001
9,301_CT_3,1,55.0,43.74288666
9,301_CT_4,1,55.0,43.74288666
9,302_CT_1,1,20.0,105.36724140000001
9,302_CT_2,1,20.0,105.36724140000001
9,302_CT_3,1,55.0,38.63507958
9,302_CT_4,1,55.0,38.63507958
9,307_CT_1,1,55.0,35.47476972
9,307_CT_2,1,55.0,35.47476972
9,313_CC_1,1,355.0,33.75273126
9,315_STEAM_1,1,12.0,124.0996554
9,315_STEAM_2,1,12.0,124.0996554
9,315_STEAM_3,1,12.0,124.0996554
9,315_STEAM_4,1,12.0,124.0996554
9,315_STEAM_5,1,12.0,124.0996554
9,315_CT_6,1,55.0,31.8557679
9,315_CT_7,1,55.0,31.8557679
9,315_CT_8,1,55.0,31.8557679
9,316_STEAM_1,1,155.0,27.274698980000004
9,318_CC_1,1,355.0,31.52924142
9,321_CC_1,1,355.0,33.94709226
9,322_CT_5,1,55.0,27.89469072
9,322_CT_6,1,55.0,27.89469072
9,323_CC_1,1,355.0,31.727489639999995
9,323_CC_2,1,355.0,31.727489639999995
9,322_HYDRO_1,1,14.550000000000002,0.0
9,322_HYDRO_2,1,14.550000000000002,0.0
9,322_HYDRO_3,1,14.550000000000002,0.0
9,322_HYDRO_4,1,14.550000000000002,0.0
9,320_PV_1,1,0.0,0.0
9,314_PV_1,1,0.0,0.0
9,314_PV_2,1,0.0,0.0
9,313_PV_1,1,0.0,0.0
9,314_PV_3,1,0.0,0.0
9,314_PV_4,1,0.0,0.0
9,313_PV_2,1,0.0,0.0
9,310_PV_1,1,0.0,0.0
9,324_PV_1,1,0.0,0.0
9,312_PV_1,1,0.0,0.0
9,310_PV_2,1,0.0,0.0
9,324_PV_2,1,0.0,0.0
9,324_PV_3,1,0.0,0.0
9,319_PV_1,1,0.0,0.0
9,308_RTPV_1,1,0.0,0.0
9,313_RTPV_1,1,0.0,0.0
9,313_RTPV_2,1,0.0,0.0
9,313_RTPV_3,1,0.0,0.0
9,313_RTPV_4,1,0.0,0.0
9,313_RTPV_5,1,0.0,0.0
9,313_RTPV_6,1,0.0,0.0
9,313_RTPV_7,1,0.0,0.0
9,313_RTPV_8,1,0.0,0.0
9,313_RTPV_9,1,0.0,0.0
9,313_RTPV_10,1,0.0,0.0
9,313_RTPV_11,1,0.0,0.0
9,313_RTPV_12,1,0.0,0.0
9,320_RTPV_1,1,0.0,0.0
9,320_RTPV_2,1,0.0,0.0
9,320_RTPV_3,1,0.0,0.0
9,313_RTPV_13,1,0.0,0.0
9,320_RTPV_4,1,0.0,0.0
9,320_RTPV_5,1,0.0,0.0
9,320_RTPV_6,1,0.0,0.0
9,309_WIND_1,1,145.90833333333333,0.0
9,317_WIND_1,1,786.9166666666666,0.0
9,303_WIND_1,1,741.0833333333331,0.0
10,301_CT_1,1,20.0,105.36724140000001
10,301_CT_2,1,20.0,105.36724140000001
10,301_CT_3,1,55.0,43.74288666
10,301_CT_4,1,55.0,43.74288666
10,302_CT_1,1,20.0,105.36724140000001
10,302_CT_2,1,20.0,105.36724140000001
10,302_CT_3,1,55.0,38.63507958
10,302_CT_4,1,55.0,38.63507958
10,307_CT_1,1,55.0,35.47476972
10,307_CT_2,1,55.0,35.47476972
10,313_CC_1,1,355.0,33.75273126
10,315_STEAM_1,1,12.0,124.0996554
10,315_STEAM_2,1,12.0,124.0996554
10,315_STEAM_3,1,12.0,124.0996554
10,315_STEAM_4,1,12.0,124.0996554
10,315_STEAM_5,1,12.0,124.0996554
10,315_CT_6,1,55.0,31.8557679
10,315_CT_7,1,55.0,31.8557679
10,315_CT_8,1,55.0,31.8557679
10,316_STEAM_1,1,155.0,27.274698980000004
10,318_CC_1,1,355.0,31.52924142
10,321_CC_1,1,355.0,33.94709226
10,322_CT_5,1,55.0,27.89469072
10,322_CT_6,1,55.0,27.89469072
10,323_CC_1,1,355.0,31.727489639999995
10,323_CC_2,1,355.0,31.727489639999995
10,322_HYDRO_1,1,11.637500000000001,0.0
10,322_HYDRO_2,1,11.637500000000001,0.0
10,322_HYDRO_3,1,11.637500000000001,0.0
10,322_HYDRO_4,1,11.637500000000001,0.0
10,320_PV_1,1,0.0,0.0
10,314_PV_1,1,0.0,0.0
10,314_PV_2,1,0.0,0.0
10,313_PV_1,1,0.0,0.0
10,314_PV_3,1,0.0,0.0
10,314_PV_4,1,0.0,0.0
10,313_PV_2,1,0.0,0.0
10,310_PV_1,1,0.0,0.0
10,324_PV_1,1,0.0,0.0
10,312_PV_1,1,0.0,0.0
10,310_PV_2,1,0.0,0.0
10,324_PV_2,1,0.0,0.0
10,324_PV_3,1,0.0,0.0
10,319_PV_1,1,0.0,0.0
10,308_RTPV_1,1,0.0,0.0
10,313_RTPV_1,1,0.0,0.0
10,313_RTPV_2,1,0.0,0.0
10,313_RTPV_3,1,0.0,0.0
10,313_RTPV_4,1,0.0,0.0
10,313_RTPV_5,1,0.0,0.0
10,313_RTPV_6,1,0.0,0.0
10,313_RTPV_7,1,0.0,0.0
10,313_RTPV_8,1,0.0,0.0
10,313_RTPV_9,1,0.0,0.0
10,313_RTPV_10,1,0.0,0.0
10,313_RTPV_11,1,0.0,0.0
10,313_RTPV_12,1,0.0,0.0
10,320_RTPV_1,1,0.0,0.0
10,320_RTPV_2,1,0.0,0.0
10,320_RTPV_3,1,0.0,0.0
10,313_RTPV_13,1,0.0,0.0
10,320_RTPV_4,1,0.0,0.0
10,320_RTPV_5,1,0.0,0.0
10,320_RTPV_6,1,0.0,0.0
10,309_WIND_1,1,146.3,0.0
10,317_WIND_1,1,784.4666666666667,0.0
10,303_WIND_1,1,573.6083333333332,0.0
11,301_CT_1,1,20.0,105.36724140000001
11,301_CT_2,1,20.0,105.36724140000001
11,301_CT_3,1,55.0,43.74288666
11,301_CT_4,1,55.0,43.74288666
11,302_CT_1,1,20.0,105.36724140000001
11,302_CT_2,1,20.0,105.36724140000001
11,302_CT_3,1,55.0,38.63507958
11,302_CT_4,1,55.0,38.63507958
11,307_CT_1,1,55.0,35.47476972
11,307_CT_2,1,55.0,35.47476972
11,313_CC_1,1,355.0,33.75273126
11,315_STEAM_1,1,12.0,124.0996554
11,315_STEAM_2,1,12.0,124.0996554
11,315_STEAM_3,1,12.0,124.0996554
11,315_STEAM_4,1,12.0,124.0996554
11,315_STEAM_5,1,12.0,124.0996554
11,315_CT_6,1,55.0,31.8557679
11,315_CT_7,1,55.0,31.8557679
11,315_CT_8,1,55.0,31.8557679
11,316_STEAM_1,1,155.0,27.274698980000004
11,318_CC_1,1,355.0,31.52924142
11,321_CC_1,1,355.0,33.94709226
11,322_CT_5,1,55.0,27.89469072
11,322_CT_6,1,55.0,27.89469072
11,323_CC_1,1,355.0,31.727489639999995
11,323_CC_2,1,355.0,31.727489639999995
11,322_HYDRO_1,1,13.9375,0.0
11,322_HYDRO_2,1,13.9375,0.0
11,322_HYDRO_3,1,13.9375,0.0
11,322_HYDRO_4,1,13.9375,0.0
11,320_PV_1,1,0.0,0.0
11,314_PV_1,1,0.0,0.0
11,314_PV_2,1,0.0,0.0
11,313_PV_1,1,0.0,0.0
11,314_PV_3,1,0.0,0.0
11,314_PV_4,1,0.0,0.0
11,313_PV_2,1,0.0,0.0
11,310_PV_1,1,0.0,0.0
11,324_PV_1,1,0.0,0.0
11,312_PV_1,1,0.0,0.0
11,310_PV_2,1,0.0,0.0
11,324_PV_2,1,0.0,0.0
11,324_PV_3,1,0.0,0.0
11,319_PV_1,1,0.0,0.0
11,308_RTPV_1,1,0.0,0.0
11,313_RTPV_1,1,0.0,0.0
11,313_RTPV_2,1,0.0,0.0
11,313_RTPV_3,1,0.0,0.0
11,313_RTPV_4,1,0.0,0.0
11,313_RTPV_5,1,0.0,0.0
11,313_RTPV_6,1,0.0,0.0
11,313_RTPV_7,1,0.0,0.0
11,313_RTPV_8,1,0.0,0.0
11,313_RTPV_9,1,0.0,0.0
11,313_RTPV_10,1,0.0,0.0
11,313_RTPV_11,1,0.0,0.0
11,313_RTPV_12,1,0.0,0.0
11,320_RTPV_1,1,0.0,0.0
11,320_RTPV_2,1,0.0,0.0
11,320_RTPV_3,1,0.0,0.0
11,313_RTPV_13,1,0.0,0.0
11,320_RTPV_4,1,0.0,0.0
11,320_RTPV_5,1,0.0,0.0
11,320_RTPV_6,1,0.0,0.0
11,309_WIND_1,1,145.8166666666667,0.0
11,317_WIND_1,1,782.725,0.0
11,303_WIND_1,1,614.8833333333333,0.0
12,301_CT_1,1,20.0,105.36724140000001
12,301_CT_2,1,20.0,105.36724140000001
12,301_CT_3,1,55.0,43.74288666
12,301_CT_4,1,55.0,43.74288666
12,302_CT_1,1,20.0,105.36724140000001
12,302_CT_2,1,20.0,105.36724140000001
12,302_CT_3,1,55.0,38.63507958
12,302_CT_4,1,55.0,38.63507958
12,307_CT_1,1,55.0,35.47476972
12,307_CT_2,1,55.0,35.47476972
12,313_CC_1,1,355.0,33.75273126
12,315_STEAM_1,1,12.0,124.0996554
12,315_STEAM_2,1,12.0,124.0996554
12,315_STEAM_3,1,12.0,124.0996554
12,315_STEAM_4,1,12.0,124.0996554
12,315_STEAM_5,1,12.0,124.0996554
12,315_CT_6,1,55.0,31.8557679
12,315_CT_7,1,55.0,31.8557679
12,315_CT_8,1,55.0,31.8557679
12,316_STEAM_1,1,155.0,27.274698980000004
12,318_CC_1,1,355.0,31.52924142
12,321_CC_1,1,355.0,33.94709226
12,322_CT_5,1,55.0,27.89469072
12,322_CT_6,1,55.0,27.89469072
12,323_CC_1,1,355.0,31.727489639999995
12,323_CC_2,1,355.0,31.727489639999995
12,322_HYDRO_1,1,16.65,0.0
12,322_HYDRO_2,1,16.65,0.0
12,322_HYDRO_3,1,16.65,0.0
12,322_HYDRO_4,1,16.65,0.0
12,320_PV_1,1,9.133333333333333,0.0
12,314_PV_1,1,18.691666666666666,0.0
12,314_PV_2,1,9.158333333333333,0.0
12,313_PV_1,1,8.575000000000001,0.0
12,314_PV_3,1,22.416666666666668,0.0
12,314_PV_4,1,10.033333333333333,0.0
12,313_PV_2,1,21.983333333333334,0.0
12,310_PV_1,1,9.641666666666667,0.0
12,324_PV_1,1,16.283333333333335,0.0
12,312_PV_1,1,14.500000000000002,0.0
12,310_PV_2,1,8.924999999999999,0.0
12,324_PV_2,1,9.758333333333335,0.0
12,324_PV_3,1,10.766666666666667,0.0
12,319_PV_1,1,63.925000000000004,0.0
12,308_RTPV_1,1,5.216666666666667,0.0
12,313_RTPV_1,1,2.6750000000000003,0.0
12,313_RTPV_2,1,1.6166666666666665,0.0
12,313_RTPV_3,1,1.2416666666666665,0.0
12,313_RTPV_4,1,4.058333333333334,0.0
12,313_RTPV_5,1,1.7249999999999999,0.0
12,313_RTPV_6,1,0.85,0.0
12,313_RTPV_7,1,2.5416666666666665,0.0
12,313_RTPV_8,1,1.6416666666666666,0.0
12,313_RTPV_9,1,3.858333333333333,0.0
12,313_RTPV_10,1,0.08333333333333333,0.0
12,313_RTPV_11,1,5.5,0.0
12,313_RTPV_12,1,1.4833333333333334,0.0
12,320_RTPV_1,1,2.125,0.0
12,320_RTPV_2,1,2.4000000000000004,0.0
12,320_RTPV_3,1,2.733333333333334,0.0
12,313_RTPV_13,1,2.1666666666666665,0.0
12,320_RTPV_4,1,1.3166666666666667,0.0
12,320_RTPV_5,1,2.033333333333333,0.0
12,320_RTPV_6,1,0.8916666666666666,0.0
12,309_WIND_1,1,146.8,0.0
12,317_WIND_1,1,778.9416666666666,0.0
12,303_WIND_1,1,600.8416666666667,0.0
13,301_CT_1,1,20.0,105.36724140000001
13,301_CT_2,1,20.0,105.36724140000001
13,301_CT_3,1,55.0,43.74288666
13,301_CT_4,1,55.0,43.74288666
13,302_CT_1,1,20.0,105.36724140000001
13,302_CT_2,1,20.0,105.36724140000001
13,302_CT_3,1,55.0,38.63507958
13,302_CT_4,1,55.0,38.63507958
13,307_CT_1,1,55.0,35.47476972
13,307_CT_2,1,55.0,35.47476972
13,313_CC_1,1,355.0,33.75273126
13,315_STEAM_1,1,12.0,124.0996554
13,315_STEAM_2,1,12.0,124.0996554
13,315_STEAM_3,1,12.0,124.0996554
13,315_STEAM_4,1,12.0,124.0996554
13,315_STEAM_5,1,12.0,124.0996554
13,315_CT_6,1,55.0,31.8557679
13,315_CT_7,1,55.0,31.8557679
13,315_CT_8,1,55.0,31.8557679
13,316_STEAM_1,1,155.0,27.274698980000004
13,318_CC_1,1,355.0,31.52924142
13,321_CC_1,1,355.0,33.94709226
13,322_CT_5,1,55.0,27.89469072
13,322_CT_6,1,55.0,27.89469072
13,323_CC_1,1,355.0,31.727489639999995
13,323_CC_2,1,355.0,31.727489639999995
13,322_HYDRO_1,1,22.454166666666666,0.0
13,322_HYDRO_2,1,22.454166666666666,0.0
13,322_HYDRO_3,1,22.454166666666666,0.0
13,322_HYDRO_4,1,22.454166666666666,0.0
13,320_PV_1,1,31.650000000000006,0.0
13,314_PV_1,1,32.09166666666666,0.0
13,314_PV_2,1,30.54166666666667,0.0
13,313_PV_1,1,37.525000000000006,0.0
13,314_PV_3,1,48.166666666666664,0.0
13,314_PV_4,1,31.116666666666664,0.0
13,313_PV_2,1,50.5,0.0
13,310_PV_1,1,32.36666666666667,0.0
13,324_PV_1,1,32.14166666666667,0.0
13,312_PV_1,1,47.866666666666674,0.0
13,310_PV_2,1,31.516666666666666,0.0
13,324_PV_2,1,32.19166666666666,0.0
13,324_PV_3,1,31.875000000000004,0.0
13,319_PV_1,1,125.41666666666667,0.0
13,308_RTPV_1,1,28.36666666666667,0.0
13,313_RTPV_1,1,20.2,0.0
13,313_RTPV_2,1,15.800000000000002,0.0
13,313_RTPV_3,1,18.45,0.0
13,313_RTPV_4,1,16.475,0.0
13,313_RTPV_5,1,15.991666666666667,0.0
13,313_RTPV_6,1,19.15,0.0
13,313_RTPV_7,1,20.591666666666665,0.0
13,313_RTPV_8,1,19.008333333333333,0.0
13,313_RTPV_9,1,19.683333333333334,0.0
13,313_RTPV_10,1,14.866666666666667,0.0
13,313_RTPV_11,1,20.05833333333333,0.0
13,313_RTPV_12,1,7.341666666666668,0.0
13,320_RTPV_1,1,9.308333333333332,0.0
13,320_RTPV_2,1,10.066666666666666,0.0
13,320_RTPV_3,1,10.950000000000001,0.0
13,313_RTPV_13,1,9.45,0.0
13,320_RTPV_4,1,8.733333333333334,0.0
13,320_RTPV_5,1,7.858333333333333,0.0
13,320_RTPV_6,1,3.216666666666667,0.0
13,309_WIND_1,1,145.05833333333337,0.0
13,317_WIND_1,1,779.3333333333335,0.0
13,303_WIND_1,1,661.3250000000002,0.0
14,301_CT_1,1,20.0,105.36724140000001
14,301_CT_2,1,20.0,105.36724140000001
14,301_CT_3,1,55.0,43.74288666
14,301_CT_4,1,55.0,43.74288666
14,302_CT_1,1,20.0,105.36724140000001
14,302_CT_2,1,20.0,105.36724140000001
14,302_CT_3,1,55.0,38.63507958
14,302_CT_4,1,55.0,38.63507958
14,307_CT_1,1,55.0,35.47476972
14,307_CT_2,1,55.0,35.47476972
14,313_CC_1,1,355.0,33.75273126
14,315_STEAM_1,1,12.0,124.0996554
14,315_STEAM_2,1,12.0,124.0996554
14,315_STEAM_3,1,12.0,124.0996554
14,315_STEAM_4,1,12.0,124.0996554
14,315_STEAM_5,1,12.0,124.0996554
14,315_CT_6,1,55.0,31.8557679
14,315_CT_7,1,55.0,31.8557679
14,315_CT_8,1,55.0,31.8557679
14,316_STEAM_1,1,155.0,27.274698980000004
14,318_CC_1,1,355.0,31.52924142
14,321_CC_1,1,355.0,33.94709226
14,322_CT_5,1,55.0,27.89469072
14,322_CT_6,1,55.0,27.89469072
14,323_CC_1,1,355.0,31.727489639999995
14,323_CC_2,1,355.0,31.727489639999995
14,322_HYDRO_1,1,28.524999999999995,0.0
14,322_HYDRO_2,1,28.524999999999995,0.0
14,322_HYDRO_3,1,28.524999999999995,0.0
14,322_HYDRO_4,1,28.524999999999995,0.0
14,320_PV_1,1,34.575,0.0
14,314_PV_1,1,37.28333333333333,0.0
14,314_PV_2,1,34.60833333333333,0.0
14,313_PV_1,1,58.64166666666666,0.0
14,314_PV_3,1,63.08333333333332,0.0
14,314_PV_4,1,34.650000000000006,0.0
14,313_PV_2,1,57.616666666666674,0.0
14,310_PV_1,1,36.39166666666667,0.0
14,324_PV_1,1,37.233333333333334,0.0
14,312_PV_1,1,59.48333333333332,0.0
14,310_PV_2,1,34.30833333333333,0.0
14,324_PV_2,1,37.050000000000004,0.0
14,324_PV_3,1,37.31666666666667,0.0
14,319_PV_1,1,143.95000000000002,0.0
14,308_RTPV_1,1,37.24166666666667,0.0
14,313_RTPV_1,1,48.13333333333333,0.0
14,313_RTPV_2,1,31.958333333333332,0.0
14,313_RTPV_3,1,29.61666666666667,0.0
14,313_RTPV_4,1,13.924999999999999,0.0
14,313_RTPV_5,1,19.95,0.0
14,313_RTPV_6,1,32.85,0.0
14,313_RTPV_7,1,34.45833333333333,0.0
14,313_RTPV_8,1,32.6,0.0
14,313_RTPV_9,1,33.75833333333333,0.0
14,313_RTPV_10,1,33.50833333333333,0.0
14,313_RTPV_11,1,34.275,0.0
14,313_RTPV_12,1,14.499999999999998,0.0
14,320_RTPV_1,1,13.758333333333333,0.0
14,320_RTPV_2,1,15.233333333333333,0.0
14,320_RTPV_3,1,16.791666666666668,0.0
14,313_RTPV_13,1,14.716666666666667,0.0
14,320_RTPV_4,1,15.074999999999998,0.0
14,320_RTPV_5,1,11.408333333333333,0.0
14,320_RTPV_6,1,4.908333333333333,0.0
14,309_WIND_1,1,145.44166666666666,0.0
14,317_WIND_1,1,730.025,0.0
14,303_WIND_1,1,550.4250000000001,0.0
15,301_CT_1,1,20.0,105.36724140000001
15,301_CT_2,1,20.0,105.36724140000001
15,301_CT_3,1,55.0,43.74288666
15,301_CT_4,1,55.0,43.74288666
15,302_CT_1,1,20.0,105.36724140000001
15,302_CT_2,1,20.0,105.36724140000001
15,302_CT_3,1,55.0,38.63507958
15,302_CT_4,1,55.0,38.63507958
15,307_CT_1,1,55.0,35.47476972
15,307_CT_2,1,55.0,35.47476972
15,313_CC_1,1,355.0,33.75273126
15,315_STEAM_1,1,12.0,124.0996554
15,315_STEAM_2,1,12.0,124.0996554
15,315_STEAM_3,1,12.0,124.0996554
15,315_STEAM_4,1,12.0,124.0996554
15,315_STEAM_5,1,12.0,124.0996554
15,315_CT_6,1,55.0,31.8557679
15,315_CT_7,1,55.0,31.8557679
15,315_CT_8,1,55.0,31.8557679
15,316_STEAM_1,1,155.0,27.274698980000004
15,318_CC_1,1,355.0,31.52924142
15,321_CC_1,1,355.0,33.94709226
15,322_CT_5,1,55.0,27.89469072
15,322_CT_6,1,55.0,27.89469072
15,323_CC_1,1,355.0,31.727489639999995
15,323_CC_2,1,355.0,31.727489639999995
15,322_HYDRO_1,1,30.170833333333334,0.0
15,322_HYDRO_2,1,30.170833333333334,0.0
15,322_HYDRO_3,1,30.170833333333334,0.0
15,322_HYDRO_4,1,30.170833333333334,0.0
15,320_PV_1,1,33.76666666666667,0.0
15,314_PV_1,1,37.88333333333333,0.0
15,314_PV_2,1,35.05833333333333,0.0
15,313_PV_1,1,60.925000000000004,0.0
15,314_PV_3,1,68.44166666666668,0.0
15,314_PV_4,1,34.400000000000006,0.0
15,313_PV_2,1,67.025,0.0
15,310_PV_1,1,36.2,0.0
15,324_PV_1,1,37.46666666666666,0.0
15,312_PV_1,1,65.49999999999999,0.0
15,310_PV_2,1,33.666666666666664,0.0
15,324_PV_2,1,37.31666666666667,0.0
15,324_PV_3,1,37.98333333333334,0.0
15,319_PV_1,1,148.45000000000002,0.0
15,308_RTPV_1,1,51.375,0.0
15,313_RTPV_1,1,63.550000000000004,0.0
15,313_RTPV_2,1,28.525000000000002,0.0
15,313_RTPV_3,1,39.416666666666664,0.0
15,313_RTPV_4,1,28.13333333333334,0.0
15,313_RTPV_5,1,33.78333333333333,0.0
15,313_RTPV_6,1,38.425,0.0
15,313_RTPV_7,1,40.574999999999996,0.0
15,313_RTPV_8,1,43.34166666666667,0.0
15,313_RTPV_9,1,42.425000000000004,0.0
15,313_RTPV_10,1,43.49166666666667,0.0
15,313_RTPV_11,1,43.18333333333334,0.0
15,313_RTPV_12,1,18.21666666666667,0.0
15,320_RTPV_1,1,17.258333333333336,0.0
15,320_RTPV_2,1,17.591666666666665,0.0
15,320_RTPV_3,1,20.241666666666667,0.0
15,313_RTPV_13,1,18.225,0.0
15,320_RTPV_4,1,19.825,0.0
15,320_RTPV_5,1,19.325,0.0
15,320_RTPV_6,1,5.633333333333334,0.0
15,309_WIND_1,1,142.13333333333333,0.0
15,317_WIND_1,1,565.1083333333333,0.0
15,303_WIND_1,1,371.875,0.0
16,301_CT_1,1,20.0,105.36724140000001
16,301_CT_2,1,20.0,105.36724140000001
16,301_CT_3,1,55.0,43.74288666
16,301_CT_4,1,55.0,43.74288666
16,302_CT_1,1,20.0,105.36724140000001
16,302_CT_2,1,20.0,105.36724140000001
16,302_CT_3,1,55.0,38.63507958
16,302_CT_4,1,55.0,38.63507958
16,307_CT_1,1,55.0,35.47476972
16,307_CT_2,1,55.0,35.47476972
16,313_CC_1,1,355.0,33.75273126
16,315_STEAM_1,1,12.0,124.0996554
16,315_STEAM_2,1,12.0,124.0996554
16,315_STEAM_3,1,12.0,124.0996554
16,315_STEAM_4,1,12.0,124.0996554
16,315_STEAM_5,1,12.0,124.0996554
16,315_CT_6,1,55.0,31.8557679
16,315_CT_7,1,55.0,31.8557679
16,315_CT_8,1,55.0,31.8557679
16,316_STEAM_1,1,155.0,27.274698980000004
16,318_CC_1,1,355.0,31.52924142
16,321_CC_1,1,355.0,33.94709226
16,322_CT_5,1,55.0,27.89469072
16,322_CT_6,1,55.0,27.89469072
16,323_CC_1,1,355.0,31.727489639999995
16,323_CC_2,1,355.0,31.727489639999995
16,322_HYDRO_1,1,29.15416666666667,0.0
16,322_HYDRO_2,1,29.15416666666667,0.0
16,322_HYDRO_3,1,29.15416666666667,0.0
16,322_HYDRO_4,1,29.15416666666667,0.0
16,320_PV_1,1,32.69166666666666,0.0
16,314_PV_1,1,35.675000000000004,0.0
16,314_PV_2,1,33.21666666666666,0.0
16,313_PV_1,1,70.20833333333334,0.0
16,314_PV_3,1,72.64166666666667,0.0
16,314_PV_4,1,34.96666666666666,0.0
16,313_PV_2,1,71.825,0.0
16,310_PV_1,1,36.583333333333336,0.0
16,324_PV_1,1,37.61666666666667,0.0
16,312_PV_1,1,71.3,0.0
16,310_PV_2,1,35.583333333333336,0.0
16,324_PV_2,1,37.900000000000006,0.0
16,324_PV_3,1,38.166666666666664,0.0
16,319_PV_1,1,146.775,0.0
16,308_RTPV_1,1,63.40833333333333,0.0
16,313_RTPV_1,1,74.75833333333333,0.0
16,313_RTPV_2,1,41.275,0.0
16,313_RTPV_3,1,39.75833333333334,0.0
16,313_RTPV_4,1,39.03333333333333,0.0
16,313_RTPV_5,1,45.25833333333333,0.0
16,313_RTPV_6,1,45.925000000000004,0.0
16,313_RTPV_7,1,45.67499999999999,0.0
16,313_RTPV_8,1,44.125,0.0
16,313_RTPV_9,1,45.89166666666667,0.0
16,313_RTPV_10,1,49.875,0.0
16,313_RTPV_11,1,46.84166666666666,0.0
16,313_RTPV_12,1,19.583333333333332,0.0
16,320_RTPV_1,1,19.766666666666666,0.0
16,320_RTPV_2,1,19.833333333333332,0.0
16,320_RTPV_3,1,21.816666666666666,0.0
16,313_RTPV_13,1,20.108333333333338,0.0
16,320_RTPV_4,1,21.933333333333334,0.0
16,320_RTPV_5,1,21.691666666666666,0.0
16,320_RTPV_6,1,5.799999999999998,0.0
16,309_WIND_1,1,135.32500000000002,0.0
16,317_WIND_1,1,612.0416666666666,0.0
16,303_WIND_1,1,253.4,0.0
17,301_CT_1,1,20.0,105.36724140000001
17,301_CT_2,1,20.0,105.36724140000001
17,301_CT_3,1,55.0,43.74288666
17,301_CT_4,1,55.0,43.74288666
17,302_CT_1,1,20.0,105.36724140000001
17,302_CT_2,1,20.0,105.36724140000001
17,302_CT_3,1,55.0,38.63507958
17,302_CT_4,1,55.0,38.63507958
17,307_CT_1,1,55.0,35.47476972
17,307_CT_2,1,55.0,35.47476972
17,313_CC_1,1,355.0,33.75273126
17,315_STEAM_1,1,12.0,124.0996554
17,315_STEAM_2,1,12.0,124.0996554
17,315_STEAM_3,1,12.0,124.0996554
17,315_STEAM_4,1,12.0,124.0996554
17,315_STEAM_5,1,12.0,124.0996554
17,315_CT_6,1,55.0,31.8557679
17,315_CT_7,1,55.0,31.8557679
17,315_CT_8,1,55.0,31.8557679
17,316_STEAM_1,1,155.0,27.274698980000004
17,318_CC_1,1,355.0,31.52924142
17,321_CC_1,1,355.0,33.94709226
17,322_CT_5,1,55.0,27.89469072
17,322_CT_6,1,55.0,27.89469072
17,323_CC_1,1,355.0,31.727489639999995
17,323_CC_2,1,355.0,31.727489639999995
17,322_HYDRO_1,1,28.15416666666667,0.0
17,322_HYDRO_2,1,28.15416666666667,0.0
17,322_HYDRO_3,1,28.15416666666667,0.0
17,322_HYDRO_4,1,28.15416666666667,0.0
17,320_PV_1,1,34.833333333333336,0.0
17,314_PV_1,1,35.36666666666667,0.0
17,314_PV_2,1,32.28333333333334,0.0
17,313_PV_1,1,71.11666666666666,0.0
17,314_PV_3,1,72.39166666666667,0.0
17,314_PV_4,1,35.25,0.0
17,313_PV_2,1,72.525,0.0
17,310_PV_1,1,35.73333333333333,0.0
17,324_PV_1,1,36.69166666666667,0.0
17,312_PV_1,1,70.99166666666666,0.0
17,310_PV_2,1,35.18333333333333,0.0
17,324_PV_2,1,38.45833333333332,0.0
17,324_PV_3,1,37.46666666666667,0.0
17,319_PV_1,1,140.525,0.0
17,308_RTPV_1,1,75.25833333333334,0.0
17,313_RTPV_1,1,76.16666666666667,0.0
17,313_RTPV_2,1,48.11666666666667,0.0
17,313_RTPV_3,1,39.74166666666667,0.0
17,313_RTPV_4,1,44.56666666666667,0.0
17,313_RTPV_5,1,49.96666666666667,0.0
17,313_RTPV_6,1,44.025,0.0
17,313_RTPV_7,1,45.82500000000001,0.0
17,313_RTPV_8,1,41.09166666666666,0.0
17,313_RTPV_9,1,45.18333333333333,0.0
17,313_RTPV_10,1,47.708333333333336,0.0
17,313_RTPV_11,1,47.94166666666667,0.0
17,313_RTPV_12,1,19.266666666666666,0.0
17,320_RTPV_1,1,19.991666666666667,0.0
17,320_RTPV_2,1,20.508333333333333,0.0
17,320_RTPV_3,1,21.566666666666663,0.0
17,313_RTPV_13,1,20.508333333333333,0.0
17,320_RTPV_4,1,21.775000000000002,0.0
17,320_RTPV_5,1,21.95833333333334,0.0
17,320_RTPV_6,1,5.750000000000001,0.0
17,309_WIND_1,1,121.10000000000001,0.0
17,317_WIND_1,1,603.9083333333333,0.0
17,303_WIND_1,1,207.94166666666672,0.0
18,301_CT_1,1,20.0,105.36724140000001
18,301_CT_2,1,20.0,105.36724140000001
18,301_CT_3,1,55.0,43.74288666
18,301_CT_4,1,55.0,43.74288666
18,302_CT_1,1,20.0,105.36724140000001
18,302_CT_2,1,20.0,105.36724140000001
18,302_CT_3,1,55.0,38.63507958
18,302_CT_4,1,55.0,38.63507958
18,307_CT_1,1,55.0,35.47476972
18,307_CT_2,1,55.0,35.47476972
18,313_CC_1,1,355.0,33.75273126
18,315_STEAM_1,1,12.0,124.0996554
18,315_STEAM_2,1,12.0,124.0996554
18,315_STEAM_3,1,12.0,124.0996554
18,315_STEAM_4,1,12.0,124.0996554
18,315_STEAM_5,1,12.0,124.0996554
18,315_CT_6,1,55.0,31.8557679
18,315_CT_7,1,55.0,31.8557679
18,315_CT_8,1,55.0,31.8557679
18,316_STEAM_1,1,155.0,27.274698980000004
18,318_CC_1,1,355.0,31.52924142
18,321_CC_1,1,355.0,33.94709226
18,322_CT_5,1,55.0,27.89469072
18,322_CT_6,1,55.0,27.89469072
18,323_CC_1,1,355.0,31.727489639999995
18,323_CC_2,1,355.0,31.727489639999995
18,322_HYDRO_1,1,27.712500000000002,0.0
18,322_HYDRO_2,1,27.712500000000002,0.0
18,322_HYDRO_3,1,27.712500000000002,0.0
18,322_HYDRO_4,1,27.712500000000002,0.0
18,320_PV_1,1,35.00833333333334,0.0
18,314_PV_1,1,36.49166666666667,0.0
18,314_PV_2,1,32.708333333333336,0.0
18,313_PV_1,1,69.575,0.0
18,314_PV_3,1,70.22499999999998,0.0
18,314_PV_4,1,33.733333333333334,0.0
18,313_PV_2,1,71.875,0.0
18,310_PV_1,1,35.699999999999996,0.0
18,324_PV_1,1,35.208333333333336,0.0
18,312_PV_1,1,66.13333333333334,0.0
18,310_PV_2,1,36.21666666666667,0.0
18,324_PV_2,1,39.04166666666666,0.0
18,324_PV_3,1,36.6,0.0
18,319_PV_1,1,139.98333333333332,0.0
18,308_RTPV_1,1,72.95833333333333,0.0
18,313_RTPV_1,1,70.01666666666667,0.0
18,313_RTPV_2,1,43.300000000000004,0.0
18,313_RTPV_3,1,45.60833333333334,0.0
18,313_RTPV_4,1,42.725,0.0
18,313_RTPV_5,1,48.19166666666667,0.0
18,313_RTPV_6,1,41.43333333333333,0.0
18,313_RTPV_7,1,44.21666666666666,0.0
18,313_RTPV_8,1,39.775,0.0
18,313_RTPV_9,1,39.49166666666666,0.0
18,313_RTPV_10,1,42.416666666666664,0.0
18,313_RTPV_11,1,41.825,0.0
18,313_RTPV_12,1,18.55,0.0
18,320_RTPV_1,1,19.333333333333336,0.0
18,320_RTPV_2,1,19.474999999999998,0.0
18,320_RTPV_3,1,20.583333333333332,0.0
18,313_RTPV_13,1,18.900000000000002,0.0
18,320_RTPV_4,1,19.48333333333333,0.0
18,320_RTPV_5,1,20.808333333333334,0.0
18,320_RTPV_6,1,5.483333333333333,0.0
18,309_WIND_1,1,126.5,0.0
18,317_WIND_1,1,444.175,0.0
18,303_WIND_1,1,101.82499999999999,0.0
19,301_CT_1,1,20.0,105.36724140000001
19,301_CT_2,1,20.0,105.36724140000001
19,301_CT_3,1,55.0,43.74288666
19,301_CT_4,1,55.0,43.74288666
19,302_CT_1,1,20.0,105.36724140000001
19,302_CT_2,1,20.0,105.36724140000001
19,302_CT_3,1,55.0,38.63507958
19,302_CT_4,1,55.0,38.63507958
19,307_CT_1,1,55.0,35.47476972
19,307_CT_2,1,55.0,35.47476972
19,313_CC_1,1,355.0,33.75273126
19,315_STEAM_1,1,12.0,124.0996554
19,315_STEAM_2,1,12.0,124.0996554
19,315_STEAM_3,1,12.0,124.0996554
19,315_STEAM_4,1,12.0,124.0996554
19,315_STEAM_5,1,12.0,124.0996554
19,315_CT_6,1,55.0,31.8557679
19,315_CT_7,1,55.0,31.8557679
19,315_CT_8,1,55.0,31.8557679
19,316_STEAM_1,1,155.0,27.274698980000004
19,318_CC_1,1,355.0,31.52924142
19,321_CC_1,1,355.0,33.94709226
19,322_CT_5,1,55.0,27.89469072
19,322_CT_6,1,55.0,27.89469072
19,323_CC_1,1,355.0,31.727489639999995
19,323_CC_2,1,355.0,31.727489639999995
19,322_HYDRO_1,1,27.625,0.0
19,322_HYDRO_2,1,27.625,0.0
19,322_HYDRO_3,1,27.625,0.0
19,322_HYDRO_4,1,27.625,0.0
19,320_PV_1,1,35.575,0.0
19,314_PV_1,1,37.608333333333334,0.0
19,314_PV_2,1,33.05833333333334,0.0
19,313_PV_1,1,68.84166666666667,0.0
19,314_PV_3,1,68.24999999999999,0.0
19,314_PV_4,1,33.925000000000004,0.0
19,313_PV_2,1,70.525,0.0
19,310_PV_1,1,37.050000000000004,0.0
19,324_PV_1,1,35.775,0.0
19,312_PV_1,1,62.724999999999994,0.0
19,310_PV_2,1,37.64166666666667,0.0
19,324_PV_2,1,39.208333333333336,0.0
19,324_PV_3,1,37.675000000000004,0.0
19,319_PV_1,1,141.29166666666666,0.0
19,308_RTPV_1,1,58.85833333333334,0.0
19,313_RTPV_1,1,58.125,0.0
19,313_RTPV_2,1,34.55833333333334,0.0
19,313_RTPV_3,1,38.98333333333334,0.0
19,313_RTPV_4,1,35.958333333333336,0.0
19,313_RTPV_5,1,37.78333333333334,0.0
19,313_RTPV_6,1,33.84166666666667,0.0
19,313_RTPV_7,1,37.38333333333334,0.0
19,313_RTPV_8,1,34.833333333333336,0.0
19,313_RTPV_9,1,31.358333333333334,0.0
19,313_RTPV_10,1,35.233333333333334,0.0
19,313_RTPV_11,1,36.925000000000004,0.0
19,313_RTPV_12,1,15.983333333333333,0.0
19,320_RTPV_1,1,16.316666666666666,0.0
19,320_RTPV_2,1,16.15,0.0
19,320_RTPV_3,1,17.466666666666665,0.0
19,313_RTPV_13,1,15.816666666666668,0.0
19,320_RTPV_4,1,16.099999999999998,0.0
19,320_RTPV_5,1,17.34166666666666,0.0
19,320_RTPV_6,1,4.6000000000000005,0.0
19,309_WIND_1,1,120.51666666666667,0.0
19,317_WIND_1,1,415.5833333333333,0.0
19,303_WIND_1,1,156.55833333333337,0.0
20,301_CT_1,1,20.0,105.36724140000001
20,301_CT_2,1,20.0,105.36724140000001
20,301_CT_3,1,55.0,43.74288666
20,301_CT_4,1,55.0,43.74288666
20,302_CT_1,1,20.0,105.36724140000001
20,302_CT_2,1,20.0,105.36724140000001
20,302_CT_3,1,55.0,38.63507958
20,302_CT_4,1,55.0,38.63507958
20,307_CT_1,1,55.0,35.47476972
20,307_CT_2,1,55.0,35.47476972
20,313_CC_1,1,355.0,33.75273126
20,315_STEAM_1,1,12.0,124.0996554
20,315_STEAM_2,1,12.0,124.0996554
20,315_STEAM_3,1,12.0,124.0996554
20,315_STEAM_4,1,12.0,124.0996554
20,315_STEAM_5,1,12.0,124.0996554
20,315_CT_6,1,55.0,31.8557679
20,315_CT_7,1,55.0,31.8557679
20,315_CT_8,1,55.0,31.8557679
20,316_STEAM_1,1,155.0,27.274698980000004
20,318_CC_1,1,355.0,31.52924142
20,321_CC_1,1,355.0,33.94709226
20,322_CT_5,1,55.0,27.89469072
20,322_CT_6,1,55.0,27.89469072
20,323_CC_1,1,355.0,31.727489639999995
20,323_CC_2,1,355.0,31.727489639999995
20,322_HYDRO_1,1,27.7375,0.0
20,322_HYDRO_2,1,27.7375,0.0
20,322_HYDRO_3,1,27.7375,0.0
20,322_HYDRO_4,1,27.7375,0.0
20,320_PV_1,1,32.65833333333333,0.0
20,314_PV_1,1,31.36666666666666,0.0
20,314_PV_2,1,32.94166666666667,0.0
20,313_PV_1,1,54.19166666666666,0.0
20,314_PV_3,1,53.699999999999996,0.0
20,314_PV_4,1,29.816666666666666,0.0
20,313_PV_2,1,56.958333333333336,0.0
20,310_PV_1,1,32.825,0.0
20,324_PV_1,1,31.724999999999998,0.0
20,312_PV_1,1,49.78333333333333,0.0
20,310_PV_2,1,33.983333333333334,0.0
20,324_PV_2,1,35.15833333333334,0.0
20,324_PV_3,1,33.37499999999999,0.0
20,319_PV_1,1,119.28333333333332,0.0
20,308_RTPV_1,1,38.55833333333334,0.0
20,313_RTPV_1,1,38.824999999999996,0.0
20,313_RTPV_2,1,22.224999999999998,0.0
20,313_RTPV_3,1,25.55,0.0
20,313_RTPV_4,1,24.70833333333334,0.0
20,313_RTPV_5,1,23.816666666666663,0.0
20,313_RTPV_6,1,21.975000000000005,0.0
20,313_RTPV_7,1,24.316666666666663,0.0
20,313_RTPV_8,1,24.075,0.0
20,313_RTPV_9,1,20.875,0.0
20,313_RTPV_10,1,23.516666666666666,0.0
20,313_RTPV_11,1,25.558333333333334,0.0
20,313_RTPV_12,1,10.758333333333333,0.0
20,320_RTPV_1,1,10.241666666666667,0.0
20,320_RTPV_2,1,10.433333333333334,0.0
20,320_RTPV_3,1,10.616666666666667,0.0
20,313_RTPV_13,1,10.3,0.0
20,320_RTPV_4,1,10.799999999999999,0.0
20,320_RTPV_5,1,11.216666666666667,0.0
20,320_RTPV_6,1,2.9083333333333337,0.0
20,309_WIND_1,1,70.50833333333333,0.0
20,317_WIND_1,1,479.4666666666667,0.0
20,303_WIND_1,1,358.06666666666666,0.0
21,301_CT_1,1,20.0,105.36724140000001
21,301_CT_2,1,20.0,105.36724140000001
21,301_CT_3,1,55.0,43.74288666
21,301_CT_4,1,55.0,43.74288666
21,302_CT_1,1,20.0,105.36724140000001
21,302_CT_2,1,20.0,105.36724140000001
21,302_CT_3,1,55.0,38.63507958
21,302_CT_4,1,55.0,38.63507958
21,307_CT_1,1,55.0,35.47476972
21,307_CT_2,1,55.0,35.47476972
21,313_CC_1,1,355.0,33.75273126
21,315_STEAM_1,1,12.0,124.0996554
21,315_STEAM_2,1,12.0,124.0996554
21,315_STEAM_3,1,12.0,124.0996554
21,315_STEAM_4,1,12.0,124.0996554
21,315_STEAM_5,1,12.0,124.0996554
21,315_CT_6,1,55.0,31.8557679
21,315_CT_7,1,55.0,31.8557679
21,315_CT_8,1,55.0,31.8557679
21,316_STEAM_1,1,155.0,27.274698980000004
21,318_CC_1,1,355.0,31.52924142
21,321_CC_1,1,355.0,33.94709226
21,322_CT_5,1,55.0,27.89469072
21,322_CT_6,1,55.0,27.89469072
21,323_CC_1,1,355.0,31.727489639999995
21,323_CC_2,1,355.0,31.727489639999995
21,322_HYDRO_1,1,27.600000000000005,0.0
21,322_HYDRO_2,1,27.600000000000005,0.0
21,322_HYDRO_3,1,27.600000000000005,0.0
21,322_HYDRO_4,1,27.600000000000005,0.0
21,320_PV_1,1,15.066666666666668,0.0
21,314_PV_1,1,18.525,0.0
21,314_PV_2,1,18.691666666666666,0.0
21,313_PV_1,1,25.29166666666666,0.0
21,314_PV_3,1,25.200000000000003,0.0
21,314_PV_4,1,19.100000000000005,0.0
21,313_PV_2,1,25.90833333333333,0.0
21,310_PV_1,1,17.108333333333334,0.0
21,324_PV_1,1,18.133333333333336,0.0
21,312_PV_1,1,26.00833333333333,0.0
21,310_PV_2,1,17.916666666666668,0.0
21,324_PV_2,1,15.366666666666665,0.0
21,324_PV_3,1,17.675,0.0
21,319_PV_1,1,55.866666666666646,0.0
21,308_RTPV_1,1,5.541666666666665,0.0
21,313_RTPV_1,1,11.241666666666667,0.0
21,313_RTPV_2,1,6.116666666666667,0.0
21,313_RTPV_3,1,7.108333333333333,0.0
21,313_RTPV_4,1,6.800000000000001,0.0
21,313_RTPV_5,1,7.316666666666667,0.0
21,313_RTPV_6,1,7.058333333333334,0.0
21,313_RTPV_7,1,6.933333333333334,0.0
21,313_RTPV_8,1,6.816666666666666,0.0
21,313_RTPV_9,1,7.033333333333334,0.0
21,313_RTPV_10,1,7.425000000000001,0.0
21,313_RTPV_11,1,8.191666666666665,0.0
21,313_RTPV_12,1,3.1166666666666667,0.0
21,320_RTPV_1,1,2.883333333333333,0.0
21,320_RTPV_2,1,2.6750000000000003,0.0
21,320_RTPV_3,1,2.8166666666666664,0.0
21,313_RTPV_13,1,2.875,0.0
21,320_RTPV_4,1,3.008333333333334,0.0
21,320_RTPV_5,1,2.9083333333333337,0.0
21,320_RTPV_6,1,0.9333333333333332,0.0
21,309_WIND_1,1,57.833333333333336,0.0
21,317_WIND_1,1,455.93333333333334,0.0
21,303_WIND_1,1,337.43333333333334,0.0
22,301_CT_1,1,20.0,105.36724140000001
22,301_CT_2,1,20.0,105.36724140000001
22,301_CT_3,1,55.0,43.74288666
22,301_CT_4,1,55.0,43.74288666
22,302_CT_1,1,20.0,105.36724140000001
22,302_CT_2,1,20.0,105.36724140000001
22,302_CT_3,1,55.0,38.63507958
22,302_CT_4,1,55.0,38.63507958
22,307_CT_1,1,55.0,35.47476972
22,307_CT_2,1,55.0,35.47476972
22,313_CC_1,1,355.0,33.75273126
22,315_STEAM_1,1,12.0,124.0996554
22,315_STEAM_2,1,12.0,124.0996554
22,315_STEAM_3,1,12.0,124.0996554
22,315_STEAM_4,1,12.0,124.0996554
22,315_STEAM_5,1,12.0,124.0996554
22,315_CT_6,1,55.0,31.8557679
22,315_CT_7,1,55.0,31.8557679
22,315_CT_8,1,55.0,31.8557679
22,316_STEAM_1,1,155.0,27.274698980000004
22,318_CC_1,1,355.0,31.52924142
22,321_CC_1,1,355.0,33.94709226
22,322_CT_5,1,55.0,27.89469072
22,322_CT_6,1,55.0,27.89469072
22,323_CC_1,1,355.0,31.727489639999995
22,323_CC_2,1,355.0,31.727489639999995
22,322_HYDRO_1,1,27.491666666666664,0.0
22,322_HYDRO_2,1,27.491666666666664,0.0
22,322_HYDRO_3,1,27.491666666666664,0.0
22,322_HYDRO_4,1,27.491666666666664,0.0
22,320_PV_1,1,0.0,0.0
22,314_PV_1,1,0.3833333333333333,0.0
22,314_PV_2,1,0.26666666666666666,0.0
22,313_PV_1,1,0.45,0.0
22,314_PV_3,1,0.44166666666666665,0.0
22,314_PV_4,1,0.31666666666666665,0.0
22,313_PV_2,1,0.4916666666666667,0.0
22,310_PV_1,1,0.4666666666666666,0.0
22,324_PV_1,1,0.425,0.0
22,312_PV_1,1,0.5083333333333333,0.0
22,310_PV_2,1,0.0,0.0
22,324_PV_2,1,0.43333333333333335,0.0
22,324_PV_3,1,0.0,0.0
22,319_PV_1,1,0.008333333333333333,0.0
22,308_RTPV_1,1,0.0,0.0
22,313_RTPV_1,1,0.0,0.0
22,313_RTPV_2,1,0.0,0.0
22,313_RTPV_3,1,0.0,0.0
22,313_RTPV_4,1,0.0,0.0
22,313_RTPV_5,1,0.0,0.0
22,313_RTPV_6,1,0.0,0.0
22,313_RTPV_7,1,0.0,0.0
22,313_RTPV_8,1,0.0,0.0
22,313_RTPV_9,1,0.0,0.0
22,313_RTPV_10,1,0.0,0.0
22,313_RTPV_11,1,0.0,0.0
22,313_RTPV_12,1,0.0,0.0
22,320_RTPV_1,1,0.0,0.0
22,320_RTPV_2,1,0.0,0.0
22,320_RTPV_3,1,0.0,0.0
22,313_RTPV_13,1,0.0,0.0
22,320_RTPV_4,1,0.0,0.0
22,320_RTPV_5,1,0.0,0.0
22,320_RTPV_6,1,0.0,0.0
22,309_WIND_1,1,45.916666666666664,0.0
22,317_WIND_1,1,348.98333333333335,0.0
22,303_WIND_1,1,307.2416666666666,0.0
23,301_CT_1,1,20.0,105.36724140000001
23,301_CT_2,1,20.0,105.36724140000001
23,301_CT_3,1,55.0,43.74288666
23,301_CT_4,1,55.0,43.74288666
23,302_CT_1,1,20.0,105.36724140000001
23,302_CT_2,1,20.0,105.36724140000001
23,302_CT_3,1,55.0,38.63507958
23,302_CT_4,1,55.0,38.63507958
23,307_CT_1,1,55.0,35.47476972
23,307_CT_2,1,55.0,35.47476972
23,313_CC_1,1,355.0,33.75273126
23,315_STEAM_1,1,12.0,124.0996554
23,315_STEAM_2,1,12.0,124.0996554
23,315_STEAM_3,1,12.0,124.0996554
23,315_STEAM_4,1,12.0,124.0996554
23,315_STEAM_5,1,12.0,124.0996554
23,315_CT_6,1,55.0,31.8557679
23,315_CT_7,1,55.0,31.8557679
23,315_CT_8,1,55.0,31.8557679
23,316_STEAM_1,1,155.0,27.274698980000004
23,318_CC_1,1,355.0,31.52924142
23,321_CC_1,1,355.0,33.94709226
23,322_CT_5,1,55.0,27.89469072
23,322_CT_6,1,55.0,27.89469072
23,323_CC_1,1,355.0,31.727489639999995
23,323_CC_2,1,355.0,31.727489639999995
23,322_HYDRO_1,1,28.05,0.0
23,322_HYDRO_2,1,28.05,0.0
23,322_HYDRO_3,1,28.05,0.0
23,322_HYDRO_4,1,28.05,0.0
23,320_PV_1,1,0.0,0.0
23,314_PV_1,1,0.0,0.0
23,314_PV_2,1,0.0,0.0
23,313_PV_1,1,0.0,0.0
23,314_PV_3,1,0.0,0.0
23,314_PV_4,1,0.0,0.0
23,313_PV_2,1,0.0,0.0
23,310_PV_1,1,0.0,0.0
23,324_PV_1,1,0.0,0.0
23,312_PV_1,1,0.0,0.0
23,310_PV_2,1,0.0,0.0
23,324_PV_2,1,0.0,0.0
23,324_PV_3,1,0.0,0.0
23,319_PV_1,1,0.0,0.0
23,308_RTPV_1,1,0.0,0.0
23,313_RTPV_1,1,0.0,0.0
23,313_RTPV_2,1,0.0,0.0
23,313_RTPV_3,1,0.0,0.0
23,313_RTPV_4,1,0.0,0.0
23,313_RTPV_5,1,0.0,0.0
23,313_RTPV_6,1,0.0,0.0
23,313_RTPV_7,1,0.0,0.0
23,313_RTPV_8,1,0.0,0.0
23,313_RTPV_9,1,0.0,0.0
23,313_RTPV_10,1,0.0,0.0
23,313_RTPV_11,1,0.0,0.0
23,313_RTPV_12,1,0.0,0.0
23,320_RTPV_1,1,0.0,0.0
23,320_RTPV_2,1,0.0,0.0
23,320_RTPV_3,1,0.0,0.0
23,313_RTPV_13,1,0.0,0.0
23,320_RTPV_4,1,0.0,0.0
23,320_RTPV_5,1,0.0,0.0
23,320_RTPV_6,1,0.0,0.0
23,309_WIND_1,1,36.05833333333333,0.0
23,317_WIND_1,1,294.175,0.0
23,303_WIND_1,1,574.0,0.0
24,301_CT_1,1,20.0,105.36724140000001
24,301_CT_2,1,20.0,105.36724140000001
24,301_CT_3,1,55.0,43.74288666
24,301_CT_4,1,55.0,43.74288666
24,302_CT_1,1,20.0,105.36724140000001
24,302_CT_2,1,20.0,105.36724140000001
24,302_CT_3,1,55.0,38.63507958
24,302_CT_4,1,55.0,38.63507958
24,307_CT_1,1,55.0,35.47476972
24,307_CT_2,1,55.0,35.47476972
24,313_CC_1,1,355.0,33.75273126
24,315_STEAM_1,1,12.0,124.0996554
24,315_STEAM_2,1,12.0,124.0996554
24,315_STEAM_3,1,12.0,124.0996554
24,315_STEAM_4,1,12.0,124.0996554
24,315_STEAM_5,1,12.0,124.0996554
24,315_CT_6,1,55.0,31.8557679
24,315_CT_7,1,55.0,31.8557679
24,315_CT_8,1,55.0,31.8557679
24,316_STEAM_1,1,155.0,27.274698980000004
24,318_CC_1,1,355.0,31.52924142
24,321_CC_1,1,355.0,33.94709226
24,322_CT_5,1,55.0,27.89469072
24,322_CT_6,1,55.0,27.89469072
24,323_CC_1,1,355.0,31.727489639999995
24,323_CC_2,1,355.0,31.727489639999995
24,322_HYDRO_1,1,29.14166666666667,0.0
24,322_HYDRO_2,1,29.14166666666667,0.0
24,322_HYDRO_3,1,29.14166666666667,0.0
24,322_HYDRO_4,1,29.14166666666667,0.0
24,320_PV_1,1,0.0,0.0
24,314_PV_1,1,0.0,0.0
24,314_PV_2,1,0.0,0.0
24,313_PV_1,1,0.0,0.0
24,314_PV_3,1,0.0,0.0
24,314_PV_4,1,0.0,0.0
24,313_PV_2,1,0.0,0.0
24,310_PV_1,1,0.0,0.0
24,324_PV_1,1,0.0,0.0
24,312_PV_1,1,0.0,0.0
24,310_PV_2,1,0.0,0.0
24,324_PV_2,1,0.0,0.0
24,324_PV_3,1,0.0,0.0
24,319_PV_1,1,0.0,0.0
24,308_RTPV_1,1,0.0,0.0
24,313_RTPV_1,1,0.0,0.0
24,313_RTPV_2,1,0.0,0.0
24,313_RTPV_3,1,0.0,0.0
24,313_RTPV_4,1,0.0,0.0
24,313_RTPV_5,1,0.0,0.0
24,313_RTPV_6,1,0.0,0.0
24,313_RTPV_7,1,0.0,0.0
24,313_RTPV_8,1,0.0,0.0
24,313_RTPV_9,1,0.0,0.0
24,313_RTPV_10,1,0.0,0.0
24,313_RTPV_11,1,0.0,0.0
24,313_RTPV_12,1,0.0,0.0
24,320_RTPV_1,1,0.0,0.0
24,320_RTPV_2,1,0.0,0.0
24,320_RTPV_3,1,0.0,0.0
24,313_RTPV_13,1,0.0,0.0
24,320_RTPV_4,1,0.0,0.0
24,320_RTPV_5,1,0.0,0.0
24,320_RTPV_6,1,0.0,0.0
24,309_WIND_1,1,67.50833333333334,0.0
24,317_WIND_1,1,413.9666666666667,0.0
24,303_WIND_1,1,616.5333333333333,0.0
