timepoint,zone,gross_load,wind_cf,solar_cf
1,101,37.99505194105263,0,0
1,102,34.12518553964912,0,0
1,103,63.32508656842105,0,0
1,104,26.03364670035087,0,0
1,105,24.97822859087719,0,0
1,106,47.84562096280701,0,0
1,107,43.9757545614035,0,0
1,108,60.15883223999999,0,0
1,109,61.5660563859649,0,0
1,110,68.60217711578947,0,0
1,111,0.0,0,0
1,112,0.0,0,0
1,113,93.22859967017543,0,0
1,114,68.25037107929823,0,0
1,115,111.52251356771929,0,0
1,116,35.1806036491228,0,0
1,117,0.0,0,0
1,118,117.15141015157894,0,0
1,119,63.67689260491227,0,0
1,120,45.03117267087718,0,0
1,121,0.0,0,0
1,122,0.0,0,0
1,123,0.0,0,0
1,124,0.0,0,0
1,201,42.17660946947368,0,0
1,202,37.88084369017543,0,0
1,203,70.29434911578947,0,0
1,204,28.898787969824557,0,0
1,205,27.727215484561402,0,0
1,206,53.111285998596486,0,0
1,207,48.81552021929824,0,0
1,208,66.77963165999999,0,0
1,209,68.34172830701753,0,0
1,210,76.15221154210526,0,0
1,211,0.0,0,0
1,212,0.0,0,0
1,213,103.48890286491228,0,0
1,214,75.76168738035086,0,0
1,215,123.79615927614034,0,0
1,216,39.052416175438594,0,0
1,217,0.0,0,0
1,218,130.04454586421053,0,0
1,219,70.68487327754384,0,0
1,220,49.9870927045614,0,0
1,221,0.0,0,0
1,222,0.0,0,0
1,223,0.0,0,0
1,224,0.0,0,0
1,301,45.629231267368425,0,0
1,302,40.98180956421053,0,0
1,303,76.04871877894738,0,0
1,304,31.264473275789474,0,0
1,305,29.996994629473686,0,0
1,306,57.45903196631579,0,0
1,307,52.811610263157895,0,0
1,308,72.24628284,0,0
1,309,73.93625436842105,0,0
1,310,82.38611201052632,0,0
1,311,0.0,0,0
1,312,0.0,0,0
1,313,111.96061375789473,0,0
1,314,81.96361912842106,0,0
1,315,133.9302436273684,0,0
1,316,42.249288210526316,0,0
1,317,0.0,0,0
1,318,140.69012974105266,0,0
1,319,76.47121166105264,0,0
1,320,54.07908890947368,0,0
1,321,0.0,0,0
1,322,0.0,0,0
1,323,0.0,0,0
1,324,0.0,0,0
1,325,0.0,0,0
2,101,38.02177140631579,0,0
2,102,34.14918357789474,0,0
2,103,63.36961901052632,0,0
2,104,26.051954482105263,0,0
2,105,24.99579416526316,0,0
2,106,47.879267696842106,0,0
2,107,44.00667986842105,0,0
2,108,60.20113806,0,0
2,109,61.60935181578947,0,0
2,110,68.65042059473684,0,0
2,111,0.0,0,0
2,112,0.0,0,0
2,113,93.29416132105263,0,0
2,114,68.29836715578948,0,0
2,115,111.60094014631579,0,0
2,116,35.20534389473684,0,0
2,117,0.0,0,0
2,118,117.2337951694737,0,0
2,119,63.72167244947368,0,0
2,120,45.062840185263155,0,0
2,121,0.0,0,0
2,122,0.0,0,0
2,123,0.0,0,0
2,124,0.0,0,0
2,201,41.547615309473684,0,0
2,202,37.31591375017543,0,0
2,203,69.24602551578947,0,0
2,204,28.467810489824558,0,0
2,205,27.3137100645614,0,0
2,206,52.319219278596485,0,0
2,207,48.08751771929824,0,0
2,208,65.78372423999998,0,0
2,209,67.32252480701753,0,0
2,210,75.01652764210526,0,0
2,211,0.0,0,0
2,212,0.0,0,0
2,213,101.94553756491227,0,0
2,214,74.63182750035087,0,0
2,215,121.94994493614033,0,0
2,216,38.47001417543859,0,0
2,217,0.0,0,0
2,218,128.1051472042105,0,0
2,219,69.63072565754385,0,0
2,220,49.24161814456139,0,0
2,221,0.0,0,0
2,222,0.0,0,0
2,223,0.0,0,0
2,224,0.0,0,0
2,301,44.023410303157895,0,0
2,302,39.53954443894737,0,0
2,303,73.37235050526316,0,0
2,304,30.16418854105263,0,0
2,305,28.94131603263158,0,0
2,306,55.436887048421056,0,0
2,307,50.95302118421052,0,0
2,308,69.70373298,0,0
2,309,71.33422965789474,0,0
2,310,79.48671304736843,0,0
2,311,0.0,0,0
2,312,0.0,0,0
2,313,108.02040491052631,0,0
2,314,79.07908887789473,0,0
2,315,129.21686172315788,0,0
2,316,40.76241694736842,0,0
2,317,0.0,0,0
2,318,135.73884843473684,0,0
2,319,73.77997467473683,0,0
2,320,52.175893692631576,0,0
2,321,0.0,0,0
2,322,0.0,0,0
2,323,0.0,0,0
2,324,0.0,0,0
2,325,0.0,0,0
3,101,38.66303811789474,0,0
3,102,34.72513608736842,0,0
3,103,64.4383968631579,0,0
3,104,26.49134093263158,0,0
3,105,25.41736765157895,0,0
3,106,48.68678874105264,0,0
3,107,44.748886710526314,0,0
3,108,61.21647702,0,0
3,109,62.64844139473684,0,0
3,110,69.80826326842106,0,0
3,111,0.0,0,0
3,112,0.0,0,0
3,113,94.8676398263158,0,0
3,114,69.45027217473684,0,0
3,115,113.48317669789473,0,0
3,116,35.79910936842105,0,0
3,117,0.0,0,0
3,118,119.21103419684212,0,0
3,119,64.7963879568421,0,0
3,120,45.822859991578945,0,0
3,121,0.0,0,0
3,122,0.0,0,0
3,123,0.0,0,0
3,124,0.0,0,0
3,201,41.326617334736845,0,0
3,202,37.11742482842105,0,0
3,203,68.87769555789474,0,0
3,204,28.316385951578948,0,0
3,205,27.16842435894737,0,0
3,206,52.04092553263158,0,0
3,207,47.83173302631579,0,0
3,208,65.43381078,0,0
3,209,66.9644262368421,0,0
3,210,74.61750352105264,0,0
3,211,0.0,0,0
3,212,0.0,0,0
3,213,101.40327401578948,0,0
3,214,74.2348496568421,0,0
3,215,121.30127495473684,0,0
3,216,38.26538642105263,0,0
3,217,0.0,0,0
3,218,127.42373678210528,0,0
3,219,69.26034942210526,0,0
3,220,48.97969461894737,0,0
3,221,0.0,0,0
3,222,0.0,0,0
3,223,0.0,0,0
3,224,0.0,0,0
3,301,43.35716546526316,0,0
3,302,38.941157871578945,0,0
3,303,72.26194244210527,0,0
3,304,29.70768744842105,0,0
3,305,28.50332174105263,0,0
3,306,54.59791206736842,0,0
3,307,50.181904473684206,0,0
3,308,68.64884531999999,0,0
3,309,70.25466626315789,0,0
3,310,78.28377097894737,0,0
3,311,0.0,0,0
3,312,0.0,0,0
3,313,106.38563748421052,0,0
3,314,77.88231574315789,0,0
3,315,127.26130974526315,0,0
3,316,40.14552357894737,0,0
3,317,0.0,0,0
3,318,133.68459351789474,0,0
3,319,72.66339767789474,0,0
3,320,51.38627018105263,0,0
3,321,0.0,0,0
3,322,0.0,0,0
3,323,0.0,0,0
3,324,0.0,0,0
3,325,0.0,0,0
4,101,40.399802071578954,0,0
4,102,36.28500741614035,0,0
4,103,67.33300345263159,0,0
4,104,27.68134586385965,0,0
4,105,26.559129139649123,0,0
4,106,50.8738248308772,0,0
4,107,46.759030175438596,0,0
4,108,63.96635328,0,0
4,109,65.46264224561403,0,0
4,110,72.94408707368422,0,0
4,111,0.0,0,0
4,112,0.0,0,0
4,113,99.12914397192982,0,0
4,114,72.5700148322807,0,0
4,115,118.58090052491228,0,0
4,116,37.40722414035088,0,0
4,117,0.0,0,0
4,118,124.56605638736843,0,0
4,119,67.70707569403508,0,0
4,120,47.88124689964912,0,0
4,121,0.0,0,0
4,122,0.0,0,0
4,123,0.0,0,0
4,124,0.0,0,0
4,201,41.58161499789474,0,0
4,202,37.34645050736842,0,0
4,203,69.30269166315789,0,0
4,204,28.491106572631576,0,0
4,205,27.336061711578946,0,0
4,206,52.36203370105263,0,0
4,207,48.12686921052631,0,0
4,208,65.83755708,0,0
4,209,67.37761689473683,0,0
4,210,75.07791596842105,0,0
4,211,0.0,0,0
4,212,0.0,0,0
4,213,102.02896272631578,0,0
4,214,74.69290101473683,0,0
4,215,122.04974031789473,0,0
4,216,38.50149536842105,0,0
4,217,0.0,0,0
4,218,128.2099795768421,0,0
4,219,69.68770661684209,0,0
4,220,49.28191407157894,0,0
4,221,0.0,0,0
4,222,0.0,0,0
4,223,0.0,0,0
4,224,0.0,0,0
4,301,43.01550144,0,0
4,302,38.63429296,0,0
4,303,71.69250240000001,0,0
4,304,29.47358432,0,0
4,305,28.27870928,0,0
4,306,54.16766848,0,0
4,307,49.78646,0,0
4,308,68.10787728,0,0
4,309,69.701044,0,0
4,310,77.6668776,0,0
4,311,0.0,0,0
4,312,0.0,0,0
4,313,105.54729520000001,0,0
4,314,77.26858592,0,0
4,315,126.25846256,0,0
4,316,39.829167999999996,0,0
4,317,0.0,0,0
4,318,132.63112944000002,0,0
4,319,72.09079408,0,0
4,320,50.98133504,0,0
4,321,0.0,0,0
4,322,0.0,0,0
4,323,0.0,0,0
4,324,0.0,0,0
4,325,0.0,0,0
5,101,44.82187037052632,0,0
5,102,40.256679869824566,0,0
5,103,74.70311728421053,0,0
5,104,30.71128155017544,0,0
5,105,29.466229595438598,0,0
5,106,56.442355281403515,0,0
5,107,51.877164780701754,0,0
5,108,70.96796142000001,0,0
5,109,72.62803069298246,0,0
5,110,80.92837705789475,0,0
5,111,0.0,0,0
5,112,0.0,0,0
5,113,109.97958933508772,0,0
5,114,80.51335973964913,0,0
5,115,131.56048988385965,0,0
5,116,41.5017318245614,0,0
5,117,0.0,0,0
5,118,138.2007669757895,0,0
5,119,75.11813460245614,0,0
5,120,53.1222167354386,0,0
5,121,0.0,0,0
5,122,0.0,0,0
5,123,0.0,0,0
5,124,0.0,0,0
5,201,42.65260506947369,0,0
5,202,38.308358256842105,0,0
5,203,71.08767511578948,0,0
5,204,29.22493310315789,0,0
5,205,28.040138517894736,0,0
5,206,53.71068786526316,0,0
5,207,49.36644105263157,0,0
5,208,67.53329135999999,0,0
5,209,69.11301747368421,0,0
5,210,77.01164804210526,0,0
5,211,0.0,0,0
5,212,0.0,0,0
5,213,104.65685503157894,0,0
5,214,76.61671651368421,0,0
5,215,125.19329450947367,0,0
5,216,39.49315284210526,0,0
5,217,0.0,0,0
5,218,131.51219896421054,0,0
5,219,71.48260664421052,0,0
5,220,50.551235637894735,0,0
5,221,0.0,0,0
5,222,0.0,0,0
5,223,0.0,0,0
5,224,0.0,0,0
5,301,43.27174944000001,0,0
5,302,38.864441626666675,0,0
5,303,72.11958240000001,0,0
5,304,29.649161653333337,0,0
5,305,28.44716861333334,0,0
5,306,54.490351146666676,0,0
5,307,50.083043333333336,0,0
5,308,68.51360328000001,0,0
5,309,70.11626066666668,0,0
5,310,78.12954760000002,0,0
5,311,0.0,0,0
5,312,0.0,0,0
5,313,106.17605186666668,0,0
5,314,77.72888325333335,0,0
5,315,127.01059789333335,0,0
5,316,40.06643466666667,0,0
5,317,0.0,0,0
5,318,133.42122744000002,0,0
5,319,72.52024674666667,0,0
5,320,51.28503637333334,0,0
5,321,0.0,0,0
5,322,0.0,0,0
5,323,0.0,0,0
5,324,0.0,0,0
5,325,0.0,0,0
6,101,51.75556654736842,0,0
6,102,46.48416625087719,0,0
6,103,86.25927757894736,0,0
6,104,35.4621474491228,0,0
6,105,34.02449282280701,0,0
6,106,65.17367639298246,0,0
6,107,59.90227609649122,0,0
6,108,81.94631369999999,0,0
6,109,83.8631865350877,0,0
6,110,93.44755071052631,0,0
6,111,0.0,0,0
6,112,0.0,0,0
6,113,126.99282532456138,0,0
6,114,92.96833250175438,0,0
6,115,151.91217218070173,0,0
6,116,47.92182087719298,0,0
6,117,0.0,0,0
6,118,159.57966352105262,0,0
6,119,86.73849578771929,0,0
6,120,61.339930722807004,0,0
6,121,0.0,0,0
6,122,0.0,0,0
6,123,0.0,0,0
6,124,0.0,0,0
6,201,45.253580968421055,0,0
6,202,40.644419943859646,0,0
6,203,75.42263494736842,0,0
6,204,31.00708325614035,0,0
6,205,29.750039340350877,0,0
6,206,56.98599084912281,0,0
6,207,52.376829824561405,0,0
6,208,71.6515032,0,0
6,209,73.32756175438597,0,0
6,210,81.7078545263158,0,0
6,211,0.0,0,0
6,212,0.0,0,0
6,213,111.03887922807017,0,0
6,214,81.28883988771929,0,0
6,215,132.82764043508772,0,0
6,216,41.90146385964912,0,0
6,217,0.0,0,0
6,218,139.5318746526316,0,0
6,219,75.8416495859649,0,0
6,220,53.63387374035087,0,0
6,221,0.0,0,0
6,222,0.0,0,0
6,223,0.0,0,0
6,224,0.0,0,0
6,301,45.90256248000001,0,0
6,302,41.22730148666667,0,0
6,303,76.50427080000001,0,0
6,304,31.451755773333335,0,0
6,305,30.176684593333338,0,0
6,306,57.80322682666667,0,0
6,307,53.127965833333334,0,0
6,308,72.67905726000001,0,0
6,309,74.37915216666667,0,0
6,310,82.87962670000002,0,0
6,311,0.0,0,0
6,312,0.0,0,0
6,313,112.63128756666667,0,0
6,314,82.45460297333334,0,0
6,315,134.73252135333334,0,0
6,316,42.502372666666666,0,0
6,317,0.0,0,0
6,318,141.53290098000002,0,0
6,319,76.92929452666667,0,0
6,320,54.40303701333334,0,0
6,321,0.0,0,0
6,322,0.0,0,0
6,323,0.0,0,0
6,324,0.0,0,0
6,325,0.0,0,0
7,101,54.02671942736843,0,0
7,102,48.52399800421053,0,0
7,103,90.04453237894738,0,0
7,104,37.01830775578948,0,0
7,105,35.51756554947369,0,0
7,106,68.03364668631579,0,0
7,107,62.5309252631579,0,0
7,108,85.54230576,0,0
7,109,87.54329536842106,0,0
7,110,97.54824341052633,0,0
7,111,0.0,0,0
7,112,0.0,0,0
7,113,132.56556155789474,0,0
7,114,97.04799600842107,0,0
7,115,158.57842646736844,0,0
7,116,50.02474021052632,0,0
7,117,0.0,0,0
7,118,166.58238490105265,0,0
7,119,90.54477978105264,0,0
7,120,64.03166746947369,0,0
7,121,0.0,0,0
7,122,0.0,0,0
7,123,0.0,0,0
7,124,0.0,0,0
7,201,47.905556437894745,0,0
7,202,43.026286800701754,0,0
7,203,79.8425940631579,0,0
7,204,32.82417755929825,0,0
7,205,31.493467658245617,0,0
7,206,60.32551551438597,0,0
7,207,55.446245877192986,0,0
7,208,75.85046436,0,0
7,209,77.62474422807017,0,0
7,210,86.49614356842106,0,0
7,211,0.0,0,0
7,212,0.0,0,0
7,213,117.54604125964913,0,0
7,214,86.05257360140351,0,0
7,215,140.6116795445614,0,0
7,216,44.35699670175438,0,0
7,217,0.0,0,0
7,218,147.70879901684214,0,0
7,219,80.28616403017544,0,0
7,220,56.776955778245615,0,0
7,221,0.0,0,0
7,222,0.0,0,0
7,223,0.0,0,0
7,224,0.0,0,0
7,301,51.55710218526316,0,0
7,302,46.305915851578945,0,0
7,303,85.92850364210527,0,0
7,304,35.32616260842105,0,0
7,305,33.89402088105263,0,0
7,306,64.92375830736842,0,0
7,307,59.67257197368421,0,0
7,308,81.63207845999999,0,0
7,309,83.54160076315789,0,0
7,310,93.08921227894737,0,0
7,311,0.0,0,0
7,312,0.0,0,0
7,313,126.50585258421052,0,0
7,314,92.61183170315789,0,0
7,315,151.32964252526315,0,0
7,316,47.73805757894736,0,0
7,317,0.0,0,0
7,318,158.96773173789475,0,0
7,319,86.40588421789472,0,0
7,320,61.104713701052624,0,0
7,321,0.0,0,0
7,322,0.0,0,0
7,323,0.0,0,0
7,324,0.0,0,0
7,325,0.0,0,0
8,101,51.32805540631579,0,0
8,102,46.100197911228065,0,0
8,103,85.54675901052632,0,0
8,104,35.16922314877193,0,0
8,105,33.743443831929824,0,0
8,106,64.63532903017544,0,0
8,107,59.407471535087716,0,0
8,108,81.26942106,0,0
8,109,83.1704601491228,0,0
8,110,92.67565559473684,0,0
8,111,0.0,0,0
8,112,0.0,0,0
8,113,125.94383965438595,0,0
8,114,92.20039582245613,0,0
8,115,150.65734781298244,0,0
8,116,47.52597722807017,0,0
8,117,0.0,0,0
8,118,158.26150416947368,0,0
8,119,86.02201878280701,0,0
8,120,60.83325085192982,0,0
8,121,0.0,0,0
8,122,0.0,0,0
8,123,0.0,0,0
8,124,0.0,0,0
8,201,47.02156461473684,0,0
8,202,42.23233118175438,0,0
8,203,78.36927435789474,0,0
8,204,32.21847945824561,0,0
8,205,30.912324885614034,0,0
8,206,59.21234062596491,0,0
8,207,54.42310719298245,0,0
8,208,74.45081063999999,0,0
8,209,76.19235007017544,0,0
8,210,84.90004722105263,0,0
8,211,0.0,0,0
8,212,0.0,0,0
8,213,115.37698724912279,0,0
8,214,84.46466236350876,0,0
8,215,138.0169998414035,0,0
8,216,43.53848575438596,0,0
8,217,0.0,0,0
8,218,144.98315756210525,0,0
8,219,78.80465921543859,0,0
8,220,55.72926176561403,0,0
8,221,0.0,0,0
8,222,0.0,0,0
8,223,0.0,0,0
8,224,0.0,0,0
8,301,55.53748815157895,0,0
8,302,49.880892136140346,0,0
8,303,92.56248025263157,0,0
8,304,38.053464103859646,0,0
8,305,36.51075609964912,0,0
8,306,69.9360961908772,0,0
8,307,64.27950017543859,0,0
8,308,87.93435624,0,0
8,309,89.99130024561403,0,0
8,310,100.27602027368421,0,0
8,311,0.0,0,0
8,312,0.0,0,0
8,313,136.2725403719298,0,0
8,314,99.76178427228069,0,0
8,315,163.01281244491227,0,0
8,316,51.42360014035087,0,0
8,317,0.0,0,0
8,318,171.2405884673684,0,0
8,319,93.07671625403508,0,0
8,320,65.82220817964911,0,0
8,321,0.0,0,0
8,322,0.0,0,0
8,323,0.0,0,0
8,324,0.0,0,0
8,325,0.0,0,0
9,101,47.560613570526314,0,0
9,102,42.71647700315789,0,0
9,103,79.26768928421053,0,0
9,104,32.5878278168421,0,0
9,105,31.26669966210526,0,0
9,106,59.89114301473684,0,0
9,107,55.04700644736842,0,0
9,108,75.30430482,0,0
9,109,77.06580902631578,0,0
9,110,85.87333005789473,0,0
9,111,0.0,0,0
9,112,0.0,0,0
9,113,116.69965366842105,0,0
9,114,85.43295400631578,0,0
9,115,139.5992083505263,0,0
9,116,44.03760515789473,0,0
9,117,0.0,0,0
9,118,146.64522517578948,0,0
9,119,79.70806533578947,0,0
9,120,56.36813460210526,0,0
9,121,0.0,0,0
9,122,0.0,0,0
9,123,0.0,0,0
9,124,0.0,0,0
9,201,46.34157092210526,0,0
9,202,41.62159610596491,0,0
9,203,77.23595153684211,0,0
9,204,31.752557854035086,0,0
9,205,30.465291995087718,0,0
9,206,58.3560522722807,0,0
9,207,53.63607745614035,0,0
9,208,73.37415396,0,0
9,209,75.09050843859649,0,0
9,210,83.67228083157895,0,0
9,211,0.0,0,0
9,212,0.0,0,0
9,213,113.70848420701753,0,0
9,214,83.24319221192982,0,0
9,215,136.02109242877194,0,0
9,216,42.908861964912276,0,0
9,217,0.0,0,0
9,218,142.8865103431579,0,0
9,219,77.66504015649122,0,0
9,220,54.92334331508771,0,0
9,221,0.0,0,0
9,222,0.0,0,0
9,223,0.0,0,0
9,224,0.0,0,0
9,301,59.05662764210527,0,0
9,302,53.04160075263158,0,0
9,303,98.42771273684211,0,0
9,304,40.46472634736842,0,0
9,305,38.824264468421056,0,0
9,306,74.36760517894737,0,0
9,307,68.35257828947368,0,0
9,308,93.5063271,0,0
9,309,95.69360960526316,0,0
9,310,106.63002213157895,0,0
9,311,0.0,0,0
9,312,0.0,0,0
9,313,144.90746597368422,0,0
9,314,106.08320150526316,0,0
9,315,173.34213854210526,0,0
9,316,54.682062631578944,0,0
9,317,0.0,0,0
9,318,182.0912685631579,0,0
9,319,98.97453336315789,0,0
9,320,69.99304016842105,0,0
9,321,0.0,0,0
9,322,0.0,0,0
9,323,0.0,0,0
9,324,0.0,0,0
9,325,0.0,0,0
10,101,45.155863440000005,0,0
10,102,40.55665512666667,0,0
10,103,75.2597724,0,0
10,104,30.940128653333332,0,0
10,105,29.685799113333335,0,0
10,106,56.86293914666667,0,0
10,107,52.263730833333334,0,0
10,108,71.49678378,0,0
10,109,73.16922316666667,0,0
10,110,81.5314201,0,0
10,111,0.0,0,0
10,112,0.0,0,0
10,113,110.79910936666667,0,0
10,114,81.11331025333334,0,0
10,115,132.54082139333332,0,0
10,116,41.81098466666666,0,0
10,117,0.0,0,0
10,118,139.23057894000002,0,0
10,119,75.67788224666666,0,0
10,120,53.51806037333333,0,0
10,121,0.0,0,0
10,122,0.0,0,0
10,123,0.0,0,0
10,124,0.0,0,0
10,201,46.00157407578948,0,0
10,202,41.31622856807017,0,0
10,203,76.66929012631579,0,0
10,204,31.519597051929825,0,0
10,205,30.24177554982456,0,0
10,206,57.927908095438596,0,0
10,207,53.2425625877193,0,0
10,208,72.83582562,0,0
10,209,74.53958762280702,0,0
10,210,83.05839763684212,0,0
10,211,0.0,0,0
10,212,0.0,0,0
10,213,112.87423268596491,0,0
10,214,82.63245713614035,0,0
10,215,135.02313872245614,0,0
10,216,42.594050070175435,0,0
10,217,0.0,0,0
10,218,141.8381867336842,0,0
10,219,77.09523062701754,0,0
10,220,54.52038408982456,0,0
10,221,0.0,0,0
10,222,0.0,0,0
10,223,0.0,0,0
10,224,0.0,0,0
10,301,62.268269532631585,0,0
10,302,55.92613096912281,0,0
10,303,103.78044922105263,0,0
10,304,42.665295790877195,0,0
10,305,40.93562163719298,0,0
10,306,78.41189496701755,0,0
10,307,72.06975640350878,0,0
10,308,98.59142676,0,0
10,309,100.89765896491228,0,0
10,310,112.4288199894737,0,0
10,311,0.0,0,0
10,312,0.0,0,0
10,313,152.7878835754386,0,0
10,314,111.85226193824562,0,0
10,315,182.76890223929826,0,0
10,316,57.65580512280702,0,0
10,317,0.0,0,0
10,318,191.9938310589474,0,0
10,319,104.3570072722807,0,0
10,320,73.79943055719298,0,0
10,321,0.0,0,0
10,322,0.0,0,0
10,323,0.0,0,0
10,324,0.0,0,0
10,325,0.0,0,0
11,101,43.739732804210526,0,0
11,102,39.28476001859649,0,0
11,103,72.89955467368421,0,0
11,104,29.969816921403506,0,0
11,105,28.75482434350877,0,0
11,106,55.07966353122807,0,0
11,107,50.62469074561403,0,0
11,108,69.25457693999999,0,0
11,109,70.87456704385964,0,0
11,110,78.9745175631579,0,0
11,111,0.0,0,0
11,112,0.0,0,0
11,113,107.32434438070175,0,0
11,114,78.56952003719297,0,0
11,115,128.38421573087717,0,0
11,116,40.49975259649123,0,0
11,117,0.0,0,0
11,118,134.8641761463158,0,0
11,119,73.30455219964911,0,0
11,120,51.839683323508766,0,0
11,121,0.0,0,0
11,122,0.0,0,0
11,123,0.0,0,0
11,124,0.0,0,0
11,201,45.71257672421053,0,0
11,202,41.05666613192982,0,0
11,203,76.18762787368422,0,0
11,204,31.321580348070174,0,0
11,205,30.05178655017544,0,0
11,206,57.56398550456141,0,0
11,207,52.9080749122807,0,0
11,208,72.37824648,0,0
11,209,74.07130487719299,0,0
11,210,82.5365968631579,0,0
11,211,0.0,0,0
11,212,0.0,0,0
11,213,112.16511881403508,0,0
11,214,82.11333226385965,0,0
11,215,134.17487797754387,0,0
11,216,42.32645992982456,0,0
11,217,0.0,0,0
11,218,140.9471115663158,0,0
11,219,76.61089247298246,0,0
11,220,54.17786871017544,0,0
11,221,0.0,0,0
11,222,0.0,0,0
11,223,0.0,0,0
11,224,0.0,0,0
11,301,64.21575452210526,0,0
11,302,57.675261005964906,0,0
11,303,107.0262575368421,0,0
11,304,43.99968365403508,0,0
11,305,42.21591269508772,0,0
11,306,80.8642834722807,0,0
11,307,74.32378995614035,0,0
11,308,101.67494466,0,0
11,309,104.05330593859648,0,0
11,310,115.94511233157894,0,0
11,311,0.0,0,0
11,312,0.0,0,0
11,313,157.56643470701752,0,0
11,314,115.35052201192981,0,0
11,315,188.4851313287719,0,0
11,316,59.45903196491227,0,0
11,317,0.0,0,0
11,318,197.9985764431579,0,0
11,319,107.62084785649121,0,0
11,320,76.1075609150877,0,0
11,321,0.0,0,0
11,322,0.0,0,0
11,323,0.0,0,0
11,324,0.0,0,0
11,325,0.0,0,0
12,101,42.483918846315795,0,0
12,102,38.15685303789474,0,0
12,103,70.80653141052633,0,0
12,104,29.109351802105266,0,0
12,105,27.929242945263162,0,0
12,106,53.49826817684212,0,0
12,107,49.171202368421056,0,0
12,108,67.26620484,0,0
12,109,68.83968331578949,0,0
12,110,76.70707569473686,0,0
12,111,0.0,0,0
12,112,0.0,0,0
12,113,104.24294902105264,0,0
12,114,76.31370607578948,0,0
12,115,124.6981692063158,0,0
12,116,39.336961894736845,0,0
12,117,0.0,0,0
12,118,130.9920831094737,0,0
12,119,71.1999010294737,0,0
12,120,50.35131122526316,0,0
12,121,0.0,0,0
12,122,0.0,0,0
12,123,0.0,0,0
12,124,0.0,0,0
12,201,44.9985833431579,0,0
12,202,40.41539429894737,0,0
12,203,74.99763890526316,0,0
12,204,30.83236266105263,0,0
12,205,29.58240201263158,0,0
12,206,56.664882728421055,0,0
12,207,52.08169368421053,0,0
12,208,71.24775696,0,0
12,209,72.91437115789473,0,0
12,210,81.24744214736843,0,0
12,211,0.0,0,0
12,212,0.0,0,0
12,213,110.41319061052631,0,0
12,214,80.83078859789474,0,0
12,215,132.0791751831579,0,0
12,216,41.66535494736842,0,0
12,217,0.0,0,0
12,218,138.74563197473685,0,0
12,219,75.41429245473684,0,0
12,220,53.33165433263158,0,0
12,221,0.0,0,0
12,222,0.0,0,0
12,223,0.0,0,0
12,224,0.0,0,0
12,301,65.24074659789474,0,0
12,302,58.59585574070175,0,0
12,303,108.73457766315789,0,0
12,304,44.701993039298245,0,0
12,305,42.88975007824561,0,0
12,306,82.15501423438597,0,0
12,307,75.51012337719298,0,0
12,308,103.29784878,0,0
12,309,105.71417272807017,0,0
12,310,117.79579246842106,0,0
12,311,0.0,0,0
12,312,0.0,0,0
12,313,160.0814615596491,0,0
12,314,117.1917114814035,0,0
12,315,191.4936728845614,0,0
12,316,60.40809870175438,0,0
12,317,0.0,0,0
12,318,201.1589686768421,0,0
12,319,109.33865865017543,0,0
12,320,77.3223663382456,0,0
12,321,0.0,0,0
12,322,0.0,0,0
12,323,0.0,0,0
12,324,0.0,0,0
12,325,0.0,0,0
13,101,41.48193963789475,0,0
13,102,37.256927267368425,0,0
13,103,69.13656606315791,0,0
13,104,28.422810492631584,0,0
13,105,27.270534391578952,0,0
13,106,52.23651658105264,0,0
13,107,48.01150421052632,0,0
13,108,65.67973776000001,0,0
13,109,67.21610589473686,0,0
13,110,74.89794656842108,0,0
13,111,0.0,0,0
13,112,0.0,0,0
13,113,101.7843889263158,0,0
13,114,74.51385453473685,0,0
13,115,121.75717467789475,0,0
13,116,38.40920336842106,0,0
13,117,0.0,0,0
13,118,127.90264721684214,0,0
13,119,69.52065809684211,0,0
13,120,49.163780311578954,0,0
13,121,0.0,0,0
13,122,0.0,0,0
13,123,0.0,0,0
13,124,0.0,0,0
13,201,44.3695891831579,0,0
13,202,39.85046435894736,0,0
13,203,73.94931530526316,0,0
13,204,30.40138518105263,0,0
13,205,29.16889659263158,0,0
13,206,55.872816008421054,0,0
13,207,51.353691184210525,0,0
13,208,70.25184954,0,0
13,209,71.89516765789473,0,0
13,210,80.11175824736843,0,0
13,211,0.0,0,0
13,212,0.0,0,0
13,213,108.86982531052631,0,0
13,214,79.70092871789473,0,0
13,215,130.23296084315788,0,0
13,216,41.08295294736842,0,0
13,217,0.0,0,0
13,218,136.80623331473686,0,0
13,219,74.36014483473683,0,0
13,220,52.586179772631574,0,0
13,221,0.0,0,0
13,222,0.0,0,0
13,223,0.0,0,0
13,224,0.0,0,0
13,301,65.13824739789474,0,0
13,302,58.50379627403509,0,0
13,303,108.5637456631579,0,0
13,304,44.63176210596491,0,0
13,305,42.82236634491228,0,0
13,306,82.02594116771931,0,0
13,307,75.39149004385965,0,0
13,308,103.13555838,0,0
13,309,105.54808606140351,0,0
13,310,117.61072446842107,0,0
13,311,0.0,0,0
13,312,0.0,0,0
13,313,159.82995889298246,0,0
13,314,117.00759254807018,0,0
13,315,191.1928187512281,0,0
13,316,60.31319203508772,0,0
13,317,0.0,0,0
13,318,200.84292947684213,0,0
13,319,109.16687758350876,0,0
13,320,77.20088580491228,0,0
13,321,0.0,0,0
13,322,0.0,0,0
13,323,0.0,0,0
13,324,0.0,0,0
13,325,0.0,0,0
14,101,41.21474517473685,0,0
14,102,37.01694705508772,0,0
14,103,68.69124195789475,0,0
14,104,28.239732804912283,0,0
14,105,27.094878772280705,0,0
14,106,51.90004947929825,0,0
14,107,47.702251359649125,0,0
14,108,65.25667986,0,0
14,109,66.78315190350877,0,0
14,110,74.41551212105264,0,0
14,111,0.0,0,0
14,112,0.0,0,0
14,113,101.12877288245615,0,0
14,114,74.03389411017544,0,0
14,115,120.97290944807018,0,0
14,116,38.1618010877193,0,0
14,117,0.0,0,0
14,118,127.07879762210527,0,0
14,119,69.07285996877192,0,0
14,120,48.8471053922807,0,0
14,121,0.0,0,0
14,122,0.0,0,0
14,123,0.0,0,0
14,124,0.0,0,0
14,201,43.8935935831579,0,0
14,202,39.422949792280704,0,0
14,203,73.15598930526318,0,0
14,204,30.0752400477193,0,0
14,205,28.85597355929825,0,0
14,206,55.273414141754394,0,0
14,207,50.802770350877196,0,0
14,208,69.49818984000001,0,0
14,209,71.12387849122807,0,0
14,210,79.25232174736844,0,0
14,211,0.0,0,0
14,212,0.0,0,0
14,213,107.70187314385966,0,0
14,214,78.84589958456141,0,0
14,215,128.83582560982458,0,0
14,216,40.64221628070176,0,0
14,217,0.0,0,0
14,218,135.33858021473688,0,0
14,219,73.56241146807018,0,0
14,220,52.022036839298245,0,0
14,221,0.0,0,0
14,222,0.0,0,0
14,223,0.0,0,0
14,224,0.0,0,0
14,301,64.89908257263158,0,0
14,302,58.2889908291228,0,0
14,303,108.16513762105264,0,0
14,304,44.46788991087719,0,0
14,305,42.66513761719298,0,0
14,306,81.72477064701755,0,0
14,307,75.11467890350877,0,0
14,308,102.75688074,0,0
14,309,105.16055046491228,0,0
14,310,117.17889908947369,0,0
14,311,0.0,0,0
14,312,0.0,0,0
14,313,159.2431192754386,0,0
14,314,116.5779816582456,0,0
14,315,190.49082569929823,0,0
14,316,60.09174312280702,0,0
14,317,0.0,0,0
14,318,200.1055045989474,0,0
14,319,108.76605505228069,0,0
14,320,76.91743119719298,0,0
14,321,0.0,0,0
14,322,0.0,0,0
14,323,0.0,0,0
14,324,0.0,0,0
14,325,0.0,0,0
15,101,40.60019792842105,0,0
15,102,36.46499258385965,0,0
15,103,67.66699654736843,0,0
15,104,27.81865413614035,0,0
15,105,26.690870860350877,0,0
15,106,51.1261751691228,0,0
15,107,46.9909698245614,0,0
15,108,64.28364672,0,0
15,109,65.78735775438595,0,0
15,110,73.30591292631578,0,0
15,111,0.0,0,0
15,112,0.0,0,0
15,113,99.62085602807016,0,0
15,114,72.9299851677193,0,0
15,115,119.1690994750877,0,0
15,116,37.592775859649116,0,0
15,117,0.0,0,0
15,118,125.18394361263158,0,0
15,119,68.0429243059649,0,0
15,120,48.11875310035087,0,0
15,121,0.0,0,0
15,122,0.0,0,0
15,123,0.0,0,0
15,124,0.0,0,0
15,201,43.29859907368421,0,0
15,202,38.88855657543859,0,0
15,203,72.16433178947368,0,0
15,204,29.667558624561398,0,0
15,205,28.464819761403504,0,0
15,206,54.52416179649122,0,0
15,207,50.114119298245605,0,0
15,208,68.5561152,0,0
15,209,70.15976701754384,0,0
15,210,78.17802610526316,0,0
15,211,0.0,0,0
15,212,0.0,0,0
15,213,106.24193291228069,0,0
15,214,77.77711315087718,0,0
15,215,127.08940654035085,0,0
15,216,40.09129543859648,0,0
15,217,0.0,0,0
15,218,133.50401381052632,0,0
15,219,72.56524474385964,0,0
15,220,51.316858161403495,0,0
15,221,0.0,0,0
15,222,0.0,0,0
15,223,0.0,0,0
15,224,0.0,0,0
15,301,64.01075608421053,0,0
15,302,57.491142038596486,0,0
15,303,106.68459347368422,0,0
15,304,43.859221761403504,0,0
15,305,42.08114520350877,0,0
15,306,80.60613729122807,0,0
15,307,74.08652324561403,0,0
15,308,101.3503638,0,0
15,309,103.72113254385964,0,0
15,310,115.57497626315791,0,0
15,311,0.0,0,0
15,312,0.0,0,0
15,313,157.06342928070174,0,0
15,314,114.98228407719297,0,0
15,315,187.8834229508772,0,0
15,316,59.26921859649123,0,0
15,317,0.0,0,0
15,318,197.3664979263158,0,0
15,319,107.27728565964911,0,0
15,320,75.86459980350877,0,0
15,321,0.0,0,0
15,322,0.0,0,0
15,323,0.0,0,0
15,324,0.0,0,0
15,325,0.0,0,0
16,101,40.773874320000004,0,0
16,102,36.620979713333334,0,0
16,103,67.9564572,0,0
16,104,27.937654626666667,0,0
16,105,26.80504700666667,0,0
16,106,51.344878773333335,0,0
16,107,47.191984166666664,0,0
16,108,64.55863434,0,0
16,109,66.06877783333333,0,0
16,110,73.61949530000001,0,0
16,111,0.0,0,0
16,112,0.0,0,0
16,113,100.04700643333334,0,0
16,114,73.24195942666667,0,0
16,115,119.67887184666667,0,0
16,116,37.753587333333336,0,0
16,117,0.0,0,0
16,118,125.71944582000002,0,0
16,119,68.33399307333333,0,0
16,120,48.324591786666666,0,0
16,121,0.0,0,0
16,122,0.0,0,0
16,123,0.0,0,0
16,124,0.0,0,0
16,201,42.99260191578947,0,0
16,202,38.61372579473684,0,0
16,203,71.65433652631579,0,0
16,204,29.457893905263155,0,0
16,205,28.263654963157894,0,0
16,206,54.138832042105264,0,0
16,207,49.75995592105263,0,0
16,208,68.0716197,0,0
16,209,69.66393828947368,0,0
16,210,77.62553123684211,0,0
16,211,0.0,0,0
16,212,0.0,0,0
16,213,105.49110655263156,0,0
16,214,77.22745158947367,0,0
16,215,126.19124821578946,0,0
16,216,39.8079647368421,0,0
16,217,0.0,0,0
16,218,132.5605225736842,0,0
16,219,72.05241617368421,0,0
16,220,50.95419486315789,0,0
16,221,0.0,0,0
16,222,0.0,0,0
16,223,0.0,0,0
16,224,0.0,0,0
16,301,62.319519132631584,0,0
16,302,55.97216070245614,0,0
16,303,103.86586522105263,0,0
16,304,42.700411257543855,0,0
16,305,40.96931350385965,0,0
16,306,78.47643150035088,0,0
16,307,72.12907307017544,0,0
16,308,98.67257196,0,0
16,309,100.9807022982456,0,0
16,310,112.5213539894737,0,0
16,311,0.0,0,0
16,312,0.0,0,0
16,313,152.91363490877194,0,0
16,314,111.94432140491227,0,0
16,315,182.9193293059649,0,0
16,316,57.70325845614035,0,0
16,317,0.0,0,0
16,318,192.15185065894738,0,0
16,319,104.44289780561402,0,0
16,320,73.86017082385965,0,0
16,321,0.0,0,0
16,322,0.0,0,0
16,323,0.0,0,0
16,324,0.0,0,0
16,325,0.0,0,0
17,101,42.6843147031579,0,0
17,102,38.336838205614036,0,0
17,103,71.14052450526316,0,0
17,104,29.246660074385964,0,0
17,105,28.060984665964913,0,0
17,106,53.75061851508772,0,0
17,107,49.40314201754386,0,0
17,108,67.58349828,0,0
17,109,69.1643988245614,0,0
17,110,77.06890154736843,0,0
17,111,0.0,0,0
17,112,0.0,0,0
17,113,104.73466107719298,0,0
17,114,76.67367641122807,0,0
17,115,125.28636815649124,0,0
17,116,39.522513614035084,0,0
17,117,0.0,0,0
17,118,131.60997033473686,0,0
17,119,71.53574964140351,0,0
17,120,50.58881742596491,0,0
17,121,0.0,0,0
17,122,0.0,0,0
17,123,0.0,0,0
17,124,0.0,0,0
17,201,44.556587431578954,0,0
17,202,40.01841648947369,0,0
17,203,74.26097905263158,0,0
17,204,30.529513610526315,0,0
17,205,29.29183062631579,0,0
17,206,56.10829528421053,0,0
17,207,51.57012434210526,0,0
17,208,70.5479301,0,0
17,209,72.19817407894737,0,0
17,210,80.44939397368422,0,0
17,211,0.0,0,0
17,212,0.0,0,0
17,213,109.32866360526316,0,0
17,214,80.03683297894737,0,0
17,215,130.78183533157895,0,0
17,216,41.25609947368421,0,0
17,217,0.0,0,0
17,218,137.38281124736844,0,0
17,219,74.67354004736842,0,0
17,220,52.80780732631579,0,0
17,221,0.0,0,0
17,222,0.0,0,0
17,223,0.0,0,0
17,224,0.0,0,0
17,301,62.268269532631585,0,0
17,302,55.92613096912281,0,0
17,303,103.78044922105263,0,0
17,304,42.665295790877195,0,0
17,305,40.93562163719298,0,0
17,306,78.41189496701755,0,0
17,307,72.06975640350878,0,0
17,308,98.59142676,0,0
17,309,100.89765896491228,0,0
17,310,112.4288199894737,0,0
17,311,0.0,0,0
17,312,0.0,0,0
17,313,152.7878835754386,0,0
17,314,111.85226193824562,0,0
17,315,182.76890223929826,0,0
17,316,57.65580512280702,0,0
17,317,0.0,0,0
17,318,191.9938310589474,0,0
17,319,104.3570072722807,0,0
17,320,73.79943055719298,0,0
17,321,0.0,0,0
17,322,0.0,0,0
17,323,0.0,0,0
17,324,0.0,0,0
17,325,0.0,0,0
18,101,46.27808014736843,0,0
18,102,41.56457198421053,0,0
18,103,77.13013357894738,0,0
18,104,31.709054915789476,0,0
18,105,30.423552689473688,0,0
18,106,58.2761009263158,0,0
18,107,53.562592763157895,0,0
18,108,73.27362690000001,0,0
18,109,74.98762986842105,0,0
18,110,83.55764471052633,0,0
18,111,0.0,0,0
18,112,0.0,0,0
18,113,113.55269665789474,0,0
18,114,83.12914396842106,0,0
18,115,135.83473524736843,0,0
18,116,42.850074210526316,0,0
18,117,0.0,0,0
18,118,142.69074712105265,0,0
18,119,77.55863432105264,0,0
18,120,54.84809498947369,0,0
18,121,0.0,0,0
18,122,0.0,0,0
18,123,0.0,0,0
18,124,0.0,0,0
18,201,50.999527781052635,0,0
18,202,45.805131432982456,0,0
18,203,84.99921296842106,0,0
18,204,34.94412088701754,0,0
18,205,33.52746733754386,0,0
18,206,64.22162757614035,0,0
18,207,59.02723122807017,0,0
18,208,80.74925232,0,0
18,209,82.63812371929824,0,0
18,210,92.08248071578949,0,0
18,211,0.0,0,0
18,212,0.0,0,0
18,213,125.13773020350877,0,0
18,214,91.61026286596491,0,0
18,215,149.69305839438596,0,0
18,216,47.221784982456136,0,0
18,217,0.0,0,0
18,218,157.24854399157894,0,0
18,219,85.47143081824561,0,0
18,220,60.44388477754386,0,0
18,221,0.0,0,0
18,222,0.0,0,0
18,223,0.0,0,0
18,224,0.0,0,0
18,301,66.9661499368421,0,0
18,302,60.14552355438595,0,0
18,303,111.61024989473682,0,0
18,304,45.88421384561403,0,0
18,305,44.02404301403508,0,0
18,306,84.32774436491228,0,0
18,307,77.50711798245612,0,0
18,308,106.02973739999999,0,0
18,309,108.50996517543858,0,0
18,310,120.91110405263157,0,0
18,311,0.0,0,0
18,312,0.0,0,0
18,313,164.315090122807,0,0
18,314,120.2910471087719,0,0
18,315,196.55805120350874,0,0
18,316,62.0056943859649,0,0
18,317,0.0,0,0
18,318,206.47896230526314,0,0
18,319,112.23030683859646,0,0
18,320,79.36728881403508,0,0
18,321,0.0,0,0
18,322,0.0,0,0
18,323,0.0,0,0
18,324,0.0,0,0
18,325,0.0,0,0
19,101,45.54329540210526,0,0
19,102,40.904626425964906,0,0
19,103,75.9054923368421,0,0
19,104,31.205591294035084,0,0
19,105,29.940499755087714,0,0
19,106,57.350816432280695,0,0
19,107,52.71214745614034,0,0
19,108,72.11021772,0,0
19,109,73.79700643859648,0,0
19,110,82.23095003157894,0,0
19,111,0.0,0,0
19,112,0.0,0,0
19,113,111.74975260701753,0,0
19,114,81.80925285192981,0,0
19,115,133.6780059487719,0,0
19,116,42.16971796491227,0,0
19,117,0.0,0,0
19,118,140.42516082315788,0,0
19,119,76.32718951649122,0,0
19,120,53.97723899508771,0,0
19,121,0.0,0,0
19,122,0.0,0,0
19,123,0.0,0,0
19,124,0.0,0,0
19,201,51.69652131789474,0,0
19,202,46.43113488736842,0,0
19,203,86.1608688631579,0,0
19,204,35.42169053263158,0,0
19,205,33.98567605157895,0,0
19,206,65.09932314105264,0,0
19,207,59.83393671052631,0,0
19,208,81.85282542,0,0
19,209,83.76751139473684,0,0
19,210,93.34094126842106,0,0
19,211,0.0,0,0
19,212,0.0,0,0
19,213,126.84794582631578,0,0
19,214,92.86226977473684,0,0
19,215,151.73886349789473,0,0
19,216,47.867149368421046,0,0
19,217,0.0,0,0
19,218,159.39760739684212,0,0
19,219,86.63954035684209,0,0
19,220,61.26995119157894,0,0
19,221,0.0,0,0
19,222,0.0,0,0
19,223,0.0,0,0
19,224,0.0,0,0
19,301,66.86365073684212,0,0
19,302,60.0534640877193,0,0
19,303,111.43941789473685,0,0
19,304,45.8139829122807,0,0
19,305,43.95665928070176,0,0
19,306,84.19867129824563,0,0
19,307,77.3884846491228,0,0
19,308,105.867447,0,0
19,309,108.34387850877194,0,0
19,310,120.7260360526316,0,0
19,311,0.0,0,0
19,312,0.0,0,0
19,313,164.06358745614037,0,0
19,314,120.1069281754386,0,0
19,315,196.25719707017544,0,0
19,316,61.91078771929825,0,0
19,317,0.0,0,0
19,318,206.1629231052632,0,0
19,319,112.05852577192982,0,0
19,320,79.24580828070175,0,0
19,321,0.0,0,0
19,322,0.0,0,0
19,323,0.0,0,0
19,324,0.0,0,0
19,325,0.0,0,0
20,101,44.781791191578954,0,0
20,102,40.22068282947368,0,0
20,103,74.63631865263159,0,0
20,104,30.683819890526316,0,0
20,105,29.43988124631579,0,0
20,106,56.39188520421053,0,0
20,107,51.83077684210526,0,0
20,108,70.90450272,0,0
20,109,72.56308757894736,0,0
20,110,80.85601187368421,0,0
20,111,0.0,0,0
20,112,0.0,0,0
20,113,109.88124690526315,0,0
20,114,80.44136565894736,0,0
20,115,131.44285007157893,0,0
20,116,41.46462147368421,0,0
20,117,0.0,0,0
20,118,138.07718950736842,0,0
20,119,75.05096486736842,0,0
20,120,53.07471548631579,0,0
20,121,0.0,0,0
20,122,0.0,0,0
20,123,0.0,0,0
20,124,0.0,0,0
20,201,50.999527781052635,0,0
20,202,45.805131432982456,0,0
20,203,84.99921296842106,0,0
20,204,34.94412088701754,0,0
20,205,33.52746733754386,0,0
20,206,64.22162757614035,0,0
20,207,59.02723122807017,0,0
20,208,80.74925232,0,0
20,209,82.63812371929824,0,0
20,210,92.08248071578949,0,0
20,211,0.0,0,0
20,212,0.0,0,0
20,213,125.13773020350877,0,0
20,214,91.61026286596491,0,0
20,215,149.69305839438596,0,0
20,216,47.221784982456136,0,0
20,217,0.0,0,0
20,218,157.24854399157894,0,0
20,219,85.47143081824561,0,0
20,220,60.44388477754386,0,0
20,221,0.0,0,0
20,222,0.0,0,0
20,223,0.0,0,0
20,224,0.0,0,0
20,301,63.97658969684212,0,0
20,302,57.46045556105264,0,0
20,303,106.62764949473686,0,0
20,304,43.835811458947376,0,0
20,305,42.058683967368424,0,0
20,306,80.56311295157896,0,0
20,307,74.04697881578949,0,0
20,308,101.29626702000002,0,0
20,309,103.66577034210528,0,0
20,310,115.5132869526316,0,0
20,311,0.0,0,0
20,312,0.0,0,0
20,313,156.9795950894737,0,0
20,314,114.92091112210528,0,0
20,315,187.78313827684212,0,0
20,316,59.237583052631585,0,0
20,317,0.0,0,0
20,318,197.2611515652632,0,0
20,319,107.22002532526317,0,0
20,320,75.82410630736842,0,0
20,321,0.0,0,0
20,322,0.0,0,0
20,323,0.0,0,0
20,324,0.0,0,0
20,325,0.0,0,0
21,101,43.619495305263165,0,0
21,102,39.17676893157895,0,0
21,103,72.69915884210526,0,0
21,104,29.88743196842105,0,0
21,105,28.67577932105263,0,0
21,106,54.928253347368425,0,0
21,107,50.48552697368421,0,0
21,108,69.0642009,0,0
21,109,70.67973776315789,0,0
21,110,78.75742207894737,0,0
21,111,0.0,0,0
21,112,0.0,0,0
21,113,107.02931718421053,0,0
21,114,78.3535378631579,0,0
21,115,128.03129640526316,0,0
21,116,40.388421578947366,0,0
21,117,0.0,0,0
21,118,134.49344385789473,0,0
21,119,73.10304305789474,0,0
21,120,51.697179621052626,0,0
21,121,0.0,0,0
21,122,0.0,0,0
21,123,0.0,0,0
21,124,0.0,0,0
21,201,49.96253739789474,0,0
21,202,44.87376044070176,0,0
21,203,83.2708956631579,0,0
21,204,34.23359043929825,0,0
21,205,32.845742178245615,0,0
21,206,62.91578783438597,0,0
21,207,57.82701087719298,0,0
21,208,79.10735088,0,0
21,209,80.95781522807017,0,0
21,210,90.21013696842107,0,0
21,211,0.0,0,0
21,212,0.0,0,0
21,213,122.59326305964913,0,0
21,214,89.74752088140352,0,0
21,215,146.64929958456142,0,0
21,216,46.26160870175438,0,0
21,217,0.0,0,0
21,218,154.05115697684212,0,0
21,219,83.73351175017544,0,0
21,220,59.214859138245615,0,0
21,221,0.0,0,0
21,222,0.0,0,0
21,223,0.0,0,0
21,224,0.0,0,0
21,301,61.43119264421053,0,0
21,302,55.17431191192982,0,0
21,303,102.38532107368421,0,0
21,304,42.091743108070176,0,0
21,305,40.38532109017544,0,0
21,306,77.3577981445614,0,0
21,307,71.1009174122807,0,0
21,308,97.26605502,0,0
21,309,99.54128437719298,0,0
21,310,110.9174311631579,0,0
21,311,0.0,0,0
21,312,0.0,0,0
21,313,150.73394491403508,0,0
21,314,110.34862382385964,0,0
21,315,180.31192655754384,0,0
21,316,56.88073392982456,0,0
21,317,0.0,0,0
21,318,189.4128439863158,0,0
21,319,102.95412841298244,0,0
21,320,72.80733943017543,0,0
21,321,0.0,0,0
21,322,0.0,0,0
21,323,0.0,0,0
21,324,0.0,0,0
21,325,0.0,0,0
22,101,41.22810488842105,0,0
22,102,37.028946057192975,0,0
22,103,68.71350814736842,0,0
22,104,28.248886682807015,0,0
22,105,27.10366154701754,0,0
22,106,51.916872822456135,0,0
22,107,47.71771399122807,0,0
22,108,65.27783274,0,0
22,109,66.80479958771929,0,0
22,110,74.43963382631578,0,0
22,111,0.0,0,0
22,112,0.0,0,0
22,113,101.1615536614035,0,0
22,114,74.05789211438595,0,0
22,115,121.01212268175438,0,0
22,116,38.17417119298245,0,0
22,117,0.0,0,0
22,118,127.11999007263158,0,0
22,119,69.09524985929824,0,0
22,120,48.86293912701753,0,0
22,121,0.0,0,0
22,122,0.0,0,0
22,123,0.0,0,0
22,124,0.0,0,0
22,201,48.381552037894735,0,0
22,202,43.45380136736841,0,0
22,203,80.6359200631579,0,0
22,204,33.150322692631576,0,0
22,205,31.806390691578944,0,0
22,206,60.92491738105263,0,0
22,207,55.99716671052631,0,0
22,208,76.60412405999999,0,0
22,209,78.39603339473683,0,0
22,210,87.35558006842105,0,0
22,211,0.0,0,0
22,212,0.0,0,0
22,213,118.71399342631578,0,0
22,214,86.90760273473683,0,0
22,215,142.0088147778947,0,0
22,216,44.79773336842105,0,0
22,217,0.0,0,0
22,218,149.1764521168421,0,0
22,219,81.08389739684209,0,0
22,220,57.34109871157894,0,0
22,221,0.0,0,0
22,222,0.0,0,0
22,223,0.0,0,0
22,224,0.0,0,0
22,301,57.82663712842106,0,0
22,302,51.936887050526316,0,0
22,303,96.37772854736843,0,0
22,304,39.621955069473685,0,0
22,305,38.01565959368421,0,0
22,306,72.81872823578948,0,0
22,307,66.92897815789473,0,0
22,308,91.55884212,0,0
22,309,93.70056942105263,0,0
22,310,104.4092059263158,0,0
22,311,0.0,0,0
22,312,0.0,0,0
22,313,141.88943369473685,0,0
22,314,103.87377410105263,0,0
22,315,169.73188860842106,0,0
22,316,53.54318252631579,0,0
22,317,0.0,0,0
22,318,178.2987978126316,0,0
22,319,96.91316037263158,0,0
22,320,68.53527363368421,0,0
22,321,0.0,0,0
22,322,0.0,0,0
22,323,0.0,0,0
22,324,0.0,0,0
22,325,0.0,0,0
23,101,38.489361688421056,0,0
23,102,34.56914892385965,0,0
23,103,64.14893614736843,0,0
23,104,26.37234041614035,0,0
23,105,25.30319148035088,0,0
23,106,48.46808508912281,0,0
23,107,44.5478723245614,0,0
23,108,60.941489340000004,0,0
23,109,62.36702125438597,0,0
23,110,69.4946808263158,0,0
23,111,0.0,0,0
23,112,0.0,0,0
23,113,94.44148932807018,0,0
23,114,69.1382978477193,0,0
23,115,112.97340421508773,0,0
23,116,35.63829785964912,0,0
23,117,0.0,0,0
23,118,118.6755318726316,0,0
23,119,64.50531912596492,0,0
23,120,45.617021260350874,0,0
23,121,0.0,0,0
23,122,0.0,0,0
23,123,0.0,0,0
23,124,0.0,0,0
23,201,46.05257357052632,0,0
23,202,41.36203366982456,0,0
23,203,76.75428928421053,0,0
23,204,31.55454115017544,0,0
23,205,30.275302995438597,0,0
23,206,57.99212968140351,0,0
23,207,53.301589780701754,0,0
23,208,72.91657482,0,0
23,209,74.62222569298245,0,0
23,210,83.15048005789474,0,0
23,211,0.0,0,0
23,212,0.0,0,0
23,213,112.99937033508772,0,0
23,214,82.72406733964912,0,0
23,215,135.17283168385964,0,0
23,216,42.6412718245614,0,0
23,217,0.0,0,0
23,218,141.99543517578948,0,0
23,219,77.18070200245613,0,0
23,220,54.58082793543859,0,0
23,221,0.0,0,0
23,222,0.0,0,0
23,223,0.0,0,0
23,224,0.0,0,0
23,301,53.60708637473685,0,0
23,302,48.147105355087724,0,0
23,303,89.34514395789475,0,0
23,304,36.73078140491228,0,0
23,305,35.241695672280706,0,0
23,306,67.50521987929825,0,0
23,307,62.045238859649125,0,0
23,308,84.87788676,0,0
23,309,86.86333440350877,0,0
23,310,96.79057262105265,0,0
23,311,0.0,0,0
23,312,0.0,0,0
23,313,131.53590638245615,0,0
23,314,96.29421071017545,0,0
23,315,157.34672574807018,0,0
23,316,49.6361910877193,0,0
23,317,0.0,0,0
23,318,165.2885163221053,0,0
23,319,89.84150586877193,0,0
23,320,63.534324592280704,0,0
23,321,0.0,0,0
23,322,0.0,0,0
23,323,0.0,0,0
23,324,0.0,0,0
23,325,0.0,0,0
24,101,36.80603661600001,0,0
24,102,33.05727362733334,0,0
24,103,61.343394360000005,0,0
24,104,25.21895101466667,0,0
24,105,24.196561108666668,0,0
24,106,46.34834240533334,0,0
24,107,42.599579416666664,0,0
24,108,58.276224642,0,0
24,109,59.63941118333334,0,0
24,110,66.45534389000001,0,0
24,111,0.0,0,0
24,112,0.0,0,0
24,113,90.31110836333333,0,0
24,114,66.11454725466668,0,0
24,115,108.03253340066667,0,0
24,116,34.07966353333333,0,0
24,117,0.0,0,0
24,118,113.48527956600002,0,0
24,119,61.68419099533333,0,0
24,120,43.621969322666665,0,0
24,121,0.0,0,0
24,122,0.0,0,0
24,123,0.0,0,0
24,124,0.0,0,0
24,201,43.65559576421053,0,0
24,202,39.20919249192983,0,0
24,203,72.75932627368422,0,0
24,204,29.912167468070177,0,0
24,205,28.69951203017544,0,0
24,206,54.97371318456141,0,0
24,207,50.5273099122807,0,0
24,208,69.12135996,0,0
24,209,70.73823387719298,0,0
24,210,78.8226034631579,0,0
24,211,0.0,0,0
24,212,0.0,0,0
24,213,107.1178970140351,0,0
24,214,78.41838498385965,0,0
24,215,128.13725793754386,0,0
24,216,40.42184792982456,0,0
24,217,0.0,0,0
24,218,134.6047536063158,0,0
24,219,73.16354475298246,0,0
24,220,51.73996535017544,0,0
24,221,0.0,0,0
24,222,0.0,0,0
24,223,0.0,0,0
24,224,0.0,0,0
24,301,49.45586839578948,0,0
24,302,44.418696614736845,0,0
24,303,82.4264473263158,0,0
24,304,33.88642834526316,0,0
24,305,32.512654223157895,0,0
24,306,62.27776020210527,0,0
24,307,57.240588421052635,0,0
24,308,78.30512496,0,0
24,309,80.13682378947368,0,0
24,310,89.29531793684212,0,0
24,311,0.0,0,0
24,312,0.0,0,0
24,313,121.35004745263159,0,0
24,314,88.83739322947369,0,0
24,315,145.16213223578947,0,0
24,316,45.792470736842105,0,0
24,317,0.0,0,0
24,318,152.48892755368422,0,0
24,319,82.88437203368422,0,0
24,320,58.614362543157895,0,0
24,321,0.0,0,0
24,322,0.0,0,0
24,323,0.0,0,0
24,324,0.0,0,0
24,325,0.0,0,0
