timepoint,transmission_line,transmission_from,transmission_to,min_flow,max_flow,hurdle_rate
1,1_to_2,1,2,-10000,10000,0
1,1_to_3,1,3,-10000,10000,0
1,2_to_4,2,4,-200,200,0
1,2_to_5,2,5,-10000,10000,0
1,2_to_6,2,6,-10000,10000,0
1,3_to_4,3,4,-10000,10000,0
1,4_to_6,4,6,-10000,10000,0
1,4_to_12,4,12,-10000,10000,0
1,5_to_7,5,7,-10000,10000,0
1,6_to_7,6,7,-10000,10000,0
1,6_to_8,6,8,-10000,10000,0
1,6_to_9,6,9,-10000,10000,0
1,6_to_10,6,10,-10000,10000,0
1,6_to_28,6,28,-10000,10000,0
1,8_to_28,8,28,-10000,10000,0
1,9_to_11,9,11,-10000,10000,0
1,9_to_10,9,10,-10000,10000,0
1,10_to_20,10,20,-10000,10000,0
1,10_to_17,10,17,-10000,10000,0
1,10_to_21,10,21,-10000,10000,0
1,10_to_22,10,22,-10000,10000,0
1,12_to_13,12,13,-10000,10000,0
1,12_to_14,12,14,-10000,10000,0
1,12_to_15,12,15,-10000,10000,0
1,12_to_16,12,16,-10000,10000,0
1,14_to_15,14,15,-10000,10000,0
1,15_to_18,15,18,-10000,10000,0
1,15_to_23,15,23,-10000,10000,0
1,16_to_17,16,17,-10000,10000,0
1,18_to_19,18,19,-10000,10000,0
1,19_to_20,19,20,-10000,10000,0
1,21_to_22,21,22,-10000,10000,0
1,22_to_24,22,24,-10000,10000,0
1,23_to_24,23,24,-10000,10000,0
1,24_to_25,24,25,-10000,10000,0
1,25_to_26,25,26,-10000,10000,0
1,25_to_27,25,27,-10000,10000,0
1,27_to_28,27,28,-10000,10000,0
1,27_to_29,27,29,-10000,10000,0
1,27_to_30,27,30,-10000,10000,0
1,29_to_30,29,30,-10000,10000,0
2,1_to_2,1,2,-10000,10000,0
2,1_to_3,1,3,-10000,10000,0
2,2_to_4,2,4,-200,200,0
2,2_to_5,2,5,-10000,10000,0
2,2_to_6,2,6,-10000,10000,0
2,3_to_4,3,4,-10000,10000,0
2,4_to_6,4,6,-10000,10000,0
2,4_to_12,4,12,-10000,10000,0
2,5_to_7,5,7,-10000,10000,0
2,6_to_7,6,7,-10000,10000,0
2,6_to_8,6,8,-10000,10000,0
2,6_to_9,6,9,-10000,10000,0
2,6_to_10,6,10,-10000,10000,0
2,6_to_28,6,28,-10000,10000,0
2,8_to_28,8,28,-10000,10000,0
2,9_to_11,9,11,-10000,10000,0
2,9_to_10,9,10,-10000,10000,0
2,10_to_20,10,20,-10000,10000,0
2,10_to_17,10,17,-10000,10000,0
2,10_to_21,10,21,-10000,10000,0
2,10_to_22,10,22,-10000,10000,0
2,12_to_13,12,13,-10000,10000,0
2,12_to_14,12,14,-10000,10000,0
2,12_to_15,12,15,-10000,10000,0
2,12_to_16,12,16,-10000,10000,0
2,14_to_15,14,15,-10000,10000,0
2,15_to_18,15,18,-10000,10000,0
2,15_to_23,15,23,-10000,10000,0
2,16_to_17,16,17,-10000,10000,0
2,18_to_19,18,19,-10000,10000,0
2,19_to_20,19,20,-10000,10000,0
2,21_to_22,21,22,-10000,10000,0
2,22_to_24,22,24,-10000,10000,0
2,23_to_24,23,24,-10000,10000,0
2,24_to_25,24,25,-10000,10000,0
2,25_to_26,25,26,-10000,10000,0
2,25_to_27,25,27,-10000,10000,0
2,27_to_28,27,28,-10000,10000,0
2,27_to_29,27,29,-10000,10000,0
2,27_to_30,27,30,-10000,10000,0
2,29_to_30,29,30,-10000,10000,0
3,1_to_2,1,2,-10000,10000,0
3,1_to_3,1,3,-10000,10000,0
3,2_to_4,2,4,-200,200,0
3,2_to_5,2,5,-10000,10000,0
3,2_to_6,2,6,-10000,10000,0
3,3_to_4,3,4,-10000,10000,0
3,4_to_6,4,6,-10000,10000,0
3,4_to_12,4,12,-10000,10000,0
3,5_to_7,5,7,-10000,10000,0
3,6_to_7,6,7,-10000,10000,0
3,6_to_8,6,8,-10000,10000,0
3,6_to_9,6,9,-10000,10000,0
3,6_to_10,6,10,-10000,10000,0
3,6_to_28,6,28,-10000,10000,0
3,8_to_28,8,28,-10000,10000,0
3,9_to_11,9,11,-10000,10000,0
3,9_to_10,9,10,-10000,10000,0
3,10_to_20,10,20,-10000,10000,0
3,10_to_17,10,17,-10000,10000,0
3,10_to_21,10,21,-10000,10000,0
3,10_to_22,10,22,-10000,10000,0
3,12_to_13,12,13,-10000,10000,0
3,12_to_14,12,14,-10000,10000,0
3,12_to_15,12,15,-10000,10000,0
3,12_to_16,12,16,-10000,10000,0
3,14_to_15,14,15,-10000,10000,0
3,15_to_18,15,18,-10000,10000,0
3,15_to_23,15,23,-10000,10000,0
3,16_to_17,16,17,-10000,10000,0
3,18_to_19,18,19,-10000,10000,0
3,19_to_20,19,20,-10000,10000,0
3,21_to_22,21,22,-10000,10000,0
3,22_to_24,22,24,-10000,10000,0
3,23_to_24,23,24,-10000,10000,0
3,24_to_25,24,25,-10000,10000,0
3,25_to_26,25,26,-10000,10000,0
3,25_to_27,25,27,-10000,10000,0
3,27_to_28,27,28,-10000,10000,0
3,27_to_29,27,29,-10000,10000,0
3,27_to_30,27,30,-10000,10000,0
3,29_to_30,29,30,-10000,10000,0
4,1_to_2,1,2,-10000,10000,0
4,1_to_3,1,3,-10000,10000,0
4,2_to_4,2,4,-200,200,0
4,2_to_5,2,5,-10000,10000,0
4,2_to_6,2,6,-10000,10000,0
4,3_to_4,3,4,-10000,10000,0
4,4_to_6,4,6,-10000,10000,0
4,4_to_12,4,12,-10000,10000,0
4,5_to_7,5,7,-10000,10000,0
4,6_to_7,6,7,-10000,10000,0
4,6_to_8,6,8,-10000,10000,0
4,6_to_9,6,9,-10000,10000,0
4,6_to_10,6,10,-10000,10000,0
4,6_to_28,6,28,-10000,10000,0
4,8_to_28,8,28,-10000,10000,0
4,9_to_11,9,11,-10000,10000,0
4,9_to_10,9,10,-10000,10000,0
4,10_to_20,10,20,-10000,10000,0
4,10_to_17,10,17,-10000,10000,0
4,10_to_21,10,21,-10000,10000,0
4,10_to_22,10,22,-10000,10000,0
4,12_to_13,12,13,-10000,10000,0
4,12_to_14,12,14,-10000,10000,0
4,12_to_15,12,15,-10000,10000,0
4,12_to_16,12,16,-10000,10000,0
4,14_to_15,14,15,-10000,10000,0
4,15_to_18,15,18,-10000,10000,0
4,15_to_23,15,23,-10000,10000,0
4,16_to_17,16,17,-10000,10000,0
4,18_to_19,18,19,-10000,10000,0
4,19_to_20,19,20,-10000,10000,0
4,21_to_22,21,22,-10000,10000,0
4,22_to_24,22,24,-10000,10000,0
4,23_to_24,23,24,-10000,10000,0
4,24_to_25,24,25,-10000,10000,0
4,25_to_26,25,26,-10000,10000,0
4,25_to_27,25,27,-10000,10000,0
4,27_to_28,27,28,-10000,10000,0
4,27_to_29,27,29,-10000,10000,0
4,27_to_30,27,30,-10000,10000,0
4,29_to_30,29,30,-10000,10000,0
5,1_to_2,1,2,-10000,10000,0
5,1_to_3,1,3,-10000,10000,0
5,2_to_4,2,4,-200,200,0
5,2_to_5,2,5,-10000,10000,0
5,2_to_6,2,6,-10000,10000,0
5,3_to_4,3,4,-10000,10000,0
5,4_to_6,4,6,-10000,10000,0
5,4_to_12,4,12,-10000,10000,0
5,5_to_7,5,7,-10000,10000,0
5,6_to_7,6,7,-10000,10000,0
5,6_to_8,6,8,-10000,10000,0
5,6_to_9,6,9,-10000,10000,0
5,6_to_10,6,10,-10000,10000,0
5,6_to_28,6,28,-10000,10000,0
5,8_to_28,8,28,-10000,10000,0
5,9_to_11,9,11,-10000,10000,0
5,9_to_10,9,10,-10000,10000,0
5,10_to_20,10,20,-10000,10000,0
5,10_to_17,10,17,-10000,10000,0
5,10_to_21,10,21,-10000,10000,0
5,10_to_22,10,22,-10000,10000,0
5,12_to_13,12,13,-10000,10000,0
5,12_to_14,12,14,-10000,10000,0
5,12_to_15,12,15,-10000,10000,0
5,12_to_16,12,16,-10000,10000,0
5,14_to_15,14,15,-10000,10000,0
5,15_to_18,15,18,-10000,10000,0
5,15_to_23,15,23,-10000,10000,0
5,16_to_17,16,17,-10000,10000,0
5,18_to_19,18,19,-10000,10000,0
5,19_to_20,19,20,-10000,10000,0
5,21_to_22,21,22,-10000,10000,0
5,22_to_24,22,24,-10000,10000,0
5,23_to_24,23,24,-10000,10000,0
5,24_to_25,24,25,-10000,10000,0
5,25_to_26,25,26,-10000,10000,0
5,25_to_27,25,27,-10000,10000,0
5,27_to_28,27,28,-10000,10000,0
5,27_to_29,27,29,-10000,10000,0
5,27_to_30,27,30,-10000,10000,0
5,29_to_30,29,30,-10000,10000,0
6,1_to_2,1,2,-10000,10000,0
6,1_to_3,1,3,-10000,10000,0
6,2_to_4,2,4,-200,200,0
6,2_to_5,2,5,-10000,10000,0
6,2_to_6,2,6,-10000,10000,0
6,3_to_4,3,4,-10000,10000,0
6,4_to_6,4,6,-10000,10000,0
6,4_to_12,4,12,-10000,10000,0
6,5_to_7,5,7,-10000,10000,0
6,6_to_7,6,7,-10000,10000,0
6,6_to_8,6,8,-10000,10000,0
6,6_to_9,6,9,-10000,10000,0
6,6_to_10,6,10,-10000,10000,0
6,6_to_28,6,28,-10000,10000,0
6,8_to_28,8,28,-10000,10000,0
6,9_to_11,9,11,-10000,10000,0
6,9_to_10,9,10,-10000,10000,0
6,10_to_20,10,20,-10000,10000,0
6,10_to_17,10,17,-10000,10000,0
6,10_to_21,10,21,-10000,10000,0
6,10_to_22,10,22,-10000,10000,0
6,12_to_13,12,13,-10000,10000,0
6,12_to_14,12,14,-10000,10000,0
6,12_to_15,12,15,-10000,10000,0
6,12_to_16,12,16,-10000,10000,0
6,14_to_15,14,15,-10000,10000,0
6,15_to_18,15,18,-10000,10000,0
6,15_to_23,15,23,-10000,10000,0
6,16_to_17,16,17,-10000,10000,0
6,18_to_19,18,19,-10000,10000,0
6,19_to_20,19,20,-10000,10000,0
6,21_to_22,21,22,-10000,10000,0
6,22_to_24,22,24,-10000,10000,0
6,23_to_24,23,24,-10000,10000,0
6,24_to_25,24,25,-10000,10000,0
6,25_to_26,25,26,-10000,10000,0
6,25_to_27,25,27,-10000,10000,0
6,27_to_28,27,28,-10000,10000,0
6,27_to_29,27,29,-10000,10000,0
6,27_to_30,27,30,-10000,10000,0
6,29_to_30,29,30,-10000,10000,0
7,1_to_2,1,2,-10000,10000,0
7,1_to_3,1,3,-10000,10000,0
7,2_to_4,2,4,-200,200,0
7,2_to_5,2,5,-10000,10000,0
7,2_to_6,2,6,-10000,10000,0
7,3_to_4,3,4,-10000,10000,0
7,4_to_6,4,6,-10000,10000,0
7,4_to_12,4,12,-10000,10000,0
7,5_to_7,5,7,-10000,10000,0
7,6_to_7,6,7,-10000,10000,0
7,6_to_8,6,8,-10000,10000,0
7,6_to_9,6,9,-10000,10000,0
7,6_to_10,6,10,-10000,10000,0
7,6_to_28,6,28,-10000,10000,0
7,8_to_28,8,28,-10000,10000,0
7,9_to_11,9,11,-10000,10000,0
7,9_to_10,9,10,-10000,10000,0
7,10_to_20,10,20,-10000,10000,0
7,10_to_17,10,17,-10000,10000,0
7,10_to_21,10,21,-10000,10000,0
7,10_to_22,10,22,-10000,10000,0
7,12_to_13,12,13,-10000,10000,0
7,12_to_14,12,14,-10000,10000,0
7,12_to_15,12,15,-10000,10000,0
7,12_to_16,12,16,-10000,10000,0
7,14_to_15,14,15,-10000,10000,0
7,15_to_18,15,18,-10000,10000,0
7,15_to_23,15,23,-10000,10000,0
7,16_to_17,16,17,-10000,10000,0
7,18_to_19,18,19,-10000,10000,0
7,19_to_20,19,20,-10000,10000,0
7,21_to_22,21,22,-10000,10000,0
7,22_to_24,22,24,-10000,10000,0
7,23_to_24,23,24,-10000,10000,0
7,24_to_25,24,25,-10000,10000,0
7,25_to_26,25,26,-10000,10000,0
7,25_to_27,25,27,-10000,10000,0
7,27_to_28,27,28,-10000,10000,0
7,27_to_29,27,29,-10000,10000,0
7,27_to_30,27,30,-10000,10000,0
7,29_to_30,29,30,-10000,10000,0
8,1_to_2,1,2,-10000,10000,0
8,1_to_3,1,3,-10000,10000,0
8,2_to_4,2,4,-200,200,0
8,2_to_5,2,5,-10000,10000,0
8,2_to_6,2,6,-10000,10000,0
8,3_to_4,3,4,-10000,10000,0
8,4_to_6,4,6,-10000,10000,0
8,4_to_12,4,12,-10000,10000,0
8,5_to_7,5,7,-10000,10000,0
8,6_to_7,6,7,-10000,10000,0
8,6_to_8,6,8,-10000,10000,0
8,6_to_9,6,9,-10000,10000,0
8,6_to_10,6,10,-10000,10000,0
8,6_to_28,6,28,-10000,10000,0
8,8_to_28,8,28,-10000,10000,0
8,9_to_11,9,11,-10000,10000,0
8,9_to_10,9,10,-10000,10000,0
8,10_to_20,10,20,-10000,10000,0
8,10_to_17,10,17,-10000,10000,0
8,10_to_21,10,21,-10000,10000,0
8,10_to_22,10,22,-10000,10000,0
8,12_to_13,12,13,-10000,10000,0
8,12_to_14,12,14,-10000,10000,0
8,12_to_15,12,15,-10000,10000,0
8,12_to_16,12,16,-10000,10000,0
8,14_to_15,14,15,-10000,10000,0
8,15_to_18,15,18,-10000,10000,0
8,15_to_23,15,23,-10000,10000,0
8,16_to_17,16,17,-10000,10000,0
8,18_to_19,18,19,-10000,10000,0
8,19_to_20,19,20,-10000,10000,0
8,21_to_22,21,22,-10000,10000,0
8,22_to_24,22,24,-10000,10000,0
8,23_to_24,23,24,-10000,10000,0
8,24_to_25,24,25,-10000,10000,0
8,25_to_26,25,26,-10000,10000,0
8,25_to_27,25,27,-10000,10000,0
8,27_to_28,27,28,-10000,10000,0
8,27_to_29,27,29,-10000,10000,0
8,27_to_30,27,30,-10000,10000,0
8,29_to_30,29,30,-10000,10000,0
9,1_to_2,1,2,-10000,10000,0
9,1_to_3,1,3,-10000,10000,0
9,2_to_4,2,4,-200,200,0
9,2_to_5,2,5,-10000,10000,0
9,2_to_6,2,6,-10000,10000,0
9,3_to_4,3,4,-10000,10000,0
9,4_to_6,4,6,-10000,10000,0
9,4_to_12,4,12,-10000,10000,0
9,5_to_7,5,7,-10000,10000,0
9,6_to_7,6,7,-10000,10000,0
9,6_to_8,6,8,-10000,10000,0
9,6_to_9,6,9,-10000,10000,0
9,6_to_10,6,10,-10000,10000,0
9,6_to_28,6,28,-10000,10000,0
9,8_to_28,8,28,-10000,10000,0
9,9_to_11,9,11,-10000,10000,0
9,9_to_10,9,10,-10000,10000,0
9,10_to_20,10,20,-10000,10000,0
9,10_to_17,10,17,-10000,10000,0
9,10_to_21,10,21,-10000,10000,0
9,10_to_22,10,22,-10000,10000,0
9,12_to_13,12,13,-10000,10000,0
9,12_to_14,12,14,-10000,10000,0
9,12_to_15,12,15,-10000,10000,0
9,12_to_16,12,16,-10000,10000,0
9,14_to_15,14,15,-10000,10000,0
9,15_to_18,15,18,-10000,10000,0
9,15_to_23,15,23,-10000,10000,0
9,16_to_17,16,17,-10000,10000,0
9,18_to_19,18,19,-10000,10000,0
9,19_to_20,19,20,-10000,10000,0
9,21_to_22,21,22,-10000,10000,0
9,22_to_24,22,24,-10000,10000,0
9,23_to_24,23,24,-10000,10000,0
9,24_to_25,24,25,-10000,10000,0
9,25_to_26,25,26,-10000,10000,0
9,25_to_27,25,27,-10000,10000,0
9,27_to_28,27,28,-10000,10000,0
9,27_to_29,27,29,-10000,10000,0
9,27_to_30,27,30,-10000,10000,0
9,29_to_30,29,30,-10000,10000,0
10,1_to_2,1,2,-10000,10000,0
10,1_to_3,1,3,-10000,10000,0
10,2_to_4,2,4,-200,200,0
10,2_to_5,2,5,-10000,10000,0
10,2_to_6,2,6,-10000,10000,0
10,3_to_4,3,4,-10000,10000,0
10,4_to_6,4,6,-10000,10000,0
10,4_to_12,4,12,-10000,10000,0
10,5_to_7,5,7,-10000,10000,0
10,6_to_7,6,7,-10000,10000,0
10,6_to_8,6,8,-10000,10000,0
10,6_to_9,6,9,-10000,10000,0
10,6_to_10,6,10,-10000,10000,0
10,6_to_28,6,28,-10000,10000,0
10,8_to_28,8,28,-10000,10000,0
10,9_to_11,9,11,-10000,10000,0
10,9_to_10,9,10,-10000,10000,0
10,10_to_20,10,20,-10000,10000,0
10,10_to_17,10,17,-10000,10000,0
10,10_to_21,10,21,-10000,10000,0
10,10_to_22,10,22,-10000,10000,0
10,12_to_13,12,13,-10000,10000,0
10,12_to_14,12,14,-10000,10000,0
10,12_to_15,12,15,-10000,10000,0
10,12_to_16,12,16,-10000,10000,0
10,14_to_15,14,15,-10000,10000,0
10,15_to_18,15,18,-10000,10000,0
10,15_to_23,15,23,-10000,10000,0
10,16_to_17,16,17,-10000,10000,0
10,18_to_19,18,19,-10000,10000,0
10,19_to_20,19,20,-10000,10000,0
10,21_to_22,21,22,-10000,10000,0
10,22_to_24,22,24,-10000,10000,0
10,23_to_24,23,24,-10000,10000,0
10,24_to_25,24,25,-10000,10000,0
10,25_to_26,25,26,-10000,10000,0
10,25_to_27,25,27,-10000,10000,0
10,27_to_28,27,28,-10000,10000,0
10,27_to_29,27,29,-10000,10000,0
10,27_to_30,27,30,-10000,10000,0
10,29_to_30,29,30,-10000,10000,0
11,1_to_2,1,2,-10000,10000,0
11,1_to_3,1,3,-10000,10000,0
11,2_to_4,2,4,-200,200,0
11,2_to_5,2,5,-10000,10000,0
11,2_to_6,2,6,-10000,10000,0
11,3_to_4,3,4,-10000,10000,0
11,4_to_6,4,6,-10000,10000,0
11,4_to_12,4,12,-10000,10000,0
11,5_to_7,5,7,-10000,10000,0
11,6_to_7,6,7,-10000,10000,0
11,6_to_8,6,8,-10000,10000,0
11,6_to_9,6,9,-10000,10000,0
11,6_to_10,6,10,-10000,10000,0
11,6_to_28,6,28,-10000,10000,0
11,8_to_28,8,28,-10000,10000,0
11,9_to_11,9,11,-10000,10000,0
11,9_to_10,9,10,-10000,10000,0
11,10_to_20,10,20,-10000,10000,0
11,10_to_17,10,17,-10000,10000,0
11,10_to_21,10,21,-10000,10000,0
11,10_to_22,10,22,-10000,10000,0
11,12_to_13,12,13,-10000,10000,0
11,12_to_14,12,14,-10000,10000,0
11,12_to_15,12,15,-10000,10000,0
11,12_to_16,12,16,-10000,10000,0
11,14_to_15,14,15,-10000,10000,0
11,15_to_18,15,18,-10000,10000,0
11,15_to_23,15,23,-10000,10000,0
11,16_to_17,16,17,-10000,10000,0
11,18_to_19,18,19,-10000,10000,0
11,19_to_20,19,20,-10000,10000,0
11,21_to_22,21,22,-10000,10000,0
11,22_to_24,22,24,-10000,10000,0
11,23_to_24,23,24,-10000,10000,0
11,24_to_25,24,25,-10000,10000,0
11,25_to_26,25,26,-10000,10000,0
11,25_to_27,25,27,-10000,10000,0
11,27_to_28,27,28,-10000,10000,0
11,27_to_29,27,29,-10000,10000,0
11,27_to_30,27,30,-10000,10000,0
11,29_to_30,29,30,-10000,10000,0
12,1_to_2,1,2,-10000,10000,0
12,1_to_3,1,3,-10000,10000,0
12,2_to_4,2,4,-200,200,0
12,2_to_5,2,5,-10000,10000,0
12,2_to_6,2,6,-10000,10000,0
12,3_to_4,3,4,-10000,10000,0
12,4_to_6,4,6,-10000,10000,0
12,4_to_12,4,12,-10000,10000,0
12,5_to_7,5,7,-10000,10000,0
12,6_to_7,6,7,-10000,10000,0
12,6_to_8,6,8,-10000,10000,0
12,6_to_9,6,9,-10000,10000,0
12,6_to_10,6,10,-10000,10000,0
12,6_to_28,6,28,-10000,10000,0
12,8_to_28,8,28,-10000,10000,0
12,9_to_11,9,11,-10000,10000,0
12,9_to_10,9,10,-10000,10000,0
12,10_to_20,10,20,-10000,10000,0
12,10_to_17,10,17,-10000,10000,0
12,10_to_21,10,21,-10000,10000,0
12,10_to_22,10,22,-10000,10000,0
12,12_to_13,12,13,-10000,10000,0
12,12_to_14,12,14,-10000,10000,0
12,12_to_15,12,15,-10000,10000,0
12,12_to_16,12,16,-10000,10000,0
12,14_to_15,14,15,-10000,10000,0
12,15_to_18,15,18,-10000,10000,0
12,15_to_23,15,23,-10000,10000,0
12,16_to_17,16,17,-10000,10000,0
12,18_to_19,18,19,-10000,10000,0
12,19_to_20,19,20,-10000,10000,0
12,21_to_22,21,22,-10000,10000,0
12,22_to_24,22,24,-10000,10000,0
12,23_to_24,23,24,-10000,10000,0
12,24_to_25,24,25,-10000,10000,0
12,25_to_26,25,26,-10000,10000,0
12,25_to_27,25,27,-10000,10000,0
12,27_to_28,27,28,-10000,10000,0
12,27_to_29,27,29,-10000,10000,0
12,27_to_30,27,30,-10000,10000,0
12,29_to_30,29,30,-10000,10000,0
13,1_to_2,1,2,-10000,10000,0
13,1_to_3,1,3,-10000,10000,0
13,2_to_4,2,4,-200,200,0
13,2_to_5,2,5,-10000,10000,0
13,2_to_6,2,6,-10000,10000,0
13,3_to_4,3,4,-10000,10000,0
13,4_to_6,4,6,-10000,10000,0
13,4_to_12,4,12,-10000,10000,0
13,5_to_7,5,7,-10000,10000,0
13,6_to_7,6,7,-10000,10000,0
13,6_to_8,6,8,-10000,10000,0
13,6_to_9,6,9,-10000,10000,0
13,6_to_10,6,10,-10000,10000,0
13,6_to_28,6,28,-10000,10000,0
13,8_to_28,8,28,-10000,10000,0
13,9_to_11,9,11,-10000,10000,0
13,9_to_10,9,10,-10000,10000,0
13,10_to_20,10,20,-10000,10000,0
13,10_to_17,10,17,-10000,10000,0
13,10_to_21,10,21,-10000,10000,0
13,10_to_22,10,22,-10000,10000,0
13,12_to_13,12,13,-10000,10000,0
13,12_to_14,12,14,-10000,10000,0
13,12_to_15,12,15,-10000,10000,0
13,12_to_16,12,16,-10000,10000,0
13,14_to_15,14,15,-10000,10000,0
13,15_to_18,15,18,-10000,10000,0
13,15_to_23,15,23,-10000,10000,0
13,16_to_17,16,17,-10000,10000,0
13,18_to_19,18,19,-10000,10000,0
13,19_to_20,19,20,-10000,10000,0
13,21_to_22,21,22,-10000,10000,0
13,22_to_24,22,24,-10000,10000,0
13,23_to_24,23,24,-10000,10000,0
13,24_to_25,24,25,-10000,10000,0
13,25_to_26,25,26,-10000,10000,0
13,25_to_27,25,27,-10000,10000,0
13,27_to_28,27,28,-10000,10000,0
13,27_to_29,27,29,-10000,10000,0
13,27_to_30,27,30,-10000,10000,0
13,29_to_30,29,30,-10000,10000,0
14,1_to_2,1,2,-10000,10000,0
14,1_to_3,1,3,-10000,10000,0
14,2_to_4,2,4,-200,200,0
14,2_to_5,2,5,-10000,10000,0
14,2_to_6,2,6,-10000,10000,0
14,3_to_4,3,4,-10000,10000,0
14,4_to_6,4,6,-10000,10000,0
14,4_to_12,4,12,-10000,10000,0
14,5_to_7,5,7,-10000,10000,0
14,6_to_7,6,7,-10000,10000,0
14,6_to_8,6,8,-10000,10000,0
14,6_to_9,6,9,-10000,10000,0
14,6_to_10,6,10,-10000,10000,0
14,6_to_28,6,28,-10000,10000,0
14,8_to_28,8,28,-10000,10000,0
14,9_to_11,9,11,-10000,10000,0
14,9_to_10,9,10,-10000,10000,0
14,10_to_20,10,20,-10000,10000,0
14,10_to_17,10,17,-10000,10000,0
14,10_to_21,10,21,-10000,10000,0
14,10_to_22,10,22,-10000,10000,0
14,12_to_13,12,13,-10000,10000,0
14,12_to_14,12,14,-10000,10000,0
14,12_to_15,12,15,-10000,10000,0
14,12_to_16,12,16,-10000,10000,0
14,14_to_15,14,15,-10000,10000,0
14,15_to_18,15,18,-10000,10000,0
14,15_to_23,15,23,-10000,10000,0
14,16_to_17,16,17,-10000,10000,0
14,18_to_19,18,19,-10000,10000,0
14,19_to_20,19,20,-10000,10000,0
14,21_to_22,21,22,-10000,10000,0
14,22_to_24,22,24,-10000,10000,0
14,23_to_24,23,24,-10000,10000,0
14,24_to_25,24,25,-10000,10000,0
14,25_to_26,25,26,-10000,10000,0
14,25_to_27,25,27,-10000,10000,0
14,27_to_28,27,28,-10000,10000,0
14,27_to_29,27,29,-10000,10000,0
14,27_to_30,27,30,-10000,10000,0
14,29_to_30,29,30,-10000,10000,0
15,1_to_2,1,2,-10000,10000,0
15,1_to_3,1,3,-10000,10000,0
15,2_to_4,2,4,-200,200,0
15,2_to_5,2,5,-10000,10000,0
15,2_to_6,2,6,-10000,10000,0
15,3_to_4,3,4,-10000,10000,0
15,4_to_6,4,6,-10000,10000,0
15,4_to_12,4,12,-10000,10000,0
15,5_to_7,5,7,-10000,10000,0
15,6_to_7,6,7,-10000,10000,0
15,6_to_8,6,8,-10000,10000,0
15,6_to_9,6,9,-10000,10000,0
15,6_to_10,6,10,-10000,10000,0
15,6_to_28,6,28,-10000,10000,0
15,8_to_28,8,28,-10000,10000,0
15,9_to_11,9,11,-10000,10000,0
15,9_to_10,9,10,-10000,10000,0
15,10_to_20,10,20,-10000,10000,0
15,10_to_17,10,17,-10000,10000,0
15,10_to_21,10,21,-10000,10000,0
15,10_to_22,10,22,-10000,10000,0
15,12_to_13,12,13,-10000,10000,0
15,12_to_14,12,14,-10000,10000,0
15,12_to_15,12,15,-10000,10000,0
15,12_to_16,12,16,-10000,10000,0
15,14_to_15,14,15,-10000,10000,0
15,15_to_18,15,18,-10000,10000,0
15,15_to_23,15,23,-10000,10000,0
15,16_to_17,16,17,-10000,10000,0
15,18_to_19,18,19,-10000,10000,0
15,19_to_20,19,20,-10000,10000,0
15,21_to_22,21,22,-10000,10000,0
15,22_to_24,22,24,-10000,10000,0
15,23_to_24,23,24,-10000,10000,0
15,24_to_25,24,25,-10000,10000,0
15,25_to_26,25,26,-10000,10000,0
15,25_to_27,25,27,-10000,10000,0
15,27_to_28,27,28,-10000,10000,0
15,27_to_29,27,29,-10000,10000,0
15,27_to_30,27,30,-10000,10000,0
15,29_to_30,29,30,-10000,10000,0
16,1_to_2,1,2,-10000,10000,0
16,1_to_3,1,3,-10000,10000,0
16,2_to_4,2,4,-200,200,0
16,2_to_5,2,5,-10000,10000,0
16,2_to_6,2,6,-10000,10000,0
16,3_to_4,3,4,-10000,10000,0
16,4_to_6,4,6,-10000,10000,0
16,4_to_12,4,12,-10000,10000,0
16,5_to_7,5,7,-10000,10000,0
16,6_to_7,6,7,-10000,10000,0
16,6_to_8,6,8,-10000,10000,0
16,6_to_9,6,9,-10000,10000,0
16,6_to_10,6,10,-10000,10000,0
16,6_to_28,6,28,-10000,10000,0
16,8_to_28,8,28,-10000,10000,0
16,9_to_11,9,11,-10000,10000,0
16,9_to_10,9,10,-10000,10000,0
16,10_to_20,10,20,-10000,10000,0
16,10_to_17,10,17,-10000,10000,0
16,10_to_21,10,21,-10000,10000,0
16,10_to_22,10,22,-10000,10000,0
16,12_to_13,12,13,-10000,10000,0
16,12_to_14,12,14,-10000,10000,0
16,12_to_15,12,15,-10000,10000,0
16,12_to_16,12,16,-10000,10000,0
16,14_to_15,14,15,-10000,10000,0
16,15_to_18,15,18,-10000,10000,0
16,15_to_23,15,23,-10000,10000,0
16,16_to_17,16,17,-10000,10000,0
16,18_to_19,18,19,-10000,10000,0
16,19_to_20,19,20,-10000,10000,0
16,21_to_22,21,22,-10000,10000,0
16,22_to_24,22,24,-10000,10000,0
16,23_to_24,23,24,-10000,10000,0
16,24_to_25,24,25,-10000,10000,0
16,25_to_26,25,26,-10000,10000,0
16,25_to_27,25,27,-10000,10000,0
16,27_to_28,27,28,-10000,10000,0
16,27_to_29,27,29,-10000,10000,0
16,27_to_30,27,30,-10000,10000,0
16,29_to_30,29,30,-10000,10000,0
17,1_to_2,1,2,-10000,10000,0
17,1_to_3,1,3,-10000,10000,0
17,2_to_4,2,4,-200,200,0
17,2_to_5,2,5,-10000,10000,0
17,2_to_6,2,6,-10000,10000,0
17,3_to_4,3,4,-10000,10000,0
17,4_to_6,4,6,-10000,10000,0
17,4_to_12,4,12,-10000,10000,0
17,5_to_7,5,7,-10000,10000,0
17,6_to_7,6,7,-10000,10000,0
17,6_to_8,6,8,-10000,10000,0
17,6_to_9,6,9,-10000,10000,0
17,6_to_10,6,10,-10000,10000,0
17,6_to_28,6,28,-10000,10000,0
17,8_to_28,8,28,-10000,10000,0
17,9_to_11,9,11,-10000,10000,0
17,9_to_10,9,10,-10000,10000,0
17,10_to_20,10,20,-10000,10000,0
17,10_to_17,10,17,-10000,10000,0
17,10_to_21,10,21,-10000,10000,0
17,10_to_22,10,22,-10000,10000,0
17,12_to_13,12,13,-10000,10000,0
17,12_to_14,12,14,-10000,10000,0
17,12_to_15,12,15,-10000,10000,0
17,12_to_16,12,16,-10000,10000,0
17,14_to_15,14,15,-10000,10000,0
17,15_to_18,15,18,-10000,10000,0
17,15_to_23,15,23,-10000,10000,0
17,16_to_17,16,17,-10000,10000,0
17,18_to_19,18,19,-10000,10000,0
17,19_to_20,19,20,-10000,10000,0
17,21_to_22,21,22,-10000,10000,0
17,22_to_24,22,24,-10000,10000,0
17,23_to_24,23,24,-10000,10000,0
17,24_to_25,24,25,-10000,10000,0
17,25_to_26,25,26,-10000,10000,0
17,25_to_27,25,27,-10000,10000,0
17,27_to_28,27,28,-10000,10000,0
17,27_to_29,27,29,-10000,10000,0
17,27_to_30,27,30,-10000,10000,0
17,29_to_30,29,30,-10000,10000,0
18,1_to_2,1,2,-10000,10000,0
18,1_to_3,1,3,-10000,10000,0
18,2_to_4,2,4,-200,200,0
18,2_to_5,2,5,-10000,10000,0
18,2_to_6,2,6,-10000,10000,0
18,3_to_4,3,4,-10000,10000,0
18,4_to_6,4,6,-10000,10000,0
18,4_to_12,4,12,-10000,10000,0
18,5_to_7,5,7,-10000,10000,0
18,6_to_7,6,7,-10000,10000,0
18,6_to_8,6,8,-10000,10000,0
18,6_to_9,6,9,-10000,10000,0
18,6_to_10,6,10,-10000,10000,0
18,6_to_28,6,28,-10000,10000,0
18,8_to_28,8,28,-10000,10000,0
18,9_to_11,9,11,-10000,10000,0
18,9_to_10,9,10,-10000,10000,0
18,10_to_20,10,20,-10000,10000,0
18,10_to_17,10,17,-10000,10000,0
18,10_to_21,10,21,-10000,10000,0
18,10_to_22,10,22,-10000,10000,0
18,12_to_13,12,13,-10000,10000,0
18,12_to_14,12,14,-10000,10000,0
18,12_to_15,12,15,-10000,10000,0
18,12_to_16,12,16,-10000,10000,0
18,14_to_15,14,15,-10000,10000,0
18,15_to_18,15,18,-10000,10000,0
18,15_to_23,15,23,-10000,10000,0
18,16_to_17,16,17,-10000,10000,0
18,18_to_19,18,19,-10000,10000,0
18,19_to_20,19,20,-10000,10000,0
18,21_to_22,21,22,-10000,10000,0
18,22_to_24,22,24,-10000,10000,0
18,23_to_24,23,24,-10000,10000,0
18,24_to_25,24,25,-10000,10000,0
18,25_to_26,25,26,-10000,10000,0
18,25_to_27,25,27,-10000,10000,0
18,27_to_28,27,28,-10000,10000,0
18,27_to_29,27,29,-10000,10000,0
18,27_to_30,27,30,-10000,10000,0
18,29_to_30,29,30,-10000,10000,0
19,1_to_2,1,2,-10000,10000,0
19,1_to_3,1,3,-10000,10000,0
19,2_to_4,2,4,-200,200,0
19,2_to_5,2,5,-10000,10000,0
19,2_to_6,2,6,-10000,10000,0
19,3_to_4,3,4,-10000,10000,0
19,4_to_6,4,6,-10000,10000,0
19,4_to_12,4,12,-10000,10000,0
19,5_to_7,5,7,-10000,10000,0
19,6_to_7,6,7,-10000,10000,0
19,6_to_8,6,8,-10000,10000,0
19,6_to_9,6,9,-10000,10000,0
19,6_to_10,6,10,-10000,10000,0
19,6_to_28,6,28,-10000,10000,0
19,8_to_28,8,28,-10000,10000,0
19,9_to_11,9,11,-10000,10000,0
19,9_to_10,9,10,-10000,10000,0
19,10_to_20,10,20,-10000,10000,0
19,10_to_17,10,17,-10000,10000,0
19,10_to_21,10,21,-10000,10000,0
19,10_to_22,10,22,-10000,10000,0
19,12_to_13,12,13,-10000,10000,0
19,12_to_14,12,14,-10000,10000,0
19,12_to_15,12,15,-10000,10000,0
19,12_to_16,12,16,-10000,10000,0
19,14_to_15,14,15,-10000,10000,0
19,15_to_18,15,18,-10000,10000,0
19,15_to_23,15,23,-10000,10000,0
19,16_to_17,16,17,-10000,10000,0
19,18_to_19,18,19,-10000,10000,0
19,19_to_20,19,20,-10000,10000,0
19,21_to_22,21,22,-10000,10000,0
19,22_to_24,22,24,-10000,10000,0
19,23_to_24,23,24,-10000,10000,0
19,24_to_25,24,25,-10000,10000,0
19,25_to_26,25,26,-10000,10000,0
19,25_to_27,25,27,-10000,10000,0
19,27_to_28,27,28,-10000,10000,0
19,27_to_29,27,29,-10000,10000,0
19,27_to_30,27,30,-10000,10000,0
19,29_to_30,29,30,-10000,10000,0
20,1_to_2,1,2,-10000,10000,0
20,1_to_3,1,3,-10000,10000,0
20,2_to_4,2,4,-200,200,0
20,2_to_5,2,5,-10000,10000,0
20,2_to_6,2,6,-10000,10000,0
20,3_to_4,3,4,-10000,10000,0
20,4_to_6,4,6,-10000,10000,0
20,4_to_12,4,12,-10000,10000,0
20,5_to_7,5,7,-10000,10000,0
20,6_to_7,6,7,-10000,10000,0
20,6_to_8,6,8,-10000,10000,0
20,6_to_9,6,9,-10000,10000,0
20,6_to_10,6,10,-10000,10000,0
20,6_to_28,6,28,-10000,10000,0
20,8_to_28,8,28,-10000,10000,0
20,9_to_11,9,11,-10000,10000,0
20,9_to_10,9,10,-10000,10000,0
20,10_to_20,10,20,-10000,10000,0
20,10_to_17,10,17,-10000,10000,0
20,10_to_21,10,21,-10000,10000,0
20,10_to_22,10,22,-10000,10000,0
20,12_to_13,12,13,-10000,10000,0
20,12_to_14,12,14,-10000,10000,0
20,12_to_15,12,15,-10000,10000,0
20,12_to_16,12,16,-10000,10000,0
20,14_to_15,14,15,-10000,10000,0
20,15_to_18,15,18,-10000,10000,0
20,15_to_23,15,23,-10000,10000,0
20,16_to_17,16,17,-10000,10000,0
20,18_to_19,18,19,-10000,10000,0
20,19_to_20,19,20,-10000,10000,0
20,21_to_22,21,22,-10000,10000,0
20,22_to_24,22,24,-10000,10000,0
20,23_to_24,23,24,-10000,10000,0
20,24_to_25,24,25,-10000,10000,0
20,25_to_26,25,26,-10000,10000,0
20,25_to_27,25,27,-10000,10000,0
20,27_to_28,27,28,-10000,10000,0
20,27_to_29,27,29,-10000,10000,0
20,27_to_30,27,30,-10000,10000,0
20,29_to_30,29,30,-10000,10000,0
21,1_to_2,1,2,-10000,10000,0
21,1_to_3,1,3,-10000,10000,0
21,2_to_4,2,4,-200,200,0
21,2_to_5,2,5,-10000,10000,0
21,2_to_6,2,6,-10000,10000,0
21,3_to_4,3,4,-10000,10000,0
21,4_to_6,4,6,-10000,10000,0
21,4_to_12,4,12,-10000,10000,0
21,5_to_7,5,7,-10000,10000,0
21,6_to_7,6,7,-10000,10000,0
21,6_to_8,6,8,-10000,10000,0
21,6_to_9,6,9,-10000,10000,0
21,6_to_10,6,10,-10000,10000,0
21,6_to_28,6,28,-10000,10000,0
21,8_to_28,8,28,-10000,10000,0
21,9_to_11,9,11,-10000,10000,0
21,9_to_10,9,10,-10000,10000,0
21,10_to_20,10,20,-10000,10000,0
21,10_to_17,10,17,-10000,10000,0
21,10_to_21,10,21,-10000,10000,0
21,10_to_22,10,22,-10000,10000,0
21,12_to_13,12,13,-10000,10000,0
21,12_to_14,12,14,-10000,10000,0
21,12_to_15,12,15,-10000,10000,0
21,12_to_16,12,16,-10000,10000,0
21,14_to_15,14,15,-10000,10000,0
21,15_to_18,15,18,-10000,10000,0
21,15_to_23,15,23,-10000,10000,0
21,16_to_17,16,17,-10000,10000,0
21,18_to_19,18,19,-10000,10000,0
21,19_to_20,19,20,-10000,10000,0
21,21_to_22,21,22,-10000,10000,0
21,22_to_24,22,24,-10000,10000,0
21,23_to_24,23,24,-10000,10000,0
21,24_to_25,24,25,-10000,10000,0
21,25_to_26,25,26,-10000,10000,0
21,25_to_27,25,27,-10000,10000,0
21,27_to_28,27,28,-10000,10000,0
21,27_to_29,27,29,-10000,10000,0
21,27_to_30,27,30,-10000,10000,0
21,29_to_30,29,30,-10000,10000,0
22,1_to_2,1,2,-10000,10000,0
22,1_to_3,1,3,-10000,10000,0
22,2_to_4,2,4,-200,200,0
22,2_to_5,2,5,-10000,10000,0
22,2_to_6,2,6,-10000,10000,0
22,3_to_4,3,4,-10000,10000,0
22,4_to_6,4,6,-10000,10000,0
22,4_to_12,4,12,-10000,10000,0
22,5_to_7,5,7,-10000,10000,0
22,6_to_7,6,7,-10000,10000,0
22,6_to_8,6,8,-10000,10000,0
22,6_to_9,6,9,-10000,10000,0
22,6_to_10,6,10,-10000,10000,0
22,6_to_28,6,28,-10000,10000,0
22,8_to_28,8,28,-10000,10000,0
22,9_to_11,9,11,-10000,10000,0
22,9_to_10,9,10,-10000,10000,0
22,10_to_20,10,20,-10000,10000,0
22,10_to_17,10,17,-10000,10000,0
22,10_to_21,10,21,-10000,10000,0
22,10_to_22,10,22,-10000,10000,0
22,12_to_13,12,13,-10000,10000,0
22,12_to_14,12,14,-10000,10000,0
22,12_to_15,12,15,-10000,10000,0
22,12_to_16,12,16,-10000,10000,0
22,14_to_15,14,15,-10000,10000,0
22,15_to_18,15,18,-10000,10000,0
22,15_to_23,15,23,-10000,10000,0
22,16_to_17,16,17,-10000,10000,0
22,18_to_19,18,19,-10000,10000,0
22,19_to_20,19,20,-10000,10000,0
22,21_to_22,21,22,-10000,10000,0
22,22_to_24,22,24,-10000,10000,0
22,23_to_24,23,24,-10000,10000,0
22,24_to_25,24,25,-10000,10000,0
22,25_to_26,25,26,-10000,10000,0
22,25_to_27,25,27,-10000,10000,0
22,27_to_28,27,28,-10000,10000,0
22,27_to_29,27,29,-10000,10000,0
22,27_to_30,27,30,-10000,10000,0
22,29_to_30,29,30,-10000,10000,0
23,1_to_2,1,2,-10000,10000,0
23,1_to_3,1,3,-10000,10000,0
23,2_to_4,2,4,-200,200,0
23,2_to_5,2,5,-10000,10000,0
23,2_to_6,2,6,-10000,10000,0
23,3_to_4,3,4,-10000,10000,0
23,4_to_6,4,6,-10000,10000,0
23,4_to_12,4,12,-10000,10000,0
23,5_to_7,5,7,-10000,10000,0
23,6_to_7,6,7,-10000,10000,0
23,6_to_8,6,8,-10000,10000,0
23,6_to_9,6,9,-10000,10000,0
23,6_to_10,6,10,-10000,10000,0
23,6_to_28,6,28,-10000,10000,0
23,8_to_28,8,28,-10000,10000,0
23,9_to_11,9,11,-10000,10000,0
23,9_to_10,9,10,-10000,10000,0
23,10_to_20,10,20,-10000,10000,0
23,10_to_17,10,17,-10000,10000,0
23,10_to_21,10,21,-10000,10000,0
23,10_to_22,10,22,-10000,10000,0
23,12_to_13,12,13,-10000,10000,0
23,12_to_14,12,14,-10000,10000,0
23,12_to_15,12,15,-10000,10000,0
23,12_to_16,12,16,-10000,10000,0
23,14_to_15,14,15,-10000,10000,0
23,15_to_18,15,18,-10000,10000,0
23,15_to_23,15,23,-10000,10000,0
23,16_to_17,16,17,-10000,10000,0
23,18_to_19,18,19,-10000,10000,0
23,19_to_20,19,20,-10000,10000,0
23,21_to_22,21,22,-10000,10000,0
23,22_to_24,22,24,-10000,10000,0
23,23_to_24,23,24,-10000,10000,0
23,24_to_25,24,25,-10000,10000,0
23,25_to_26,25,26,-10000,10000,0
23,25_to_27,25,27,-10000,10000,0
23,27_to_28,27,28,-10000,10000,0
23,27_to_29,27,29,-10000,10000,0
23,27_to_30,27,30,-10000,10000,0
23,29_to_30,29,30,-10000,10000,0
24,1_to_2,1,2,-10000,10000,0
24,1_to_3,1,3,-10000,10000,0
24,2_to_4,2,4,-200,200,0
24,2_to_5,2,5,-10000,10000,0
24,2_to_6,2,6,-10000,10000,0
24,3_to_4,3,4,-10000,10000,0
24,4_to_6,4,6,-10000,10000,0
24,4_to_12,4,12,-10000,10000,0
24,5_to_7,5,7,-10000,10000,0
24,6_to_7,6,7,-10000,10000,0
24,6_to_8,6,8,-10000,10000,0
24,6_to_9,6,9,-10000,10000,0
24,6_to_10,6,10,-10000,10000,0
24,6_to_28,6,28,-10000,10000,0
24,8_to_28,8,28,-10000,10000,0
24,9_to_11,9,11,-10000,10000,0
24,9_to_10,9,10,-10000,10000,0
24,10_to_20,10,20,-10000,10000,0
24,10_to_17,10,17,-10000,10000,0
24,10_to_21,10,21,-10000,10000,0
24,10_to_22,10,22,-10000,10000,0
24,12_to_13,12,13,-10000,10000,0
24,12_to_14,12,14,-10000,10000,0
24,12_to_15,12,15,-10000,10000,0
24,12_to_16,12,16,-10000,10000,0
24,14_to_15,14,15,-10000,10000,0
24,15_to_18,15,18,-10000,10000,0
24,15_to_23,15,23,-10000,10000,0
24,16_to_17,16,17,-10000,10000,0
24,18_to_19,18,19,-10000,10000,0
24,19_to_20,19,20,-10000,10000,0
24,21_to_22,21,22,-10000,10000,0
24,22_to_24,22,24,-10000,10000,0
24,23_to_24,23,24,-10000,10000,0
24,24_to_25,24,25,-10000,10000,0
24,25_to_26,25,26,-10000,10000,0
24,25_to_27,25,27,-10000,10000,0
24,27_to_28,27,28,-10000,10000,0
24,27_to_29,27,29,-10000,10000,0
24,27_to_30,27,30,-10000,10000,0
24,29_to_30,29,30,-10000,10000,0
