,hour,dispatch,dual,offer,lmp,capacity
320_PV_1-1,1,37.433333,0.000000,0.000000,0.000000,37.433333
314_PV_1-1,1,36.458333,0.000000,0.000000,0.000000,36.458333
314_PV_2-1,1,35.891667,0.000000,0.000000,0.000000,35.891667
313_PV_1-1,1,65.116667,0.000000,0.000000,0.000000,65.116667
314_PV_3-1,1,59.958333,0.000000,0.000000,0.000000,59.958333
314_PV_4-1,1,34.508333,0.000000,0.000000,0.000000,34.508333
313_PV_2-1,1,67.858333,0.000000,0.000000,0.000000,67.858333
310_PV_1-1,1,36.241667,0.000000,0.000000,0.000000,36.241667
324_PV_1-1,1,40.208333,0.000000,0.000000,0.000000,40.208333
312_PV_1-1,1,60.858333,0.000000,0.000000,0.000000,60.858333
310_PV_2-1,1,34.658333,0.000000,0.000000,0.000000,34.658333
324_PV_2-1,1,39.700000,0.000000,0.000000,0.000000,39.700000
324_PV_3-1,1,39.066667,0.000000,0.000000,0.000000,39.066667
319_PV_1-1,1,138.575000,0.000000,0.000000,0.000000,138.575000
308_RTPV_1-1,1,64.608333,0.000000,0.000000,0.000000,64.608333
313_RTPV_1-1,1,51.825000,0.000000,0.000000,0.000000,51.825000
313_RTPV_2-1,1,36.333333,0.000000,0.000000,0.000000,36.333333
313_RTPV_3-1,1,32.966667,0.000000,0.000000,0.000000,32.966667
313_RTPV_4-1,1,31.733333,0.000000,0.000000,0.000000,31.733333
313_RTPV_5-1,1,41.625000,0.000000,0.000000,0.000000,41.625000
313_RTPV_6-1,1,35.858333,0.000000,0.000000,0.000000,35.858333
313_RTPV_7-1,1,33.533333,0.000000,0.000000,0.000000,33.533333
313_RTPV_8-1,1,41.650000,0.000000,0.000000,0.000000,41.650000
313_RTPV_9-1,1,30.283333,0.000000,0.000000,0.000000,30.283333
313_RTPV_10-1,1,38.683333,0.000000,0.000000,0.000000,38.683333
313_RTPV_11-1,1,39.200000,0.000000,0.000000,0.000000,39.200000
313_RTPV_12-1,1,16.691667,0.000000,0.000000,0.000000,16.691667
320_RTPV_1-1,1,8.281101,0.000000,0.000000,0.000000,16.825000
320_RTPV_2-1,1,14.208333,0.000000,0.000000,0.000000,14.208333
320_RTPV_3-1,1,14.925000,0.000000,0.000000,0.000000,14.925000
313_RTPV_13-1,1,15.525000,0.000000,0.000000,0.000000,15.525000
320_RTPV_4-1,1,0.000000,0.000000,0.000000,0.000000,14.200000
320_RTPV_5-1,1,17.316667,0.000000,0.000000,0.000000,17.316667
320_RTPV_6-1,1,0.000000,0.000000,0.000000,0.000000,4.891667
309_WIND_1-1,1,0.958333,0.000000,0.000000,0.000000,0.958333
317_WIND_1-1,1,9.075000,0.000000,0.000000,0.000000,9.075000
303_WIND_1-1,1,21.708333,0.000000,0.000000,0.000000,21.708333
320_PV_1-2,2,33.383333,15.731579,0.000000,15.731579,33.383333
314_PV_1-2,2,30.808333,15.731579,0.000000,15.731579,30.808333
314_PV_2-2,2,30.383333,15.731579,0.000000,15.731579,30.383333
313_PV_1-2,2,48.891667,15.731579,0.000000,15.731579,48.891667
314_PV_3-2,2,47.041667,15.731579,0.000000,15.731579,47.041667
314_PV_4-2,2,30.283333,15.731579,0.000000,15.731579,30.283333
313_PV_2-2,2,52.733333,15.731579,0.000000,15.731579,52.733333
310_PV_1-2,2,31.100000,15.731579,0.000000,15.731579,31.100000
324_PV_1-2,2,34.358333,15.731579,0.000000,15.731579,34.358333
312_PV_1-2,2,47.175000,15.731579,0.000000,15.731579,47.175000
310_PV_2-2,2,31.216667,15.731579,0.000000,15.731579,31.216667
324_PV_2-2,2,34.216667,15.731579,0.000000,15.731579,34.216667
324_PV_3-2,2,33.341667,15.731579,0.000000,15.731579,33.341667
319_PV_1-2,2,114.858333,15.731579,0.000000,15.731579,114.858333
308_RTPV_1-2,2,40.683333,15.731579,0.000000,15.731579,40.683333
313_RTPV_1-2,2,30.841667,15.731579,0.000000,15.731579,30.841667
313_RTPV_2-2,2,23.275000,15.731579,0.000000,15.731579,23.275000
313_RTPV_3-2,2,20.100000,15.731579,0.000000,15.731579,20.100000
313_RTPV_4-2,2,19.050000,15.731579,0.000000,15.731579,19.050000
313_RTPV_5-2,2,25.391667,15.731579,0.000000,15.731579,25.391667
313_RTPV_6-2,2,21.125000,15.731579,0.000000,15.731579,21.125000
313_RTPV_7-2,2,20.700000,15.731579,0.000000,15.731579,20.700000
313_RTPV_8-2,2,26.000000,15.731579,0.000000,15.731579,26.000000
313_RTPV_9-2,2,18.358333,15.731579,0.000000,15.731579,18.358333
313_RTPV_10-2,2,23.983333,15.731579,0.000000,15.731579,23.983333
313_RTPV_11-2,2,24.325000,15.731579,0.000000,15.731579,24.325000
313_RTPV_12-2,2,10.325000,15.731579,0.000000,15.731579,10.325000
320_RTPV_1-2,2,10.408333,15.731579,0.000000,15.731579,10.408333
320_RTPV_2-2,2,8.275000,15.731579,0.000000,15.731579,8.275000
320_RTPV_3-2,2,9.233333,15.731579,0.000000,15.731579,9.233333
313_RTPV_13-2,2,9.450000,15.731579,0.000000,15.731579,9.450000
320_RTPV_4-2,2,8.783333,15.731579,0.000000,15.731579,8.783333
320_RTPV_5-2,2,10.808333,15.731579,0.000000,15.731579,10.808333
320_RTPV_6-2,2,2.900000,15.731579,0.000000,15.731579,2.900000
309_WIND_1-2,2,1.483333,15.731579,0.000000,15.731579,1.483333
317_WIND_1-2,2,7.808333,15.731579,0.000000,15.731579,7.808333
303_WIND_1-2,2,48.875000,15.731579,0.000000,15.731579,48.875000
320_PV_1-3,3,20.225000,25.908321,0.000000,25.908321,20.225000
314_PV_1-3,3,15.991667,25.908321,0.000000,25.908321,15.991667
314_PV_2-3,3,14.400000,25.908321,0.000000,25.908321,14.400000
313_PV_1-3,3,19.841667,25.908321,0.000000,25.908321,19.841667
314_PV_3-3,3,19.516667,25.908321,0.000000,25.908321,19.516667
314_PV_4-3,3,16.433333,25.908321,0.000000,25.908321,16.433333
313_PV_2-3,3,21.333333,25.908321,0.000000,25.908321,21.333333
310_PV_1-3,3,14.016667,25.908321,0.000000,25.908321,14.016667
324_PV_1-3,3,16.350000,25.908321,0.000000,25.908321,16.350000
312_PV_1-3,3,19.258333,25.908321,0.000000,25.908321,19.258333
310_PV_2-3,3,14.141667,25.908321,0.000000,25.908321,14.141667
324_PV_2-3,3,16.816667,25.908321,0.000000,25.908321,16.816667
324_PV_3-3,3,16.341667,25.908321,0.000000,25.908321,16.341667
319_PV_1-3,3,37.700000,25.908321,0.000000,25.908321,37.700000
308_RTPV_1-3,3,11.125000,25.908321,0.000000,25.908321,11.125000
313_RTPV_1-3,3,6.566667,25.908321,0.000000,25.908321,6.566667
313_RTPV_2-3,3,5.666667,25.908321,0.000000,25.908321,5.666667
313_RTPV_3-3,3,5.875000,25.908321,0.000000,25.908321,5.875000
313_RTPV_4-3,3,4.866667,25.908321,0.000000,25.908321,4.866667
313_RTPV_5-3,3,5.100000,25.908321,0.000000,25.908321,5.100000
313_RTPV_6-3,3,4.466667,25.908321,0.000000,25.908321,4.466667
313_RTPV_7-3,3,4.458333,25.908321,0.000000,25.908321,4.458333
313_RTPV_8-3,3,6.583333,25.908321,0.000000,25.908321,6.583333
313_RTPV_9-3,3,3.216667,25.908321,0.000000,25.908321,3.216667
313_RTPV_10-3,3,5.633333,25.908321,0.000000,25.908321,5.633333
313_RTPV_11-3,3,6.233333,25.908321,0.000000,25.908321,6.233333
313_RTPV_12-3,3,2.450000,25.908321,0.000000,25.908321,2.450000
320_RTPV_1-3,3,2.516667,25.908321,0.000000,25.908321,2.516667
320_RTPV_2-3,3,2.158333,25.908321,0.000000,25.908321,2.158333
320_RTPV_3-3,3,2.308333,25.908321,0.000000,25.908321,2.308333
313_RTPV_13-3,3,1.975000,25.908321,0.000000,25.908321,1.975000
320_RTPV_4-3,3,2.025000,25.908321,0.000000,25.908321,2.025000
320_RTPV_5-3,3,2.491667,25.908321,0.000000,25.908321,2.491667
320_RTPV_6-3,3,0.966667,25.908321,0.000000,25.908321,0.966667
309_WIND_1-3,3,2.758333,25.908321,0.000000,25.908321,2.758333
317_WIND_1-3,3,8.591667,25.908321,0.000000,25.908321,8.591667
303_WIND_1-3,3,87.633333,25.908321,0.000000,25.908321,87.633333
320_PV_1-4,4,0.000000,26.429209,0.000000,26.429209,0.000000
314_PV_1-4,4,0.000000,26.429209,0.000000,26.429209,0.000000
314_PV_2-4,4,0.000000,26.429209,0.000000,26.429209,0.000000
313_PV_1-4,4,0.000000,26.429209,0.000000,26.429209,0.000000
314_PV_3-4,4,0.000000,26.429209,0.000000,26.429209,0.000000
314_PV_4-4,4,0.000000,26.429209,0.000000,26.429209,0.000000
313_PV_2-4,4,0.000000,26.429209,0.000000,26.429209,0.000000
310_PV_1-4,4,0.000000,26.429209,0.000000,26.429209,0.000000
324_PV_1-4,4,0.000000,26.429209,0.000000,26.429209,0.000000
312_PV_1-4,4,0.000000,26.429209,0.000000,26.429209,0.000000
310_PV_2-4,4,0.000000,26.429209,0.000000,26.429209,0.000000
324_PV_2-4,4,0.000000,26.429209,0.000000,26.429209,0.000000
324_PV_3-4,4,0.000000,26.429209,0.000000,26.429209,0.000000
319_PV_1-4,4,0.000000,26.429209,0.000000,26.429209,0.000000
308_RTPV_1-4,4,0.000000,26.429209,0.000000,26.429209,0.000000
313_RTPV_1-4,4,0.000000,26.429209,0.000000,26.429209,0.000000
313_RTPV_2-4,4,0.000000,26.429209,0.000000,26.429209,0.000000
313_RTPV_3-4,4,0.000000,26.429209,0.000000,26.429209,0.000000
313_RTPV_4-4,4,0.000000,26.429209,0.000000,26.429209,0.000000
313_RTPV_5-4,4,0.000000,26.429209,0.000000,26.429209,0.000000
313_RTPV_6-4,4,0.000000,26.429209,0.000000,26.429209,0.000000
313_RTPV_7-4,4,0.000000,26.429209,0.000000,26.429209,0.000000
313_RTPV_8-4,4,0.000000,26.429209,0.000000,26.429209,0.000000
313_RTPV_9-4,4,0.000000,26.429209,0.000000,26.429209,0.000000
313_RTPV_10-4,4,0.000000,26.429209,0.000000,26.429209,0.000000
313_RTPV_11-4,4,0.000000,26.429209,0.000000,26.429209,0.000000
313_RTPV_12-4,4,0.000000,26.429209,0.000000,26.429209,0.000000
320_RTPV_1-4,4,0.000000,26.429209,0.000000,26.429209,0.000000
320_RTPV_2-4,4,0.000000,26.429209,0.000000,26.429209,0.000000
320_RTPV_3-4,4,0.000000,26.429209,0.000000,26.429209,0.000000
313_RTPV_13-4,4,0.000000,26.429209,0.000000,26.429209,0.000000
320_RTPV_4-4,4,0.000000,26.429209,0.000000,26.429209,0.000000
320_RTPV_5-4,4,0.000000,26.429209,0.000000,26.429209,0.000000
320_RTPV_6-4,4,0.000000,26.429209,0.000000,26.429209,0.000000
309_WIND_1-4,4,1.525000,26.429209,0.000000,26.429209,1.525000
317_WIND_1-4,4,6.916667,26.429209,0.000000,26.429209,6.916667
303_WIND_1-4,4,57.233333,26.429209,0.000000,26.429209,57.233333
320_PV_1-5,5,0.000000,26.429209,0.000000,26.429209,0.000000
314_PV_1-5,5,0.000000,26.429209,0.000000,26.429209,0.000000
314_PV_2-5,5,0.000000,26.429209,0.000000,26.429209,0.000000
313_PV_1-5,5,0.000000,26.429209,0.000000,26.429209,0.000000
314_PV_3-5,5,0.000000,26.429209,0.000000,26.429209,0.000000
314_PV_4-5,5,0.000000,26.429209,0.000000,26.429209,0.000000
313_PV_2-5,5,0.000000,26.429209,0.000000,26.429209,0.000000
310_PV_1-5,5,0.000000,26.429209,0.000000,26.429209,0.000000
324_PV_1-5,5,0.000000,26.429209,0.000000,26.429209,0.000000
312_PV_1-5,5,0.000000,26.429209,0.000000,26.429209,0.000000
310_PV_2-5,5,0.000000,26.429209,0.000000,26.429209,0.000000
324_PV_2-5,5,0.000000,26.429209,0.000000,26.429209,0.000000
324_PV_3-5,5,0.000000,26.429209,0.000000,26.429209,0.000000
319_PV_1-5,5,0.000000,26.429209,0.000000,26.429209,0.000000
308_RTPV_1-5,5,0.000000,26.429209,0.000000,26.429209,0.000000
313_RTPV_1-5,5,0.000000,26.429209,0.000000,26.429209,0.000000
313_RTPV_2-5,5,0.000000,26.429209,0.000000,26.429209,0.000000
313_RTPV_3-5,5,0.000000,26.429209,0.000000,26.429209,0.000000
313_RTPV_4-5,5,0.000000,26.429209,0.000000,26.429209,0.000000
313_RTPV_5-5,5,0.000000,26.429209,0.000000,26.429209,0.000000
313_RTPV_6-5,5,0.000000,26.429209,0.000000,26.429209,0.000000
313_RTPV_7-5,5,0.000000,26.429209,0.000000,26.429209,0.000000
313_RTPV_8-5,5,0.000000,26.429209,0.000000,26.429209,0.000000
313_RTPV_9-5,5,0.000000,26.429209,0.000000,26.429209,0.000000
313_RTPV_10-5,5,0.000000,26.429209,0.000000,26.429209,0.000000
313_RTPV_11-5,5,0.000000,26.429209,0.000000,26.429209,0.000000
313_RTPV_12-5,5,0.000000,26.429209,0.000000,26.429209,0.000000
320_RTPV_1-5,5,0.000000,26.429209,0.000000,26.429209,0.000000
320_RTPV_2-5,5,0.000000,26.429209,0.000000,26.429209,0.000000
320_RTPV_3-5,5,0.000000,26.429209,0.000000,26.429209,0.000000
313_RTPV_13-5,5,0.000000,26.429209,0.000000,26.429209,0.000000
320_RTPV_4-5,5,0.000000,26.429209,0.000000,26.429209,0.000000
320_RTPV_5-5,5,0.000000,26.429209,0.000000,26.429209,0.000000
320_RTPV_6-5,5,0.000000,26.429209,0.000000,26.429209,0.000000
309_WIND_1-5,5,1.116667,26.429209,0.000000,26.429209,1.116667
317_WIND_1-5,5,9.258333,26.429209,0.000000,26.429209,9.258333
303_WIND_1-5,5,50.166667,26.429209,0.000000,26.429209,50.166667
320_PV_1-6,6,0.000000,26.429209,0.000000,26.429209,0.000000
314_PV_1-6,6,0.000000,26.429209,0.000000,26.429209,0.000000
314_PV_2-6,6,0.000000,26.429209,0.000000,26.429209,0.000000
313_PV_1-6,6,0.000000,26.429209,0.000000,26.429209,0.000000
314_PV_3-6,6,0.000000,26.429209,0.000000,26.429209,0.000000
314_PV_4-6,6,0.000000,26.429209,0.000000,26.429209,0.000000
313_PV_2-6,6,0.000000,26.429209,0.000000,26.429209,0.000000
310_PV_1-6,6,0.000000,26.429209,0.000000,26.429209,0.000000
324_PV_1-6,6,0.000000,26.429209,0.000000,26.429209,0.000000
312_PV_1-6,6,0.000000,26.429209,0.000000,26.429209,0.000000
310_PV_2-6,6,0.000000,26.429209,0.000000,26.429209,0.000000
324_PV_2-6,6,0.000000,26.429209,0.000000,26.429209,0.000000
324_PV_3-6,6,0.000000,26.429209,0.000000,26.429209,0.000000
319_PV_1-6,6,0.000000,26.429209,0.000000,26.429209,0.000000
308_RTPV_1-6,6,0.000000,26.429209,0.000000,26.429209,0.000000
313_RTPV_1-6,6,0.000000,26.429209,0.000000,26.429209,0.000000
313_RTPV_2-6,6,0.000000,26.429209,0.000000,26.429209,0.000000
313_RTPV_3-6,6,0.000000,26.429209,0.000000,26.429209,0.000000
313_RTPV_4-6,6,0.000000,26.429209,0.000000,26.429209,0.000000
313_RTPV_5-6,6,0.000000,26.429209,0.000000,26.429209,0.000000
313_RTPV_6-6,6,0.000000,26.429209,0.000000,26.429209,0.000000
313_RTPV_7-6,6,0.000000,26.429209,0.000000,26.429209,0.000000
313_RTPV_8-6,6,0.000000,26.429209,0.000000,26.429209,0.000000
313_RTPV_9-6,6,0.000000,26.429209,0.000000,26.429209,0.000000
313_RTPV_10-6,6,0.000000,26.429209,0.000000,26.429209,0.000000
313_RTPV_11-6,6,0.000000,26.429209,0.000000,26.429209,0.000000
313_RTPV_12-6,6,0.000000,26.429209,0.000000,26.429209,0.000000
320_RTPV_1-6,6,0.000000,26.429209,0.000000,26.429209,0.000000
320_RTPV_2-6,6,0.000000,26.429209,0.000000,26.429209,0.000000
320_RTPV_3-6,6,0.000000,26.429209,0.000000,26.429209,0.000000
313_RTPV_13-6,6,0.000000,26.429209,0.000000,26.429209,0.000000
320_RTPV_4-6,6,0.000000,26.429209,0.000000,26.429209,0.000000
320_RTPV_5-6,6,0.000000,26.429209,0.000000,26.429209,0.000000
320_RTPV_6-6,6,0.000000,26.429209,0.000000,26.429209,0.000000
309_WIND_1-6,6,0.933333,26.429209,0.000000,26.429209,0.933333
317_WIND_1-6,6,8.766667,26.429209,0.000000,26.429209,8.766667
303_WIND_1-6,6,45.741667,26.429209,0.000000,26.429209,45.741667
320_PV_1-7,7,0.000000,26.429209,0.000000,26.429209,0.000000
314_PV_1-7,7,0.000000,26.429209,0.000000,26.429209,0.000000
314_PV_2-7,7,0.000000,26.429209,0.000000,26.429209,0.000000
313_PV_1-7,7,0.000000,26.429209,0.000000,26.429209,0.000000
314_PV_3-7,7,0.000000,26.429209,0.000000,26.429209,0.000000
314_PV_4-7,7,0.000000,26.429209,0.000000,26.429209,0.000000
313_PV_2-7,7,0.000000,26.429209,0.000000,26.429209,0.000000
310_PV_1-7,7,0.000000,26.429209,0.000000,26.429209,0.000000
324_PV_1-7,7,0.000000,26.429209,0.000000,26.429209,0.000000
312_PV_1-7,7,0.000000,26.429209,0.000000,26.429209,0.000000
310_PV_2-7,7,0.000000,26.429209,0.000000,26.429209,0.000000
324_PV_2-7,7,0.000000,26.429209,0.000000,26.429209,0.000000
324_PV_3-7,7,0.000000,26.429209,0.000000,26.429209,0.000000
319_PV_1-7,7,0.000000,26.429209,0.000000,26.429209,0.000000
308_RTPV_1-7,7,0.000000,26.429209,0.000000,26.429209,0.000000
313_RTPV_1-7,7,0.000000,26.429209,0.000000,26.429209,0.000000
313_RTPV_2-7,7,0.000000,26.429209,0.000000,26.429209,0.000000
313_RTPV_3-7,7,0.000000,26.429209,0.000000,26.429209,0.000000
313_RTPV_4-7,7,0.000000,26.429209,0.000000,26.429209,0.000000
313_RTPV_5-7,7,0.000000,26.429209,0.000000,26.429209,0.000000
313_RTPV_6-7,7,0.000000,26.429209,0.000000,26.429209,0.000000
313_RTPV_7-7,7,0.000000,26.429209,0.000000,26.429209,0.000000
313_RTPV_8-7,7,0.000000,26.429209,0.000000,26.429209,0.000000
313_RTPV_9-7,7,0.000000,26.429209,0.000000,26.429209,0.000000
313_RTPV_10-7,7,0.000000,26.429209,0.000000,26.429209,0.000000
313_RTPV_11-7,7,0.000000,26.429209,0.000000,26.429209,0.000000
313_RTPV_12-7,7,0.000000,26.429209,0.000000,26.429209,0.000000
320_RTPV_1-7,7,0.000000,26.429209,0.000000,26.429209,0.000000
320_RTPV_2-7,7,0.000000,26.429209,0.000000,26.429209,0.000000
320_RTPV_3-7,7,0.000000,26.429209,0.000000,26.429209,0.000000
313_RTPV_13-7,7,0.000000,26.429209,0.000000,26.429209,0.000000
320_RTPV_4-7,7,0.000000,26.429209,0.000000,26.429209,0.000000
320_RTPV_5-7,7,0.000000,26.429209,0.000000,26.429209,0.000000
320_RTPV_6-7,7,0.000000,26.429209,0.000000,26.429209,0.000000
309_WIND_1-7,7,1.116667,26.429209,0.000000,26.429209,1.116667
317_WIND_1-7,7,7.466667,26.429209,0.000000,26.429209,7.466667
303_WIND_1-7,7,42.558333,26.429209,0.000000,26.429209,42.558333
320_PV_1-8,8,0.000000,26.429209,0.000000,26.429209,0.000000
314_PV_1-8,8,0.000000,26.429209,0.000000,26.429209,0.000000
314_PV_2-8,8,0.000000,26.429209,0.000000,26.429209,0.000000
313_PV_1-8,8,0.000000,26.429209,0.000000,26.429209,0.000000
314_PV_3-8,8,0.000000,26.429209,0.000000,26.429209,0.000000
314_PV_4-8,8,0.000000,26.429209,0.000000,26.429209,0.000000
313_PV_2-8,8,0.000000,26.429209,0.000000,26.429209,0.000000
310_PV_1-8,8,0.000000,26.429209,0.000000,26.429209,0.000000
324_PV_1-8,8,0.000000,26.429209,0.000000,26.429209,0.000000
312_PV_1-8,8,0.000000,26.429209,0.000000,26.429209,0.000000
310_PV_2-8,8,0.000000,26.429209,0.000000,26.429209,0.000000
324_PV_2-8,8,0.000000,26.429209,0.000000,26.429209,0.000000
324_PV_3-8,8,0.000000,26.429209,0.000000,26.429209,0.000000
319_PV_1-8,8,0.000000,26.429209,0.000000,26.429209,0.000000
308_RTPV_1-8,8,0.000000,26.429209,0.000000,26.429209,0.000000
313_RTPV_1-8,8,0.000000,26.429209,0.000000,26.429209,0.000000
313_RTPV_2-8,8,0.000000,26.429209,0.000000,26.429209,0.000000
313_RTPV_3-8,8,0.000000,26.429209,0.000000,26.429209,0.000000
313_RTPV_4-8,8,0.000000,26.429209,0.000000,26.429209,0.000000
313_RTPV_5-8,8,0.000000,26.429209,0.000000,26.429209,0.000000
313_RTPV_6-8,8,0.000000,26.429209,0.000000,26.429209,0.000000
313_RTPV_7-8,8,0.000000,26.429209,0.000000,26.429209,0.000000
313_RTPV_8-8,8,0.000000,26.429209,0.000000,26.429209,0.000000
313_RTPV_9-8,8,0.000000,26.429209,0.000000,26.429209,0.000000
313_RTPV_10-8,8,0.000000,26.429209,0.000000,26.429209,0.000000
313_RTPV_11-8,8,0.000000,26.429209,0.000000,26.429209,0.000000
313_RTPV_12-8,8,0.000000,26.429209,0.000000,26.429209,0.000000
320_RTPV_1-8,8,0.000000,26.429209,0.000000,26.429209,0.000000
320_RTPV_2-8,8,0.000000,26.429209,0.000000,26.429209,0.000000
320_RTPV_3-8,8,0.000000,26.429209,0.000000,26.429209,0.000000
313_RTPV_13-8,8,0.000000,26.429209,0.000000,26.429209,0.000000
320_RTPV_4-8,8,0.000000,26.429209,0.000000,26.429209,0.000000
320_RTPV_5-8,8,0.000000,26.429209,0.000000,26.429209,0.000000
320_RTPV_6-8,8,0.000000,26.429209,0.000000,26.429209,0.000000
309_WIND_1-8,8,0.783333,26.429209,0.000000,26.429209,0.783333
317_WIND_1-8,8,5.775000,26.429209,0.000000,26.429209,5.775000
303_WIND_1-8,8,36.525000,26.429209,0.000000,26.429209,36.525000
320_PV_1-9,9,0.000000,26.429209,0.000000,26.429209,0.000000
314_PV_1-9,9,0.000000,26.429209,0.000000,26.429209,0.000000
314_PV_2-9,9,0.000000,26.429209,0.000000,26.429209,0.000000
313_PV_1-9,9,0.000000,26.429209,0.000000,26.429209,0.000000
314_PV_3-9,9,0.000000,26.429209,0.000000,26.429209,0.000000
314_PV_4-9,9,0.000000,26.429209,0.000000,26.429209,0.000000
313_PV_2-9,9,0.000000,26.429209,0.000000,26.429209,0.000000
310_PV_1-9,9,0.000000,26.429209,0.000000,26.429209,0.000000
324_PV_1-9,9,0.000000,26.429209,0.000000,26.429209,0.000000
312_PV_1-9,9,0.000000,26.429209,0.000000,26.429209,0.000000
310_PV_2-9,9,0.000000,26.429209,0.000000,26.429209,0.000000
324_PV_2-9,9,0.000000,26.429209,0.000000,26.429209,0.000000
324_PV_3-9,9,0.000000,26.429209,0.000000,26.429209,0.000000
319_PV_1-9,9,0.000000,26.429209,0.000000,26.429209,0.000000
308_RTPV_1-9,9,0.000000,26.429209,0.000000,26.429209,0.000000
313_RTPV_1-9,9,0.000000,26.429209,0.000000,26.429209,0.000000
313_RTPV_2-9,9,0.000000,26.429209,0.000000,26.429209,0.000000
313_RTPV_3-9,9,0.000000,26.429209,0.000000,26.429209,0.000000
313_RTPV_4-9,9,0.000000,26.429209,0.000000,26.429209,0.000000
313_RTPV_5-9,9,0.000000,26.429209,0.000000,26.429209,0.000000
313_RTPV_6-9,9,0.000000,26.429209,0.000000,26.429209,0.000000
313_RTPV_7-9,9,0.000000,26.429209,0.000000,26.429209,0.000000
313_RTPV_8-9,9,0.000000,26.429209,0.000000,26.429209,0.000000
313_RTPV_9-9,9,0.000000,26.429209,0.000000,26.429209,0.000000
313_RTPV_10-9,9,0.000000,26.429209,0.000000,26.429209,0.000000
313_RTPV_11-9,9,0.000000,26.429209,0.000000,26.429209,0.000000
313_RTPV_12-9,9,0.000000,26.429209,0.000000,26.429209,0.000000
320_RTPV_1-9,9,0.000000,26.429209,0.000000,26.429209,0.000000
320_RTPV_2-9,9,0.000000,26.429209,0.000000,26.429209,0.000000
320_RTPV_3-9,9,0.000000,26.429209,0.000000,26.429209,0.000000
313_RTPV_13-9,9,0.000000,26.429209,0.000000,26.429209,0.000000
320_RTPV_4-9,9,0.000000,26.429209,0.000000,26.429209,0.000000
320_RTPV_5-9,9,0.000000,26.429209,0.000000,26.429209,0.000000
320_RTPV_6-9,9,0.000000,26.429209,0.000000,26.429209,0.000000
309_WIND_1-9,9,1.000000,26.429209,0.000000,26.429209,1.000000
317_WIND_1-9,9,5.375000,26.429209,0.000000,26.429209,5.375000
303_WIND_1-9,9,33.216667,26.429209,0.000000,26.429209,33.216667
320_PV_1-10,10,0.000000,26.499179,0.000000,26.499179,0.000000
314_PV_1-10,10,0.000000,26.499179,0.000000,26.499179,0.000000
314_PV_2-10,10,0.000000,26.499179,0.000000,26.499179,0.000000
313_PV_1-10,10,0.000000,26.499179,0.000000,26.499179,0.000000
314_PV_3-10,10,0.000000,26.499179,0.000000,26.499179,0.000000
314_PV_4-10,10,0.000000,26.499179,0.000000,26.499179,0.000000
313_PV_2-10,10,0.000000,26.499179,0.000000,26.499179,0.000000
310_PV_1-10,10,0.000000,26.499179,0.000000,26.499179,0.000000
324_PV_1-10,10,0.000000,26.499179,0.000000,26.499179,0.000000
312_PV_1-10,10,0.000000,26.499179,0.000000,26.499179,0.000000
310_PV_2-10,10,0.000000,26.499179,0.000000,26.499179,0.000000
324_PV_2-10,10,0.000000,26.499179,0.000000,26.499179,0.000000
324_PV_3-10,10,0.000000,26.499179,0.000000,26.499179,0.000000
319_PV_1-10,10,0.000000,26.499179,0.000000,26.499179,0.000000
308_RTPV_1-10,10,0.000000,26.499179,0.000000,26.499179,0.000000
313_RTPV_1-10,10,0.000000,26.499179,0.000000,26.499179,0.000000
313_RTPV_2-10,10,0.000000,26.499179,0.000000,26.499179,0.000000
313_RTPV_3-10,10,0.000000,26.499179,0.000000,26.499179,0.000000
313_RTPV_4-10,10,0.000000,26.499179,0.000000,26.499179,0.000000
313_RTPV_5-10,10,0.000000,26.499179,0.000000,26.499179,0.000000
313_RTPV_6-10,10,0.000000,26.499179,0.000000,26.499179,0.000000
313_RTPV_7-10,10,0.000000,26.499179,0.000000,26.499179,0.000000
313_RTPV_8-10,10,0.000000,26.499179,0.000000,26.499179,0.000000
313_RTPV_9-10,10,0.000000,26.499179,0.000000,26.499179,0.000000
313_RTPV_10-10,10,0.000000,26.499179,0.000000,26.499179,0.000000
313_RTPV_11-10,10,0.000000,26.499179,0.000000,26.499179,0.000000
313_RTPV_12-10,10,0.000000,26.499179,0.000000,26.499179,0.000000
320_RTPV_1-10,10,0.000000,26.499179,0.000000,26.499179,0.000000
320_RTPV_2-10,10,0.000000,26.499179,0.000000,26.499179,0.000000
320_RTPV_3-10,10,0.000000,26.499179,0.000000,26.499179,0.000000
313_RTPV_13-10,10,0.000000,26.499179,0.000000,26.499179,0.000000
320_RTPV_4-10,10,0.000000,26.499179,0.000000,26.499179,0.000000
320_RTPV_5-10,10,0.000000,26.499179,0.000000,26.499179,0.000000
320_RTPV_6-10,10,0.000000,26.499179,0.000000,26.499179,0.000000
309_WIND_1-10,10,0.808333,26.499179,0.000000,26.499179,0.808333
317_WIND_1-10,10,5.291667,26.499179,0.000000,26.499179,5.291667
303_WIND_1-10,10,20.766667,26.499179,0.000000,26.499179,20.766667
320_PV_1-11,11,0.000000,26.845141,0.000000,26.845141,0.000000
314_PV_1-11,11,0.000000,26.845141,0.000000,26.845141,0.000000
314_PV_2-11,11,0.000000,26.845141,0.000000,26.845141,0.000000
313_PV_1-11,11,0.000000,26.845141,0.000000,26.845141,0.000000
314_PV_3-11,11,0.000000,26.845141,0.000000,26.845141,0.000000
314_PV_4-11,11,0.000000,26.845141,0.000000,26.845141,0.000000
313_PV_2-11,11,0.000000,26.845141,0.000000,26.845141,0.000000
310_PV_1-11,11,0.000000,26.845141,0.000000,26.845141,0.000000
324_PV_1-11,11,0.000000,26.845141,0.000000,26.845141,0.000000
312_PV_1-11,11,0.000000,26.845141,0.000000,26.845141,0.000000
310_PV_2-11,11,0.000000,26.845141,0.000000,26.845141,0.000000
324_PV_2-11,11,0.000000,26.845141,0.000000,26.845141,0.000000
324_PV_3-11,11,0.000000,26.845141,0.000000,26.845141,0.000000
319_PV_1-11,11,0.000000,26.845141,0.000000,26.845141,0.000000
308_RTPV_1-11,11,0.000000,26.845141,0.000000,26.845141,0.000000
313_RTPV_1-11,11,0.000000,26.845141,0.000000,26.845141,0.000000
313_RTPV_2-11,11,0.000000,26.845141,0.000000,26.845141,0.000000
313_RTPV_3-11,11,0.000000,26.845141,0.000000,26.845141,0.000000
313_RTPV_4-11,11,0.000000,26.845141,0.000000,26.845141,0.000000
313_RTPV_5-11,11,0.000000,26.845141,0.000000,26.845141,0.000000
313_RTPV_6-11,11,0.000000,26.845141,0.000000,26.845141,0.000000
313_RTPV_7-11,11,0.000000,26.845141,0.000000,26.845141,0.000000
313_RTPV_8-11,11,0.000000,26.845141,0.000000,26.845141,0.000000
313_RTPV_9-11,11,0.000000,26.845141,0.000000,26.845141,0.000000
313_RTPV_10-11,11,0.000000,26.845141,0.000000,26.845141,0.000000
313_RTPV_11-11,11,0.000000,26.845141,0.000000,26.845141,0.000000
313_RTPV_12-11,11,0.000000,26.845141,0.000000,26.845141,0.000000
320_RTPV_1-11,11,0.000000,26.845141,0.000000,26.845141,0.000000
320_RTPV_2-11,11,0.000000,26.845141,0.000000,26.845141,0.000000
320_RTPV_3-11,11,0.000000,26.845141,0.000000,26.845141,0.000000
313_RTPV_13-11,11,0.000000,26.845141,0.000000,26.845141,0.000000
320_RTPV_4-11,11,0.000000,26.845141,0.000000,26.845141,0.000000
320_RTPV_5-11,11,0.000000,26.845141,0.000000,26.845141,0.000000
320_RTPV_6-11,11,0.000000,26.845141,0.000000,26.845141,0.000000
309_WIND_1-11,11,0.950000,26.845141,0.000000,26.845141,0.950000
317_WIND_1-11,11,5.566667,26.845141,0.000000,26.845141,5.566667
303_WIND_1-11,11,11.316667,26.845141,0.000000,26.845141,11.316667
320_PV_1-12,12,0.000000,26.845141,0.000000,26.845141,0.000000
314_PV_1-12,12,0.000000,26.845141,0.000000,26.845141,0.000000
314_PV_2-12,12,0.000000,26.845141,0.000000,26.845141,0.000000
313_PV_1-12,12,0.000000,26.845141,0.000000,26.845141,0.000000
314_PV_3-12,12,0.000000,26.845141,0.000000,26.845141,0.000000
314_PV_4-12,12,0.000000,26.845141,0.000000,26.845141,0.000000
313_PV_2-12,12,0.000000,26.845141,0.000000,26.845141,0.000000
310_PV_1-12,12,0.000000,26.845141,0.000000,26.845141,0.000000
324_PV_1-12,12,0.000000,26.845141,0.000000,26.845141,0.000000
312_PV_1-12,12,0.000000,26.845141,0.000000,26.845141,0.000000
310_PV_2-12,12,0.000000,26.845141,0.000000,26.845141,0.000000
324_PV_2-12,12,0.000000,26.845141,0.000000,26.845141,0.000000
324_PV_3-12,12,0.000000,26.845141,0.000000,26.845141,0.000000
319_PV_1-12,12,0.000000,26.845141,0.000000,26.845141,0.000000
308_RTPV_1-12,12,0.000000,26.845141,0.000000,26.845141,0.000000
313_RTPV_1-12,12,0.000000,26.845141,0.000000,26.845141,0.000000
313_RTPV_2-12,12,0.000000,26.845141,0.000000,26.845141,0.000000
313_RTPV_3-12,12,0.000000,26.845141,0.000000,26.845141,0.000000
313_RTPV_4-12,12,0.000000,26.845141,0.000000,26.845141,0.000000
313_RTPV_5-12,12,0.000000,26.845141,0.000000,26.845141,0.000000
313_RTPV_6-12,12,0.000000,26.845141,0.000000,26.845141,0.000000
313_RTPV_7-12,12,0.000000,26.845141,0.000000,26.845141,0.000000
313_RTPV_8-12,12,0.000000,26.845141,0.000000,26.845141,0.000000
313_RTPV_9-12,12,0.000000,26.845141,0.000000,26.845141,0.000000
313_RTPV_10-12,12,0.000000,26.845141,0.000000,26.845141,0.000000
313_RTPV_11-12,12,0.000000,26.845141,0.000000,26.845141,0.000000
313_RTPV_12-12,12,0.000000,26.845141,0.000000,26.845141,0.000000
320_RTPV_1-12,12,0.000000,26.845141,0.000000,26.845141,0.000000
320_RTPV_2-12,12,0.000000,26.845141,0.000000,26.845141,0.000000
320_RTPV_3-12,12,0.000000,26.845141,0.000000,26.845141,0.000000
313_RTPV_13-12,12,0.000000,26.845141,0.000000,26.845141,0.000000
320_RTPV_4-12,12,0.000000,26.845141,0.000000,26.845141,0.000000
320_RTPV_5-12,12,0.000000,26.845141,0.000000,26.845141,0.000000
320_RTPV_6-12,12,0.000000,26.845141,0.000000,26.845141,0.000000
309_WIND_1-12,12,0.908333,26.845141,0.000000,26.845141,0.908333
317_WIND_1-12,12,5.416667,26.845141,0.000000,26.845141,5.416667
303_WIND_1-12,12,6.966667,26.845141,0.000000,26.845141,6.966667
320_PV_1-13,13,0.000000,26.845141,0.000000,26.845141,0.000000
314_PV_1-13,13,0.000000,26.845141,0.000000,26.845141,0.000000
314_PV_2-13,13,0.000000,26.845141,0.000000,26.845141,0.000000
313_PV_1-13,13,0.000000,26.845141,0.000000,26.845141,0.000000
314_PV_3-13,13,0.000000,26.845141,0.000000,26.845141,0.000000
314_PV_4-13,13,0.000000,26.845141,0.000000,26.845141,0.000000
313_PV_2-13,13,0.000000,26.845141,0.000000,26.845141,0.000000
310_PV_1-13,13,0.000000,26.845141,0.000000,26.845141,0.000000
324_PV_1-13,13,0.000000,26.845141,0.000000,26.845141,0.000000
312_PV_1-13,13,0.000000,26.845141,0.000000,26.845141,0.000000
310_PV_2-13,13,0.000000,26.845141,0.000000,26.845141,0.000000
324_PV_2-13,13,0.000000,26.845141,0.000000,26.845141,0.000000
324_PV_3-13,13,0.000000,26.845141,0.000000,26.845141,0.000000
319_PV_1-13,13,0.000000,26.845141,0.000000,26.845141,0.000000
308_RTPV_1-13,13,0.000000,26.845141,0.000000,26.845141,0.000000
313_RTPV_1-13,13,0.000000,26.845141,0.000000,26.845141,0.000000
313_RTPV_2-13,13,0.000000,26.845141,0.000000,26.845141,0.000000
313_RTPV_3-13,13,0.000000,26.845141,0.000000,26.845141,0.000000
313_RTPV_4-13,13,0.000000,26.845141,0.000000,26.845141,0.000000
313_RTPV_5-13,13,0.000000,26.845141,0.000000,26.845141,0.000000
313_RTPV_6-13,13,0.000000,26.845141,0.000000,26.845141,0.000000
313_RTPV_7-13,13,0.000000,26.845141,0.000000,26.845141,0.000000
313_RTPV_8-13,13,0.000000,26.845141,0.000000,26.845141,0.000000
313_RTPV_9-13,13,0.000000,26.845141,0.000000,26.845141,0.000000
313_RTPV_10-13,13,0.000000,26.845141,0.000000,26.845141,0.000000
313_RTPV_11-13,13,0.000000,26.845141,0.000000,26.845141,0.000000
313_RTPV_12-13,13,0.000000,26.845141,0.000000,26.845141,0.000000
320_RTPV_1-13,13,0.000000,26.845141,0.000000,26.845141,0.000000
320_RTPV_2-13,13,0.000000,26.845141,0.000000,26.845141,0.000000
320_RTPV_3-13,13,0.000000,26.845141,0.000000,26.845141,0.000000
313_RTPV_13-13,13,0.000000,26.845141,0.000000,26.845141,0.000000
320_RTPV_4-13,13,0.000000,26.845141,0.000000,26.845141,0.000000
320_RTPV_5-13,13,0.000000,26.845141,0.000000,26.845141,0.000000
320_RTPV_6-13,13,0.000000,26.845141,0.000000,26.845141,0.000000
309_WIND_1-13,13,0.966667,26.845141,0.000000,26.845141,0.966667
317_WIND_1-13,13,5.175000,26.845141,0.000000,26.845141,5.175000
303_WIND_1-13,13,6.375000,26.845141,0.000000,26.845141,6.375000
320_PV_1-14,14,0.000000,26.845141,0.000000,26.845141,0.000000
314_PV_1-14,14,0.000000,26.845141,0.000000,26.845141,0.000000
314_PV_2-14,14,0.000000,26.845141,0.000000,26.845141,0.000000
313_PV_1-14,14,0.000000,26.845141,0.000000,26.845141,0.000000
314_PV_3-14,14,0.000000,26.845141,0.000000,26.845141,0.000000
314_PV_4-14,14,0.000000,26.845141,0.000000,26.845141,0.000000
313_PV_2-14,14,0.000000,26.845141,0.000000,26.845141,0.000000
310_PV_1-14,14,0.000000,26.845141,0.000000,26.845141,0.000000
324_PV_1-14,14,0.000000,26.845141,0.000000,26.845141,0.000000
312_PV_1-14,14,0.000000,26.845141,0.000000,26.845141,0.000000
310_PV_2-14,14,0.000000,26.845141,0.000000,26.845141,0.000000
324_PV_2-14,14,0.000000,26.845141,0.000000,26.845141,0.000000
324_PV_3-14,14,0.000000,26.845141,0.000000,26.845141,0.000000
319_PV_1-14,14,0.000000,26.845141,0.000000,26.845141,0.000000
308_RTPV_1-14,14,0.000000,26.845141,0.000000,26.845141,0.000000
313_RTPV_1-14,14,0.000000,26.845141,0.000000,26.845141,0.000000
313_RTPV_2-14,14,0.000000,26.845141,0.000000,26.845141,0.000000
313_RTPV_3-14,14,0.000000,26.845141,0.000000,26.845141,0.000000
313_RTPV_4-14,14,0.000000,26.845141,0.000000,26.845141,0.000000
313_RTPV_5-14,14,0.000000,26.845141,0.000000,26.845141,0.000000
313_RTPV_6-14,14,0.000000,26.845141,0.000000,26.845141,0.000000
313_RTPV_7-14,14,0.000000,26.845141,0.000000,26.845141,0.000000
313_RTPV_8-14,14,0.000000,26.845141,0.000000,26.845141,0.000000
313_RTPV_9-14,14,0.000000,26.845141,0.000000,26.845141,0.000000
313_RTPV_10-14,14,0.000000,26.845141,0.000000,26.845141,0.000000
313_RTPV_11-14,14,0.000000,26.845141,0.000000,26.845141,0.000000
313_RTPV_12-14,14,0.000000,26.845141,0.000000,26.845141,0.000000
320_RTPV_1-14,14,0.000000,26.845141,0.000000,26.845141,0.000000
320_RTPV_2-14,14,0.000000,26.845141,0.000000,26.845141,0.000000
320_RTPV_3-14,14,0.000000,26.845141,0.000000,26.845141,0.000000
313_RTPV_13-14,14,0.000000,26.845141,0.000000,26.845141,0.000000
320_RTPV_4-14,14,0.000000,26.845141,0.000000,26.845141,0.000000
320_RTPV_5-14,14,0.000000,26.845141,0.000000,26.845141,0.000000
320_RTPV_6-14,14,0.000000,26.845141,0.000000,26.845141,0.000000
309_WIND_1-14,14,1.250000,26.845141,0.000000,26.845141,1.250000
317_WIND_1-14,14,5.475000,26.845141,0.000000,26.845141,5.475000
303_WIND_1-14,14,6.208333,26.845141,0.000000,26.845141,6.208333
320_PV_1-15,15,0.000000,26.895675,0.000000,26.895675,0.000000
314_PV_1-15,15,0.000000,26.895675,0.000000,26.895675,0.000000
314_PV_2-15,15,0.000000,26.895675,0.000000,26.895675,0.000000
313_PV_1-15,15,0.000000,26.895675,0.000000,26.895675,0.000000
314_PV_3-15,15,0.000000,26.895675,0.000000,26.895675,0.000000
314_PV_4-15,15,0.000000,26.895675,0.000000,26.895675,0.000000
313_PV_2-15,15,0.000000,26.895675,0.000000,26.895675,0.000000
310_PV_1-15,15,0.000000,26.895675,0.000000,26.895675,0.000000
324_PV_1-15,15,0.000000,26.895675,0.000000,26.895675,0.000000
312_PV_1-15,15,0.000000,26.895675,0.000000,26.895675,0.000000
310_PV_2-15,15,0.000000,26.895675,0.000000,26.895675,0.000000
324_PV_2-15,15,0.000000,26.895675,0.000000,26.895675,0.000000
324_PV_3-15,15,0.000000,26.895675,0.000000,26.895675,0.000000
319_PV_1-15,15,0.000000,26.895675,0.000000,26.895675,0.000000
308_RTPV_1-15,15,0.000000,26.895675,0.000000,26.895675,0.000000
313_RTPV_1-15,15,0.000000,26.895675,0.000000,26.895675,0.000000
313_RTPV_2-15,15,0.000000,26.895675,0.000000,26.895675,0.000000
313_RTPV_3-15,15,0.000000,26.895675,0.000000,26.895675,0.000000
313_RTPV_4-15,15,0.000000,26.895675,0.000000,26.895675,0.000000
313_RTPV_5-15,15,0.000000,26.895675,0.000000,26.895675,0.000000
313_RTPV_6-15,15,0.000000,26.895675,0.000000,26.895675,0.000000
313_RTPV_7-15,15,0.000000,26.895675,0.000000,26.895675,0.000000
313_RTPV_8-15,15,0.000000,26.895675,0.000000,26.895675,0.000000
313_RTPV_9-15,15,0.000000,26.895675,0.000000,26.895675,0.000000
313_RTPV_10-15,15,0.000000,26.895675,0.000000,26.895675,0.000000
313_RTPV_11-15,15,0.000000,26.895675,0.000000,26.895675,0.000000
313_RTPV_12-15,15,0.000000,26.895675,0.000000,26.895675,0.000000
320_RTPV_1-15,15,0.000000,26.895675,0.000000,26.895675,0.000000
320_RTPV_2-15,15,0.000000,26.895675,0.000000,26.895675,0.000000
320_RTPV_3-15,15,0.000000,26.895675,0.000000,26.895675,0.000000
313_RTPV_13-15,15,0.000000,26.895675,0.000000,26.895675,0.000000
320_RTPV_4-15,15,0.000000,26.895675,0.000000,26.895675,0.000000
320_RTPV_5-15,15,0.000000,26.895675,0.000000,26.895675,0.000000
320_RTPV_6-15,15,0.000000,26.895675,0.000000,26.895675,0.000000
309_WIND_1-15,15,1.758333,26.895675,0.000000,26.895675,1.758333
317_WIND_1-15,15,4.883333,26.895675,0.000000,26.895675,4.883333
303_WIND_1-15,15,5.383333,26.895675,0.000000,26.895675,5.383333
320_PV_1-16,16,0.000000,26.895675,0.000000,26.895675,0.000000
314_PV_1-16,16,0.000000,26.895675,0.000000,26.895675,0.000000
314_PV_2-16,16,0.000000,26.895675,0.000000,26.895675,0.000000
313_PV_1-16,16,0.000000,26.895675,0.000000,26.895675,0.000000
314_PV_3-16,16,0.000000,26.895675,0.000000,26.895675,0.000000
314_PV_4-16,16,0.000000,26.895675,0.000000,26.895675,0.000000
313_PV_2-16,16,0.000000,26.895675,0.000000,26.895675,0.000000
310_PV_1-16,16,0.000000,26.895675,0.000000,26.895675,0.000000
324_PV_1-16,16,0.000000,26.895675,0.000000,26.895675,0.000000
312_PV_1-16,16,0.000000,26.895675,0.000000,26.895675,0.000000
310_PV_2-16,16,0.000000,26.895675,0.000000,26.895675,0.000000
324_PV_2-16,16,0.000000,26.895675,0.000000,26.895675,0.000000
324_PV_3-16,16,0.000000,26.895675,0.000000,26.895675,0.000000
319_PV_1-16,16,0.000000,26.895675,0.000000,26.895675,0.000000
308_RTPV_1-16,16,0.000000,26.895675,0.000000,26.895675,0.000000
313_RTPV_1-16,16,0.000000,26.895675,0.000000,26.895675,0.000000
313_RTPV_2-16,16,0.000000,26.895675,0.000000,26.895675,0.000000
313_RTPV_3-16,16,0.000000,26.895675,0.000000,26.895675,0.000000
313_RTPV_4-16,16,0.000000,26.895675,0.000000,26.895675,0.000000
313_RTPV_5-16,16,0.000000,26.895675,0.000000,26.895675,0.000000
313_RTPV_6-16,16,0.000000,26.895675,0.000000,26.895675,0.000000
313_RTPV_7-16,16,0.000000,26.895675,0.000000,26.895675,0.000000
313_RTPV_8-16,16,0.000000,26.895675,0.000000,26.895675,0.000000
313_RTPV_9-16,16,0.000000,26.895675,0.000000,26.895675,0.000000
313_RTPV_10-16,16,0.000000,26.895675,0.000000,26.895675,0.000000
313_RTPV_11-16,16,0.000000,26.895675,0.000000,26.895675,0.000000
313_RTPV_12-16,16,0.000000,26.895675,0.000000,26.895675,0.000000
320_RTPV_1-16,16,0.000000,26.895675,0.000000,26.895675,0.000000
320_RTPV_2-16,16,0.000000,26.895675,0.000000,26.895675,0.000000
320_RTPV_3-16,16,0.000000,26.895675,0.000000,26.895675,0.000000
313_RTPV_13-16,16,0.000000,26.895675,0.000000,26.895675,0.000000
320_RTPV_4-16,16,0.000000,26.895675,0.000000,26.895675,0.000000
320_RTPV_5-16,16,0.000000,26.895675,0.000000,26.895675,0.000000
320_RTPV_6-16,16,0.000000,26.895675,0.000000,26.895675,0.000000
309_WIND_1-16,16,2.791667,26.895675,0.000000,26.895675,2.791667
317_WIND_1-16,16,6.091667,26.895675,0.000000,26.895675,6.091667
303_WIND_1-16,16,6.308333,26.895675,0.000000,26.895675,6.308333
320_PV_1-17,17,0.000000,26.895675,0.000000,26.895675,0.000000
314_PV_1-17,17,0.000000,26.895675,0.000000,26.895675,0.000000
314_PV_2-17,17,0.000000,26.895675,0.000000,26.895675,0.000000
313_PV_1-17,17,0.000000,26.895675,0.000000,26.895675,0.000000
314_PV_3-17,17,0.000000,26.895675,0.000000,26.895675,0.000000
314_PV_4-17,17,0.000000,26.895675,0.000000,26.895675,0.000000
313_PV_2-17,17,0.000000,26.895675,0.000000,26.895675,0.000000
310_PV_1-17,17,0.000000,26.895675,0.000000,26.895675,0.000000
324_PV_1-17,17,0.000000,26.895675,0.000000,26.895675,0.000000
312_PV_1-17,17,0.000000,26.895675,0.000000,26.895675,0.000000
310_PV_2-17,17,0.000000,26.895675,0.000000,26.895675,0.000000
324_PV_2-17,17,0.000000,26.895675,0.000000,26.895675,0.000000
324_PV_3-17,17,0.000000,26.895675,0.000000,26.895675,0.000000
319_PV_1-17,17,0.000000,26.895675,0.000000,26.895675,0.000000
308_RTPV_1-17,17,0.000000,26.895675,0.000000,26.895675,0.000000
313_RTPV_1-17,17,0.000000,26.895675,0.000000,26.895675,0.000000
313_RTPV_2-17,17,0.000000,26.895675,0.000000,26.895675,0.000000
313_RTPV_3-17,17,0.000000,26.895675,0.000000,26.895675,0.000000
313_RTPV_4-17,17,0.000000,26.895675,0.000000,26.895675,0.000000
313_RTPV_5-17,17,0.000000,26.895675,0.000000,26.895675,0.000000
313_RTPV_6-17,17,0.000000,26.895675,0.000000,26.895675,0.000000
313_RTPV_7-17,17,0.000000,26.895675,0.000000,26.895675,0.000000
313_RTPV_8-17,17,0.000000,26.895675,0.000000,26.895675,0.000000
313_RTPV_9-17,17,0.000000,26.895675,0.000000,26.895675,0.000000
313_RTPV_10-17,17,0.000000,26.895675,0.000000,26.895675,0.000000
313_RTPV_11-17,17,0.000000,26.895675,0.000000,26.895675,0.000000
313_RTPV_12-17,17,0.000000,26.895675,0.000000,26.895675,0.000000
320_RTPV_1-17,17,0.000000,26.895675,0.000000,26.895675,0.000000
320_RTPV_2-17,17,0.000000,26.895675,0.000000,26.895675,0.000000
320_RTPV_3-17,17,0.000000,26.895675,0.000000,26.895675,0.000000
313_RTPV_13-17,17,0.000000,26.895675,0.000000,26.895675,0.000000
320_RTPV_4-17,17,0.000000,26.895675,0.000000,26.895675,0.000000
320_RTPV_5-17,17,0.000000,26.895675,0.000000,26.895675,0.000000
320_RTPV_6-17,17,0.000000,26.895675,0.000000,26.895675,0.000000
309_WIND_1-17,17,4.608333,26.895675,0.000000,26.895675,4.608333
317_WIND_1-17,17,17.841667,26.895675,0.000000,26.895675,17.841667
303_WIND_1-17,17,6.691667,26.895675,0.000000,26.895675,6.691667
320_PV_1-18,18,9.916667,26.845141,0.000000,26.845141,9.916667
314_PV_1-18,18,9.750000,26.845141,0.000000,26.845141,9.750000
314_PV_2-18,18,8.483333,26.845141,0.000000,26.845141,8.483333
313_PV_1-18,18,14.283333,26.845141,0.000000,26.845141,14.283333
314_PV_3-18,18,11.158333,26.845141,0.000000,26.845141,11.158333
314_PV_4-18,18,8.541667,26.845141,0.000000,26.845141,8.541667
313_PV_2-18,18,12.983333,26.845141,0.000000,26.845141,12.983333
310_PV_1-18,18,7.216667,26.845141,0.000000,26.845141,7.216667
324_PV_1-18,18,9.791667,26.845141,0.000000,26.845141,9.791667
312_PV_1-18,18,12.016667,26.845141,0.000000,26.845141,12.016667
310_PV_2-18,18,7.708333,26.845141,0.000000,26.845141,7.708333
324_PV_2-18,18,8.241667,26.845141,0.000000,26.845141,8.241667
324_PV_3-18,18,9.075000,26.845141,0.000000,26.845141,9.075000
319_PV_1-18,18,32.733333,26.845141,0.000000,26.845141,32.733333
308_RTPV_1-18,18,2.108333,26.845141,0.000000,26.845141,2.108333
313_RTPV_1-18,18,2.750000,26.845141,0.000000,26.845141,2.750000
313_RTPV_2-18,18,2.250000,26.845141,0.000000,26.845141,2.250000
313_RTPV_3-18,18,1.366667,26.845141,0.000000,26.845141,1.366667
313_RTPV_4-18,18,2.375000,26.845141,0.000000,26.845141,2.375000
313_RTPV_5-18,18,1.516667,26.845141,0.000000,26.845141,1.516667
313_RTPV_6-18,18,1.525000,26.845141,0.000000,26.845141,1.525000
313_RTPV_7-18,18,1.858333,26.845141,0.000000,26.845141,1.858333
313_RTPV_8-18,18,2.208333,26.845141,0.000000,26.845141,2.208333
313_RTPV_9-18,18,1.733333,26.845141,0.000000,26.845141,1.733333
313_RTPV_10-18,18,1.883333,26.845141,0.000000,26.845141,1.883333
313_RTPV_11-18,18,1.841667,26.845141,0.000000,26.845141,1.841667
313_RTPV_12-18,18,0.908333,26.845141,0.000000,26.845141,0.908333
320_RTPV_1-18,18,0.925000,26.845141,0.000000,26.845141,0.925000
320_RTPV_2-18,18,1.066667,26.845141,0.000000,26.845141,1.066667
320_RTPV_3-18,18,0.966667,26.845141,0.000000,26.845141,0.966667
313_RTPV_13-18,18,0.916667,26.845141,0.000000,26.845141,0.916667
320_RTPV_4-18,18,0.800000,26.845141,0.000000,26.845141,0.800000
320_RTPV_5-18,18,0.975000,26.845141,0.000000,26.845141,0.975000
320_RTPV_6-18,18,0.000000,26.845141,0.000000,26.845141,0.000000
309_WIND_1-18,18,5.983333,26.845141,0.000000,26.845141,5.983333
317_WIND_1-18,18,46.658333,26.845141,0.000000,26.845141,46.658333
303_WIND_1-18,18,6.491667,26.845141,0.000000,26.845141,6.491667
320_PV_1-19,19,31.108333,22.732463,0.000000,22.732463,31.108333
314_PV_1-19,19,31.083333,22.732463,0.000000,22.732463,31.083333
314_PV_2-19,19,29.141667,22.732463,0.000000,22.732463,29.141667
313_PV_1-19,19,50.325000,22.732463,0.000000,22.732463,50.325000
314_PV_3-19,19,46.558333,22.732463,0.000000,22.732463,46.558333
314_PV_4-19,19,30.766667,22.732463,0.000000,22.732463,30.766667
313_PV_2-19,19,48.633333,22.732463,0.000000,22.732463,48.633333
310_PV_1-19,19,30.891667,22.732463,0.000000,22.732463,30.891667
324_PV_1-19,19,30.725000,22.732463,0.000000,22.732463,30.725000
312_PV_1-19,19,48.975000,22.732463,0.000000,22.732463,48.975000
310_PV_2-19,19,31.875000,22.732463,0.000000,22.732463,31.875000
324_PV_2-19,19,30.525000,22.732463,0.000000,22.732463,30.525000
324_PV_3-19,19,30.733333,22.732463,0.000000,22.732463,30.733333
319_PV_1-19,19,113.283333,22.732463,0.000000,22.732463,113.283333
308_RTPV_1-19,19,30.616667,22.732463,0.000000,22.732463,30.616667
313_RTPV_1-19,19,33.050000,22.732463,0.000000,22.732463,33.050000
313_RTPV_2-19,19,21.383333,22.732463,0.000000,22.732463,21.383333
313_RTPV_3-19,19,17.908333,22.732463,0.000000,22.732463,17.908333
313_RTPV_4-19,19,20.591667,22.732463,0.000000,22.732463,20.591667
313_RTPV_5-19,19,20.716667,22.732463,0.000000,22.732463,20.716667
313_RTPV_6-19,19,20.958333,22.732463,0.000000,22.732463,20.958333
313_RTPV_7-19,19,21.250000,22.732463,0.000000,22.732463,21.250000
313_RTPV_8-19,19,21.050000,22.732463,0.000000,22.732463,21.050000
313_RTPV_9-19,19,21.400000,22.732463,0.000000,22.732463,21.400000
313_RTPV_10-19,19,20.933333,22.732463,0.000000,22.732463,20.933333
313_RTPV_11-19,19,21.241667,22.732463,0.000000,22.732463,21.241667
313_RTPV_12-19,19,9.175000,22.732463,0.000000,22.732463,9.175000
320_RTPV_1-19,19,8.933333,22.732463,0.000000,22.732463,8.933333
320_RTPV_2-19,19,9.533333,22.732463,0.000000,22.732463,9.533333
320_RTPV_3-19,19,9.275000,22.732463,0.000000,22.732463,9.275000
313_RTPV_13-19,19,9.241667,22.732463,0.000000,22.732463,9.241667
320_RTPV_4-19,19,9.008333,22.732463,0.000000,22.732463,9.008333
320_RTPV_5-19,19,9.483333,22.732463,0.000000,22.732463,9.483333
320_RTPV_6-19,19,0.000000,22.732463,0.000000,22.732463,0.000000
309_WIND_1-19,19,6.916667,22.732463,0.000000,22.732463,6.916667
317_WIND_1-19,19,99.450000,22.732463,0.000000,22.732463,99.450000
303_WIND_1-19,19,5.475000,22.732463,0.000000,22.732463,5.475000
320_PV_1-20,20,36.400000,15.731579,0.000000,15.731579,36.400000
314_PV_1-20,20,36.666667,15.731579,0.000000,15.731579,36.666667
314_PV_2-20,20,32.283333,15.731579,0.000000,15.731579,32.283333
313_PV_1-20,20,66.183333,15.731579,0.000000,15.731579,66.183333
314_PV_3-20,20,58.666667,15.731579,0.000000,15.731579,58.666667
314_PV_4-20,20,34.800000,15.731579,0.000000,15.731579,34.800000
313_PV_2-20,20,66.016667,15.731579,0.000000,15.731579,66.016667
310_PV_1-20,20,37.141667,15.731579,0.000000,15.731579,37.141667
324_PV_1-20,20,35.016667,15.731579,0.000000,15.731579,35.016667
312_PV_1-20,20,64.350000,15.731579,0.000000,15.731579,64.350000
310_PV_2-20,20,36.191667,15.731579,0.000000,15.731579,36.191667
324_PV_2-20,20,35.633333,15.731579,0.000000,15.731579,35.633333
324_PV_3-20,20,37.091667,15.731579,0.000000,15.731579,37.091667
319_PV_1-20,20,127.366667,15.731579,0.000000,15.731579,127.366667
308_RTPV_1-20,20,50.625000,15.731579,0.000000,15.731579,50.625000
313_RTPV_1-20,20,55.050000,15.731579,0.000000,15.731579,55.050000
313_RTPV_2-20,20,35.400000,15.731579,0.000000,15.731579,35.400000
313_RTPV_3-20,20,31.733333,15.731579,0.000000,15.731579,31.733333
313_RTPV_4-20,20,33.725000,15.731579,0.000000,15.731579,33.725000
313_RTPV_5-20,20,35.841667,15.731579,0.000000,15.731579,35.841667
313_RTPV_6-20,20,36.508333,15.731579,0.000000,15.731579,36.508333
313_RTPV_7-20,20,36.641667,15.731579,0.000000,15.731579,36.641667
313_RTPV_8-20,20,35.358333,15.731579,0.000000,15.731579,35.358333
313_RTPV_9-20,20,36.816667,15.731579,0.000000,15.731579,36.816667
313_RTPV_10-20,20,35.000000,15.731579,0.000000,15.731579,35.000000
313_RTPV_11-20,20,36.925000,15.731579,0.000000,15.731579,36.925000
313_RTPV_12-20,20,14.466667,15.731579,0.000000,15.731579,14.466667
320_RTPV_1-20,20,14.833333,15.731579,0.000000,15.731579,14.833333
320_RTPV_2-20,20,15.658333,15.731579,0.000000,15.731579,15.658333
320_RTPV_3-20,20,15.125000,15.731579,0.000000,15.731579,15.125000
313_RTPV_13-20,20,16.008333,15.731579,0.000000,15.731579,16.008333
320_RTPV_4-20,20,14.925000,15.731579,0.000000,15.731579,14.925000
320_RTPV_5-20,20,15.916667,15.731579,0.000000,15.731579,15.916667
320_RTPV_6-20,20,2.016667,15.731579,0.000000,15.731579,2.016667
309_WIND_1-20,20,7.166667,15.731579,0.000000,15.731579,7.166667
317_WIND_1-20,20,116.200000,15.731579,0.000000,15.731579,116.200000
303_WIND_1-20,20,5.908333,15.731579,0.000000,15.731579,5.908333
320_PV_1-21,21,37.141667,15.731579,0.000000,15.731579,37.141667
314_PV_1-21,21,36.550000,15.731579,0.000000,15.731579,36.550000
314_PV_2-21,21,35.183333,15.731579,0.000000,15.731579,35.183333
313_PV_1-21,21,73.850000,15.731579,0.000000,15.731579,73.850000
314_PV_3-21,21,67.691667,15.731579,0.000000,15.731579,67.691667
314_PV_4-21,21,37.800000,15.731579,0.000000,15.731579,37.800000
313_PV_2-21,21,71.041667,15.731579,0.000000,15.731579,71.041667
310_PV_1-21,21,39.300000,15.731579,0.000000,15.731579,39.300000
324_PV_1-21,21,39.466667,15.731579,0.000000,15.731579,39.466667
312_PV_1-21,21,69.350000,15.731579,0.000000,15.731579,69.350000
310_PV_2-21,21,36.600000,15.731579,0.000000,15.731579,36.600000
324_PV_2-21,21,36.125000,15.731579,0.000000,15.731579,36.125000
324_PV_3-21,21,38.366667,15.731579,0.000000,15.731579,38.366667
319_PV_1-21,21,135.666667,15.731579,0.000000,15.731579,135.666667
308_RTPV_1-21,21,58.183333,15.731579,0.000000,15.731579,58.183333
313_RTPV_1-21,21,69.350000,15.731579,0.000000,15.731579,69.350000
313_RTPV_2-21,21,44.166667,15.731579,0.000000,15.731579,44.166667
313_RTPV_3-21,21,40.091667,15.731579,0.000000,15.731579,40.091667
313_RTPV_4-21,21,41.225000,15.731579,0.000000,15.731579,41.225000
313_RTPV_5-21,21,45.375000,15.731579,0.000000,15.731579,45.375000
313_RTPV_6-21,21,44.441667,15.731579,0.000000,15.731579,44.441667
313_RTPV_7-21,21,44.558333,15.731579,0.000000,15.731579,44.558333
313_RTPV_8-21,21,44.366667,15.731579,0.000000,15.731579,44.366667
313_RTPV_9-21,21,46.108333,15.731579,0.000000,15.731579,46.108333
313_RTPV_10-21,21,43.291667,15.731579,0.000000,15.731579,43.291667
313_RTPV_11-21,21,44.625000,15.731579,0.000000,15.731579,44.625000
313_RTPV_12-21,21,17.991667,15.731579,0.000000,15.731579,17.991667
320_RTPV_1-21,21,18.558333,15.731579,0.000000,15.731579,18.558333
320_RTPV_2-21,21,19.200000,15.731579,0.000000,15.731579,19.200000
320_RTPV_3-21,21,19.933333,15.731579,0.000000,15.731579,19.933333
313_RTPV_13-21,21,20.433333,15.731579,0.000000,15.731579,20.433333
320_RTPV_4-21,21,17.958333,15.731579,0.000000,15.731579,17.958333
320_RTPV_5-21,21,19.283333,15.731579,0.000000,15.731579,19.283333
320_RTPV_6-21,21,6.241667,15.731579,0.000000,15.731579,6.241667
309_WIND_1-21,21,4.108333,15.731579,0.000000,15.731579,4.108333
317_WIND_1-21,21,57.733333,15.731579,0.000000,15.731579,57.733333
303_WIND_1-21,21,5.375000,15.731579,0.000000,15.731579,5.375000
320_PV_1-22,22,38.141667,0.000000,0.000000,0.000000,38.141667
314_PV_1-22,22,37.325000,0.000000,0.000000,0.000000,37.325000
314_PV_2-22,22,36.358333,0.000000,0.000000,0.000000,36.358333
313_PV_1-22,22,75.683333,0.000000,0.000000,0.000000,75.683333
314_PV_3-22,22,70.858333,0.000000,0.000000,0.000000,70.858333
314_PV_4-22,22,38.750000,0.000000,0.000000,0.000000,38.750000
313_PV_2-22,22,72.908333,0.000000,0.000000,0.000000,72.908333
310_PV_1-22,22,39.966667,0.000000,0.000000,0.000000,39.966667
324_PV_1-22,22,40.891667,0.000000,0.000000,0.000000,40.891667
312_PV_1-22,22,74.325000,0.000000,0.000000,0.000000,74.325000
310_PV_2-22,22,37.116667,0.000000,0.000000,0.000000,37.116667
324_PV_2-22,22,35.450000,0.000000,0.000000,0.000000,35.450000
324_PV_3-22,22,39.658333,0.000000,0.000000,0.000000,39.658333
319_PV_1-22,22,144.166667,0.000000,0.000000,0.000000,144.166667
308_RTPV_1-22,22,60.908333,0.000000,0.000000,0.000000,60.908333
313_RTPV_1-22,22,74.566667,0.000000,0.000000,0.000000,74.566667
313_RTPV_2-22,22,48.133333,0.000000,0.000000,0.000000,48.133333
313_RTPV_3-22,22,42.641667,0.000000,0.000000,0.000000,42.641667
313_RTPV_4-22,22,45.100000,0.000000,0.000000,0.000000,45.100000
313_RTPV_5-22,22,50.658333,0.000000,0.000000,0.000000,50.658333
313_RTPV_6-22,22,46.416667,0.000000,0.000000,0.000000,46.416667
313_RTPV_7-22,22,48.325000,0.000000,0.000000,0.000000,48.325000
313_RTPV_8-22,22,46.858333,0.000000,0.000000,0.000000,46.858333
313_RTPV_9-22,22,41.207574,0.000000,0.000000,0.000000,50.516667
313_RTPV_10-22,22,46.733333,0.000000,0.000000,0.000000,46.733333
313_RTPV_11-22,22,47.808333,0.000000,0.000000,0.000000,47.808333
313_RTPV_12-22,22,19.141667,0.000000,0.000000,0.000000,19.141667
320_RTPV_1-22,22,0.000000,0.000000,0.000000,0.000000,19.925000
320_RTPV_2-22,22,0.000000,0.000000,0.000000,0.000000,20.858333
320_RTPV_3-22,22,0.000000,0.000000,0.000000,0.000000,21.633333
313_RTPV_13-22,22,22.500000,0.000000,0.000000,0.000000,22.500000
320_RTPV_4-22,22,0.000000,0.000000,0.000000,0.000000,18.625000
320_RTPV_5-22,22,0.000000,0.000000,0.000000,0.000000,21.158333
320_RTPV_6-22,22,6.716667,0.000000,0.000000,0.000000,6.716667
309_WIND_1-22,22,2.833333,0.000000,0.000000,0.000000,2.833333
317_WIND_1-22,22,27.183333,0.000000,0.000000,0.000000,27.183333
303_WIND_1-22,22,5.466667,0.000000,0.000000,0.000000,5.466667
320_PV_1-23,23,38.000000,0.000000,0.000000,0.000000,38.000000
314_PV_1-23,23,37.791667,0.000000,0.000000,0.000000,37.791667
314_PV_2-23,23,0.000000,0.000000,0.000000,0.000000,34.008333
313_PV_1-23,23,77.025000,0.000000,0.000000,0.000000,77.025000
314_PV_3-23,23,0.000000,0.000000,0.000000,0.000000,71.575000
314_PV_4-23,23,38.658333,0.000000,0.000000,0.000000,38.658333
313_PV_2-23,23,74.375000,0.000000,0.000000,0.000000,74.375000
310_PV_1-23,23,39.250000,0.000000,0.000000,0.000000,39.250000
324_PV_1-23,23,40.566667,0.000000,0.000000,0.000000,40.566667
312_PV_1-23,23,76.033333,0.000000,0.000000,0.000000,76.033333
310_PV_2-23,23,37.816667,0.000000,0.000000,0.000000,37.816667
324_PV_2-23,23,35.233333,0.000000,0.000000,0.000000,35.233333
324_PV_3-23,23,40.475000,0.000000,0.000000,0.000000,40.475000
319_PV_1-23,23,143.208333,0.000000,0.000000,0.000000,143.208333
308_RTPV_1-23,23,58.858333,0.000000,0.000000,0.000000,58.858333
313_RTPV_1-23,23,71.625000,0.000000,0.000000,0.000000,71.625000
313_RTPV_2-23,23,49.791667,0.000000,0.000000,0.000000,49.791667
313_RTPV_3-23,23,42.675000,0.000000,0.000000,0.000000,42.675000
313_RTPV_4-23,23,43.425000,0.000000,0.000000,0.000000,43.425000
313_RTPV_5-23,23,51.741667,0.000000,0.000000,0.000000,51.741667
313_RTPV_6-23,23,47.083333,0.000000,0.000000,0.000000,47.083333
313_RTPV_7-23,23,48.050000,0.000000,0.000000,0.000000,48.050000
313_RTPV_8-23,23,48.450000,0.000000,0.000000,0.000000,48.450000
313_RTPV_9-23,23,44.262618,0.000000,0.000000,0.000000,50.683333
313_RTPV_10-23,23,46.700000,0.000000,0.000000,0.000000,46.700000
313_RTPV_11-23,23,46.650000,0.000000,0.000000,0.000000,46.650000
313_RTPV_12-23,23,18.908333,0.000000,0.000000,0.000000,18.908333
320_RTPV_1-23,23,20.625000,0.000000,0.000000,0.000000,20.625000
320_RTPV_2-23,23,0.000000,0.000000,0.000000,0.000000,19.658333
320_RTPV_3-23,23,21.033333,0.000000,0.000000,0.000000,21.033333
313_RTPV_13-23,23,22.350000,0.000000,0.000000,0.000000,22.350000
320_RTPV_4-23,23,17.833333,0.000000,0.000000,0.000000,17.833333
320_RTPV_5-23,23,0.000000,0.000000,0.000000,0.000000,22.100000
320_RTPV_6-23,23,0.000000,0.000000,0.000000,0.000000,6.650000
309_WIND_1-23,23,1.566667,0.000000,0.000000,0.000000,1.566667
317_WIND_1-23,23,9.258333,0.000000,0.000000,0.000000,9.258333
303_WIND_1-23,23,5.475000,0.000000,0.000000,0.000000,5.475000
320_PV_1-24,24,37.316667,0.000000,0.000000,0.000000,37.316667
314_PV_1-24,24,36.191667,0.000000,0.000000,0.000000,36.191667
314_PV_2-24,24,33.400000,0.000000,0.000000,0.000000,33.400000
313_PV_1-24,24,74.000000,0.000000,0.000000,0.000000,74.000000
314_PV_3-24,24,70.150000,0.000000,0.000000,0.000000,70.150000
314_PV_4-24,24,37.575000,0.000000,0.000000,0.000000,37.575000
313_PV_2-24,24,0.000000,0.000000,0.000000,0.000000,69.975000
310_PV_1-24,24,38.291667,0.000000,0.000000,0.000000,38.291667
324_PV_1-24,24,40.658333,0.000000,0.000000,0.000000,40.658333
312_PV_1-24,24,73.183333,0.000000,0.000000,0.000000,73.183333
310_PV_2-24,24,37.258333,0.000000,0.000000,0.000000,37.258333
324_PV_2-24,24,33.816667,0.000000,0.000000,0.000000,33.816667
324_PV_3-24,24,41.025000,0.000000,0.000000,0.000000,41.025000
319_PV_1-24,24,141.000000,0.000000,0.000000,0.000000,141.000000
308_RTPV_1-24,24,56.025000,0.000000,0.000000,0.000000,56.025000
313_RTPV_1-24,24,68.900000,0.000000,0.000000,0.000000,68.900000
313_RTPV_2-24,24,45.316667,0.000000,0.000000,0.000000,45.316667
313_RTPV_3-24,24,40.066667,0.000000,0.000000,0.000000,40.066667
313_RTPV_4-24,24,40.191667,0.000000,0.000000,0.000000,40.191667
313_RTPV_5-24,24,47.925000,0.000000,0.000000,0.000000,47.925000
313_RTPV_6-24,24,46.033333,0.000000,0.000000,0.000000,46.033333
313_RTPV_7-24,24,43.683333,0.000000,0.000000,0.000000,43.683333
313_RTPV_8-24,24,45.491667,0.000000,0.000000,0.000000,45.491667
313_RTPV_9-24,24,48.266667,0.000000,0.000000,0.000000,48.266667
313_RTPV_10-24,24,43.800000,0.000000,0.000000,0.000000,43.800000
313_RTPV_11-24,24,0.000000,0.000000,0.000000,0.000000,44.508333
313_RTPV_12-24,24,17.316667,0.000000,0.000000,0.000000,17.316667
320_RTPV_1-24,24,0.000000,0.000000,0.000000,0.000000,18.275000
320_RTPV_2-24,24,14.166667,0.000000,0.000000,0.000000,14.166667
320_RTPV_3-24,24,0.000000,0.000000,0.000000,0.000000,18.758333
313_RTPV_13-24,24,20.450000,0.000000,0.000000,0.000000,20.450000
320_RTPV_4-24,24,16.291667,0.000000,0.000000,0.000000,16.291667
320_RTPV_5-24,24,0.000000,0.000000,0.000000,0.000000,19.916667
320_RTPV_6-24,24,2.110017,0.000000,0.000000,0.000000,6.141667
309_WIND_1-24,24,1.141667,0.000000,0.000000,0.000000,1.141667
317_WIND_1-24,24,7.408333,0.000000,0.000000,0.000000,7.408333
303_WIND_1-24,24,5.233333,0.000000,0.000000,0.000000,5.233333
