,hour,GeneratorDispatch
301_CT_1,1,0.000000
301_CT_1,2,0.000000
301_CT_1,3,0.000000
301_CT_1,4,0.000000
301_CT_1,5,0.000000
301_CT_1,6,0.000000
301_CT_1,7,0.000000
301_CT_1,8,0.000000
301_CT_1,9,0.000000
301_CT_1,10,0.000000
301_CT_1,11,0.000000
301_CT_1,12,0.000000
301_CT_1,13,0.000000
301_CT_1,14,0.000000
301_CT_1,15,0.000000
301_CT_1,16,0.000000
301_CT_1,17,0.000000
301_CT_1,18,0.000000
301_CT_1,19,0.000000
301_CT_1,20,0.000000
301_CT_1,21,0.000000
301_CT_1,22,0.000000
301_CT_1,23,0.000000
301_CT_1,24,0.000000
301_CT_2,1,0.000000
301_CT_2,2,0.000000
301_CT_2,3,0.000000
301_CT_2,4,0.000000
301_CT_2,5,0.000000
301_CT_2,6,0.000000
301_CT_2,7,0.000000
301_CT_2,8,0.000000
301_CT_2,9,0.000000
301_CT_2,10,0.000000
301_CT_2,11,0.000000
301_CT_2,12,0.000000
301_CT_2,13,0.000000
301_CT_2,14,0.000000
301_CT_2,15,0.000000
301_CT_2,16,0.000000
301_CT_2,17,0.000000
301_CT_2,18,0.000000
301_CT_2,19,0.000000
301_CT_2,20,0.000000
301_CT_2,21,0.000000
301_CT_2,22,0.000000
301_CT_2,23,0.000000
301_CT_2,24,0.000000
301_CT_3,1,0.000000
301_CT_3,2,0.000000
301_CT_3,3,0.000000
301_CT_3,4,0.000000
301_CT_3,5,0.000000
301_CT_3,6,0.000000
301_CT_3,7,0.000000
301_CT_3,8,0.000000
301_CT_3,9,0.000000
301_CT_3,10,0.000000
301_CT_3,11,0.000000
301_CT_3,12,0.000000
301_CT_3,13,0.000000
301_CT_3,14,0.000000
301_CT_3,15,0.000000
301_CT_3,16,0.000000
301_CT_3,17,0.000000
301_CT_3,18,0.000000
301_CT_3,19,0.000000
301_CT_3,20,0.000000
301_CT_3,21,0.000000
301_CT_3,22,0.000000
301_CT_3,23,0.000000
301_CT_3,24,0.000000
301_CT_4,1,0.000000
301_CT_4,2,0.000000
301_CT_4,3,0.000000
301_CT_4,4,0.000000
301_CT_4,5,0.000000
301_CT_4,6,0.000000
301_CT_4,7,0.000000
301_CT_4,8,0.000000
301_CT_4,9,0.000000
301_CT_4,10,0.000000
301_CT_4,11,0.000000
301_CT_4,12,0.000000
301_CT_4,13,0.000000
301_CT_4,14,0.000000
301_CT_4,15,0.000000
301_CT_4,16,0.000000
301_CT_4,17,0.000000
301_CT_4,18,0.000000
301_CT_4,19,0.000000
301_CT_4,20,0.000000
301_CT_4,21,0.000000
301_CT_4,22,0.000000
301_CT_4,23,0.000000
301_CT_4,24,0.000000
302_CT_1,1,0.000000
302_CT_1,2,0.000000
302_CT_1,3,0.000000
302_CT_1,4,0.000000
302_CT_1,5,0.000000
302_CT_1,6,0.000000
302_CT_1,7,0.000000
302_CT_1,8,0.000000
302_CT_1,9,0.000000
302_CT_1,10,0.000000
302_CT_1,11,0.000000
302_CT_1,12,0.000000
302_CT_1,13,0.000000
302_CT_1,14,0.000000
302_CT_1,15,0.000000
302_CT_1,16,0.000000
302_CT_1,17,0.000000
302_CT_1,18,0.000000
302_CT_1,19,0.000000
302_CT_1,20,0.000000
302_CT_1,21,0.000000
302_CT_1,22,0.000000
302_CT_1,23,0.000000
302_CT_1,24,0.000000
302_CT_2,1,0.000000
302_CT_2,2,0.000000
302_CT_2,3,0.000000
302_CT_2,4,0.000000
302_CT_2,5,0.000000
302_CT_2,6,0.000000
302_CT_2,7,0.000000
302_CT_2,8,0.000000
302_CT_2,9,0.000000
302_CT_2,10,0.000000
302_CT_2,11,0.000000
302_CT_2,12,0.000000
302_CT_2,13,0.000000
302_CT_2,14,0.000000
302_CT_2,15,0.000000
302_CT_2,16,0.000000
302_CT_2,17,0.000000
302_CT_2,18,0.000000
302_CT_2,19,0.000000
302_CT_2,20,0.000000
302_CT_2,21,0.000000
302_CT_2,22,0.000000
302_CT_2,23,0.000000
302_CT_2,24,0.000000
302_CT_3,1,0.000000
302_CT_3,2,0.000000
302_CT_3,3,0.000000
302_CT_3,4,0.000000
302_CT_3,5,0.000000
302_CT_3,6,0.000000
302_CT_3,7,0.000000
302_CT_3,8,0.000000
302_CT_3,9,0.000000
302_CT_3,10,0.000000
302_CT_3,11,0.000000
302_CT_3,12,0.000000
302_CT_3,13,0.000000
302_CT_3,14,0.000000
302_CT_3,15,0.000000
302_CT_3,16,0.000000
302_CT_3,17,0.000000
302_CT_3,18,0.000000
302_CT_3,19,0.000000
302_CT_3,20,0.000000
302_CT_3,21,0.000000
302_CT_3,22,0.000000
302_CT_3,23,0.000000
302_CT_3,24,0.000000
302_CT_4,1,0.000000
302_CT_4,2,0.000000
302_CT_4,3,0.000000
302_CT_4,4,0.000000
302_CT_4,5,0.000000
302_CT_4,6,0.000000
302_CT_4,7,0.000000
302_CT_4,8,0.000000
302_CT_4,9,0.000000
302_CT_4,10,0.000000
302_CT_4,11,0.000000
302_CT_4,12,0.000000
302_CT_4,13,0.000000
302_CT_4,14,0.000000
302_CT_4,15,0.000000
302_CT_4,16,0.000000
302_CT_4,17,0.000000
302_CT_4,18,0.000000
302_CT_4,19,0.000000
302_CT_4,20,0.000000
302_CT_4,21,0.000000
302_CT_4,22,0.000000
302_CT_4,23,0.000000
302_CT_4,24,0.000000
307_CT_1,1,0.000000
307_CT_1,2,0.000000
307_CT_1,3,0.000000
307_CT_1,4,0.000000
307_CT_1,5,0.000000
307_CT_1,6,0.000000
307_CT_1,7,0.000000
307_CT_1,8,0.000000
307_CT_1,9,0.000000
307_CT_1,10,0.000000
307_CT_1,11,0.000000
307_CT_1,12,0.000000
307_CT_1,13,0.000000
307_CT_1,14,0.000000
307_CT_1,15,0.000000
307_CT_1,16,0.000000
307_CT_1,17,0.000000
307_CT_1,18,0.000000
307_CT_1,19,0.000000
307_CT_1,20,44.000000
307_CT_1,21,20.036234
307_CT_1,22,0.000000
307_CT_1,23,0.000000
307_CT_1,24,0.000000
307_CT_2,1,0.000000
307_CT_2,2,0.000000
307_CT_2,3,0.000000
307_CT_2,4,0.000000
307_CT_2,5,0.000000
307_CT_2,6,0.000000
307_CT_2,7,0.000000
307_CT_2,8,0.000000
307_CT_2,9,0.000000
307_CT_2,10,0.000000
307_CT_2,11,0.000000
307_CT_2,12,0.000000
307_CT_2,13,0.000000
307_CT_2,14,0.000000
307_CT_2,15,0.000000
307_CT_2,16,0.000000
307_CT_2,17,0.000000
307_CT_2,18,0.000000
307_CT_2,19,0.000000
307_CT_2,20,44.000000
307_CT_2,21,0.000000
307_CT_2,22,0.000000
307_CT_2,23,0.000000
307_CT_2,24,0.000000
313_CC_1,1,0.000000
313_CC_1,2,0.000000
313_CC_1,3,0.000000
313_CC_1,4,0.000000
313_CC_1,5,0.000000
313_CC_1,6,0.000000
313_CC_1,7,0.000000
313_CC_1,8,0.000000
313_CC_1,9,0.000000
313_CC_1,10,0.000000
313_CC_1,11,0.000000
313_CC_1,12,0.000000
313_CC_1,13,0.000000
313_CC_1,14,0.000000
313_CC_1,15,0.000000
313_CC_1,16,0.000000
313_CC_1,17,0.000000
313_CC_1,18,0.000000
313_CC_1,19,87.035786
313_CC_1,20,245.019364
313_CC_1,21,231.666667
313_CC_1,22,228.603790
313_CC_1,23,126.672581
313_CC_1,24,0.000000
315_STEAM_1,1,0.000000
315_STEAM_1,2,0.000000
315_STEAM_1,3,0.000000
315_STEAM_1,4,0.000000
315_STEAM_1,5,0.000000
315_STEAM_1,6,0.000000
315_STEAM_1,7,0.000000
315_STEAM_1,8,0.000000
315_STEAM_1,9,0.000000
315_STEAM_1,10,0.000000
315_STEAM_1,11,0.000000
315_STEAM_1,12,0.000000
315_STEAM_1,13,0.000000
315_STEAM_1,14,0.000000
315_STEAM_1,15,0.000000
315_STEAM_1,16,0.000000
315_STEAM_1,17,0.000000
315_STEAM_1,18,0.000000
315_STEAM_1,19,0.000000
315_STEAM_1,20,0.000000
315_STEAM_1,21,0.000000
315_STEAM_1,22,0.000000
315_STEAM_1,23,0.000000
315_STEAM_1,24,0.000000
315_STEAM_2,1,0.000000
315_STEAM_2,2,0.000000
315_STEAM_2,3,0.000000
315_STEAM_2,4,0.000000
315_STEAM_2,5,0.000000
315_STEAM_2,6,0.000000
315_STEAM_2,7,0.000000
315_STEAM_2,8,0.000000
315_STEAM_2,9,0.000000
315_STEAM_2,10,0.000000
315_STEAM_2,11,0.000000
315_STEAM_2,12,0.000000
315_STEAM_2,13,0.000000
315_STEAM_2,14,0.000000
315_STEAM_2,15,0.000000
315_STEAM_2,16,0.000000
315_STEAM_2,17,0.000000
315_STEAM_2,18,0.000000
315_STEAM_2,19,0.000000
315_STEAM_2,20,0.000000
315_STEAM_2,21,0.000000
315_STEAM_2,22,0.000000
315_STEAM_2,23,0.000000
315_STEAM_2,24,0.000000
315_STEAM_3,1,0.000000
315_STEAM_3,2,0.000000
315_STEAM_3,3,0.000000
315_STEAM_3,4,0.000000
315_STEAM_3,5,0.000000
315_STEAM_3,6,0.000000
315_STEAM_3,7,0.000000
315_STEAM_3,8,0.000000
315_STEAM_3,9,0.000000
315_STEAM_3,10,0.000000
315_STEAM_3,11,0.000000
315_STEAM_3,12,0.000000
315_STEAM_3,13,0.000000
315_STEAM_3,14,0.000000
315_STEAM_3,15,0.000000
315_STEAM_3,16,0.000000
315_STEAM_3,17,0.000000
315_STEAM_3,18,0.000000
315_STEAM_3,19,0.000000
315_STEAM_3,20,0.000000
315_STEAM_3,21,0.000000
315_STEAM_3,22,0.000000
315_STEAM_3,23,0.000000
315_STEAM_3,24,0.000000
315_STEAM_4,1,0.000000
315_STEAM_4,2,0.000000
315_STEAM_4,3,0.000000
315_STEAM_4,4,0.000000
315_STEAM_4,5,0.000000
315_STEAM_4,6,0.000000
315_STEAM_4,7,0.000000
315_STEAM_4,8,0.000000
315_STEAM_4,9,0.000000
315_STEAM_4,10,0.000000
315_STEAM_4,11,0.000000
315_STEAM_4,12,0.000000
315_STEAM_4,13,0.000000
315_STEAM_4,14,0.000000
315_STEAM_4,15,0.000000
315_STEAM_4,16,0.000000
315_STEAM_4,17,0.000000
315_STEAM_4,18,0.000000
315_STEAM_4,19,0.000000
315_STEAM_4,20,0.000000
315_STEAM_4,21,0.000000
315_STEAM_4,22,0.000000
315_STEAM_4,23,0.000000
315_STEAM_4,24,0.000000
315_STEAM_5,1,0.000000
315_STEAM_5,2,0.000000
315_STEAM_5,3,0.000000
315_STEAM_5,4,0.000000
315_STEAM_5,5,0.000000
315_STEAM_5,6,0.000000
315_STEAM_5,7,0.000000
315_STEAM_5,8,0.000000
315_STEAM_5,9,0.000000
315_STEAM_5,10,0.000000
315_STEAM_5,11,0.000000
315_STEAM_5,12,0.000000
315_STEAM_5,13,0.000000
315_STEAM_5,14,0.000000
315_STEAM_5,15,0.000000
315_STEAM_5,16,0.000000
315_STEAM_5,17,0.000000
315_STEAM_5,18,0.000000
315_STEAM_5,19,0.000000
315_STEAM_5,20,0.000000
315_STEAM_5,21,0.000000
315_STEAM_5,22,0.000000
315_STEAM_5,23,0.000000
315_STEAM_5,24,0.000000
315_CT_6,1,0.000000
315_CT_6,2,0.000000
315_CT_6,3,0.000000
315_CT_6,4,0.000000
315_CT_6,5,0.000000
315_CT_6,6,0.000000
315_CT_6,7,0.000000
315_CT_6,8,0.000000
315_CT_6,9,0.000000
315_CT_6,10,0.000000
315_CT_6,11,0.000000
315_CT_6,12,0.000000
315_CT_6,13,0.000000
315_CT_6,14,0.000000
315_CT_6,15,0.000000
315_CT_6,16,0.000000
315_CT_6,17,0.000000
315_CT_6,18,0.000000
315_CT_6,19,0.000000
315_CT_6,20,0.000000
315_CT_6,21,0.000000
315_CT_6,22,0.000000
315_CT_6,23,0.000000
315_CT_6,24,0.000000
315_CT_7,1,0.000000
315_CT_7,2,0.000000
315_CT_7,3,0.000000
315_CT_7,4,0.000000
315_CT_7,5,0.000000
315_CT_7,6,0.000000
315_CT_7,7,0.000000
315_CT_7,8,0.000000
315_CT_7,9,0.000000
315_CT_7,10,0.000000
315_CT_7,11,0.000000
315_CT_7,12,0.000000
315_CT_7,13,0.000000
315_CT_7,14,0.000000
315_CT_7,15,0.000000
315_CT_7,16,0.000000
315_CT_7,17,0.000000
315_CT_7,18,0.000000
315_CT_7,19,0.000000
315_CT_7,20,0.000000
315_CT_7,21,0.000000
315_CT_7,22,0.000000
315_CT_7,23,0.000000
315_CT_7,24,0.000000
315_CT_8,1,0.000000
315_CT_8,2,0.000000
315_CT_8,3,0.000000
315_CT_8,4,0.000000
315_CT_8,5,0.000000
315_CT_8,6,0.000000
315_CT_8,7,0.000000
315_CT_8,8,0.000000
315_CT_8,9,0.000000
315_CT_8,10,0.000000
315_CT_8,11,0.000000
315_CT_8,12,0.000000
315_CT_8,13,0.000000
315_CT_8,14,0.000000
315_CT_8,15,0.000000
315_CT_8,16,0.000000
315_CT_8,17,0.000000
315_CT_8,18,0.000000
315_CT_8,19,0.000000
315_CT_8,20,0.000000
315_CT_8,21,0.000000
315_CT_8,22,0.000000
315_CT_8,23,0.000000
315_CT_8,24,0.000000
316_STEAM_1,1,0.000000
316_STEAM_1,2,0.000000
316_STEAM_1,3,0.000000
316_STEAM_1,4,0.000000
316_STEAM_1,5,0.000000
316_STEAM_1,6,0.000000
316_STEAM_1,7,0.000000
316_STEAM_1,8,0.000000
316_STEAM_1,9,0.000000
316_STEAM_1,10,0.000000
316_STEAM_1,11,0.000000
316_STEAM_1,12,0.000000
316_STEAM_1,13,0.000000
316_STEAM_1,14,0.000000
316_STEAM_1,15,0.000000
316_STEAM_1,16,0.000000
316_STEAM_1,17,0.000000
316_STEAM_1,18,0.000000
316_STEAM_1,19,0.000000
316_STEAM_1,20,0.000000
316_STEAM_1,21,0.000000
316_STEAM_1,22,0.000000
316_STEAM_1,23,0.000000
316_STEAM_1,24,0.000000
318_CC_1,1,0.000000
318_CC_1,2,0.000000
318_CC_1,3,0.000000
318_CC_1,4,0.000000
318_CC_1,5,0.000000
318_CC_1,6,0.000000
318_CC_1,7,0.000000
318_CC_1,8,0.000000
318_CC_1,9,0.000000
318_CC_1,10,0.000000
318_CC_1,11,0.000000
318_CC_1,12,0.000000
318_CC_1,13,0.000000
318_CC_1,14,0.000000
318_CC_1,15,0.000000
318_CC_1,16,0.000000
318_CC_1,17,0.000000
318_CC_1,18,0.000000
318_CC_1,19,0.000000
318_CC_1,20,0.000000
318_CC_1,21,0.000000
318_CC_1,22,0.000000
318_CC_1,23,0.000000
318_CC_1,24,0.000000
321_CC_1,1,0.000000
321_CC_1,2,0.000000
321_CC_1,3,0.000000
321_CC_1,4,0.000000
321_CC_1,5,0.000000
321_CC_1,6,0.000000
321_CC_1,7,0.000000
321_CC_1,8,0.000000
321_CC_1,9,0.000000
321_CC_1,10,0.000000
321_CC_1,11,0.000000
321_CC_1,12,0.000000
321_CC_1,13,0.000000
321_CC_1,14,0.000000
321_CC_1,15,0.000000
321_CC_1,16,0.000000
321_CC_1,17,0.000000
321_CC_1,18,0.000000
321_CC_1,19,0.000000
321_CC_1,20,0.000000
321_CC_1,21,0.000000
321_CC_1,22,0.000000
321_CC_1,23,0.000000
321_CC_1,24,0.000000
322_CT_5,1,0.000000
322_CT_5,2,0.000000
322_CT_5,3,0.000000
322_CT_5,4,0.000000
322_CT_5,5,0.000000
322_CT_5,6,0.000000
322_CT_5,7,0.000000
322_CT_5,8,0.000000
322_CT_5,9,0.000000
322_CT_5,10,0.000000
322_CT_5,11,0.000000
322_CT_5,12,0.000000
322_CT_5,13,0.000000
322_CT_5,14,0.000000
322_CT_5,15,0.000000
322_CT_5,16,0.000000
322_CT_5,17,0.000000
322_CT_5,18,0.000000
322_CT_5,19,0.000000
322_CT_5,20,0.000000
322_CT_5,21,0.000000
322_CT_5,22,0.000000
322_CT_5,23,0.000000
322_CT_5,24,0.000000
322_CT_6,1,0.000000
322_CT_6,2,0.000000
322_CT_6,3,0.000000
322_CT_6,4,0.000000
322_CT_6,5,0.000000
322_CT_6,6,0.000000
322_CT_6,7,0.000000
322_CT_6,8,0.000000
322_CT_6,9,0.000000
322_CT_6,10,0.000000
322_CT_6,11,0.000000
322_CT_6,12,0.000000
322_CT_6,13,0.000000
322_CT_6,14,0.000000
322_CT_6,15,0.000000
322_CT_6,16,0.000000
322_CT_6,17,0.000000
322_CT_6,18,0.000000
322_CT_6,19,0.000000
322_CT_6,20,0.000000
322_CT_6,21,0.000000
322_CT_6,22,0.000000
322_CT_6,23,0.000000
322_CT_6,24,0.000000
323_CC_1,1,0.000000
323_CC_1,2,0.000000
323_CC_1,3,0.000000
323_CC_1,4,0.000000
323_CC_1,5,0.000000
323_CC_1,6,0.000000
323_CC_1,7,0.000000
323_CC_1,8,0.000000
323_CC_1,9,0.000000
323_CC_1,10,0.000000
323_CC_1,11,0.000000
323_CC_1,12,0.000000
323_CC_1,13,0.000000
323_CC_1,14,0.000000
323_CC_1,15,0.000000
323_CC_1,16,0.000000
323_CC_1,17,0.000000
323_CC_1,18,0.000000
323_CC_1,19,0.000000
323_CC_1,20,0.000000
323_CC_1,21,0.000000
323_CC_1,22,0.000000
323_CC_1,23,0.000000
323_CC_1,24,0.000000
323_CC_2,1,0.000000
323_CC_2,2,0.000000
323_CC_2,3,0.000000
323_CC_2,4,0.000000
323_CC_2,5,0.000000
323_CC_2,6,0.000000
323_CC_2,7,0.000000
323_CC_2,8,0.000000
323_CC_2,9,0.000000
323_CC_2,10,0.000000
323_CC_2,11,0.000000
323_CC_2,12,0.000000
323_CC_2,13,0.000000
323_CC_2,14,0.000000
323_CC_2,15,0.000000
323_CC_2,16,0.000000
323_CC_2,17,0.000000
323_CC_2,18,0.000000
323_CC_2,19,0.000000
323_CC_2,20,0.000000
323_CC_2,21,0.000000
323_CC_2,22,0.000000
323_CC_2,23,0.000000
323_CC_2,24,0.000000
322_HYDRO_1,1,0.000000
322_HYDRO_1,2,0.000000
322_HYDRO_1,3,0.000000
322_HYDRO_1,4,0.000000
322_HYDRO_1,5,0.000000
322_HYDRO_1,6,0.000000
322_HYDRO_1,7,0.000000
322_HYDRO_1,8,0.000000
322_HYDRO_1,9,0.000000
322_HYDRO_1,10,0.000000
322_HYDRO_1,11,0.000000
322_HYDRO_1,12,0.000000
322_HYDRO_1,13,0.000000
322_HYDRO_1,14,0.000000
322_HYDRO_1,15,0.000000
322_HYDRO_1,16,0.000000
322_HYDRO_1,17,0.000000
322_HYDRO_1,18,0.000000
322_HYDRO_1,19,21.733333
322_HYDRO_1,20,22.712500
322_HYDRO_1,21,24.629167
322_HYDRO_1,22,23.404167
322_HYDRO_1,23,20.970833
322_HYDRO_1,24,22.662500
322_HYDRO_2,1,0.000000
322_HYDRO_2,2,0.000000
322_HYDRO_2,3,0.000000
322_HYDRO_2,4,0.000000
322_HYDRO_2,5,0.000000
322_HYDRO_2,6,0.000000
322_HYDRO_2,7,0.000000
322_HYDRO_2,8,0.000000
322_HYDRO_2,9,0.000000
322_HYDRO_2,10,0.000000
322_HYDRO_2,11,0.000000
322_HYDRO_2,12,0.000000
322_HYDRO_2,13,0.000000
322_HYDRO_2,14,0.000000
322_HYDRO_2,15,0.000000
322_HYDRO_2,16,0.000000
322_HYDRO_2,17,0.000000
322_HYDRO_2,18,0.000000
322_HYDRO_2,19,21.733333
322_HYDRO_2,20,22.712500
322_HYDRO_2,21,24.629167
322_HYDRO_2,22,23.404167
322_HYDRO_2,23,20.970833
322_HYDRO_2,24,22.662500
322_HYDRO_3,1,0.000000
322_HYDRO_3,2,0.000000
322_HYDRO_3,3,0.000000
322_HYDRO_3,4,0.000000
322_HYDRO_3,5,0.000000
322_HYDRO_3,6,0.000000
322_HYDRO_3,7,0.000000
322_HYDRO_3,8,0.000000
322_HYDRO_3,9,0.000000
322_HYDRO_3,10,0.000000
322_HYDRO_3,11,0.000000
322_HYDRO_3,12,0.000000
322_HYDRO_3,13,0.000000
322_HYDRO_3,14,0.000000
322_HYDRO_3,15,0.000000
322_HYDRO_3,16,0.000000
322_HYDRO_3,17,0.000000
322_HYDRO_3,18,0.000000
322_HYDRO_3,19,21.733333
322_HYDRO_3,20,22.712500
322_HYDRO_3,21,24.629167
322_HYDRO_3,22,23.404167
322_HYDRO_3,23,20.970833
322_HYDRO_3,24,22.662500
322_HYDRO_4,1,0.000000
322_HYDRO_4,2,0.000000
322_HYDRO_4,3,0.000000
322_HYDRO_4,4,0.000000
322_HYDRO_4,5,0.000000
322_HYDRO_4,6,0.000000
322_HYDRO_4,7,0.000000
322_HYDRO_4,8,0.000000
322_HYDRO_4,9,0.000000
322_HYDRO_4,10,0.000000
322_HYDRO_4,11,0.000000
322_HYDRO_4,12,0.000000
322_HYDRO_4,13,0.000000
322_HYDRO_4,14,0.000000
322_HYDRO_4,15,0.000000
322_HYDRO_4,16,0.000000
322_HYDRO_4,17,0.000000
322_HYDRO_4,18,0.000000
322_HYDRO_4,19,21.733333
322_HYDRO_4,20,22.712500
322_HYDRO_4,21,24.629167
322_HYDRO_4,22,23.404167
322_HYDRO_4,23,20.970833
322_HYDRO_4,24,22.662500
320_PV_1,1,0.000000
320_PV_1,2,0.000000
320_PV_1,3,0.000000
320_PV_1,4,0.000000
320_PV_1,5,0.000000
320_PV_1,6,0.000000
320_PV_1,7,0.000000
320_PV_1,8,0.000000
320_PV_1,9,0.000000
320_PV_1,10,0.000000
320_PV_1,11,0.000000
320_PV_1,12,-0.000000
320_PV_1,13,-0.000000
320_PV_1,14,0.000000
320_PV_1,15,38.475000
320_PV_1,16,0.000000
320_PV_1,17,0.000000
320_PV_1,18,33.491667
320_PV_1,19,17.600000
320_PV_1,20,0.000000
320_PV_1,21,0.000000
320_PV_1,22,0.000000
320_PV_1,23,0.000000
320_PV_1,24,0.000000
314_PV_1,1,0.000000
314_PV_1,2,0.000000
314_PV_1,3,0.000000
314_PV_1,4,0.000000
314_PV_1,5,0.000000
314_PV_1,6,0.000000
314_PV_1,7,0.000000
314_PV_1,8,0.000000
314_PV_1,9,0.000000
314_PV_1,10,10.175000
314_PV_1,11,31.825000
314_PV_1,12,36.525000
314_PV_1,13,35.241667
314_PV_1,14,34.025000
314_PV_1,15,33.391667
314_PV_1,16,32.883333
314_PV_1,17,33.025000
314_PV_1,18,30.150000
314_PV_1,19,14.133333
314_PV_1,20,0.000000
314_PV_1,21,0.000000
314_PV_1,22,0.000000
314_PV_1,23,0.000000
314_PV_1,24,0.000000
314_PV_2,1,0.000000
314_PV_2,2,0.000000
314_PV_2,3,0.000000
314_PV_2,4,0.000000
314_PV_2,5,0.000000
314_PV_2,6,0.000000
314_PV_2,7,0.000000
314_PV_2,8,0.000000
314_PV_2,9,0.000000
314_PV_2,10,0.000000
314_PV_2,11,0.000000
314_PV_2,12,0.000000
314_PV_2,13,0.000000
314_PV_2,14,0.000000
314_PV_2,15,36.441667
314_PV_2,16,0.000000
314_PV_2,17,0.000000
314_PV_2,18,30.066667
314_PV_2,19,15.333333
314_PV_2,20,0.000000
314_PV_2,21,0.000000
314_PV_2,22,0.000000
314_PV_2,23,0.000000
314_PV_2,24,0.000000
313_PV_1,1,0.000000
313_PV_1,2,0.000000
313_PV_1,3,0.000000
313_PV_1,4,0.000000
313_PV_1,5,0.000000
313_PV_1,6,0.000000
313_PV_1,7,0.000000
313_PV_1,8,0.000000
313_PV_1,9,0.000000
313_PV_1,10,0.000000
313_PV_1,11,0.000000
313_PV_1,12,0.000000
313_PV_1,13,0.000000
313_PV_1,14,0.000000
313_PV_1,15,74.516667
313_PV_1,16,0.000000
313_PV_1,17,0.000000
313_PV_1,18,28.466667
313_PV_1,19,10.725000
313_PV_1,20,0.025000
313_PV_1,21,0.000000
313_PV_1,22,0.000000
313_PV_1,23,0.000000
313_PV_1,24,0.000000
314_PV_3,1,0.000000
314_PV_3,2,0.000000
314_PV_3,3,0.000000
314_PV_3,4,0.000000
314_PV_3,5,0.000000
314_PV_3,6,0.000000
314_PV_3,7,0.000000
314_PV_3,8,0.000000
314_PV_3,9,0.000000
314_PV_3,10,0.000000
314_PV_3,11,0.000000
314_PV_3,12,0.000000
314_PV_3,13,0.000000
314_PV_3,14,9.826257
314_PV_3,15,0.000000
314_PV_3,16,0.000000
314_PV_3,17,0.000000
314_PV_3,18,0.000000
314_PV_3,19,19.725000
314_PV_3,20,0.000000
314_PV_3,21,0.000000
314_PV_3,22,0.000000
314_PV_3,23,0.000000
314_PV_3,24,0.000000
314_PV_4,1,0.000000
314_PV_4,2,0.000000
314_PV_4,3,0.000000
314_PV_4,4,0.000000
314_PV_4,5,0.000000
314_PV_4,6,0.000000
314_PV_4,7,0.000000
314_PV_4,8,0.000000
314_PV_4,9,0.000000
314_PV_4,10,0.000000
314_PV_4,11,0.000000
314_PV_4,12,36.300000
314_PV_4,13,0.000000
314_PV_4,14,31.216667
314_PV_4,15,38.108333
314_PV_4,16,0.000000
314_PV_4,17,38.408333
314_PV_4,18,0.000000
314_PV_4,19,15.458333
314_PV_4,20,0.000000
314_PV_4,21,0.000000
314_PV_4,22,0.000000
314_PV_4,23,0.000000
314_PV_4,24,0.000000
313_PV_2,1,0.000000
313_PV_2,2,0.000000
313_PV_2,3,0.000000
313_PV_2,4,0.000000
313_PV_2,5,0.000000
313_PV_2,6,0.000000
313_PV_2,7,0.000000
313_PV_2,8,0.000000
313_PV_2,9,0.000000
313_PV_2,10,0.000000
313_PV_2,11,0.000000
313_PV_2,12,0.000000
313_PV_2,13,0.000000
313_PV_2,14,0.000000
313_PV_2,15,72.516667
313_PV_2,16,0.000000
313_PV_2,17,0.000000
313_PV_2,18,31.583333
313_PV_2,19,17.508333
313_PV_2,20,0.000000
313_PV_2,21,0.000000
313_PV_2,22,0.000000
313_PV_2,23,0.000000
313_PV_2,24,0.000000
310_PV_1,1,0.000000
310_PV_1,2,0.000000
310_PV_1,3,0.000000
310_PV_1,4,0.000000
310_PV_1,5,0.000000
310_PV_1,6,0.000000
310_PV_1,7,0.000000
310_PV_1,8,0.000000
310_PV_1,9,0.000000
310_PV_1,10,8.983333
310_PV_1,11,32.491667
310_PV_1,12,-0.000000
310_PV_1,13,38.183333
310_PV_1,14,39.141667
310_PV_1,15,40.741667
310_PV_1,16,40.400000
310_PV_1,17,36.758333
310_PV_1,18,22.916667
310_PV_1,19,10.633333
310_PV_1,20,0.000000
310_PV_1,21,0.000000
310_PV_1,22,0.000000
310_PV_1,23,0.000000
310_PV_1,24,0.000000
324_PV_1,1,0.000000
324_PV_1,2,0.000000
324_PV_1,3,0.000000
324_PV_1,4,0.000000
324_PV_1,5,0.000000
324_PV_1,6,0.000000
324_PV_1,7,0.000000
324_PV_1,8,0.000000
324_PV_1,9,0.000000
324_PV_1,10,0.000000
324_PV_1,11,0.000000
324_PV_1,12,0.000000
324_PV_1,13,0.000000
324_PV_1,14,0.000000
324_PV_1,15,39.716667
324_PV_1,16,0.000000
324_PV_1,17,0.000000
324_PV_1,18,0.000000
324_PV_1,19,16.175000
324_PV_1,20,0.016667
324_PV_1,21,0.000000
324_PV_1,22,0.000000
324_PV_1,23,0.000000
324_PV_1,24,0.000000
312_PV_1,1,0.000000
312_PV_1,2,0.000000
312_PV_1,3,0.000000
312_PV_1,4,0.000000
312_PV_1,5,0.000000
312_PV_1,6,0.000000
312_PV_1,7,0.000000
312_PV_1,8,0.000000
312_PV_1,9,0.000000
312_PV_1,10,-0.000000
312_PV_1,11,0.000000
312_PV_1,12,0.000000
312_PV_1,13,69.641667
312_PV_1,14,73.158333
312_PV_1,15,75.575000
312_PV_1,16,75.383333
312_PV_1,17,58.283333
312_PV_1,18,44.333333
312_PV_1,19,22.708333
312_PV_1,20,0.000000
312_PV_1,21,0.000000
312_PV_1,22,0.000000
312_PV_1,23,0.000000
312_PV_1,24,0.000000
310_PV_2,1,0.000000
310_PV_2,2,0.000000
310_PV_2,3,0.000000
310_PV_2,4,0.000000
310_PV_2,5,0.000000
310_PV_2,6,0.000000
310_PV_2,7,0.000000
310_PV_2,8,0.000000
310_PV_2,9,0.000000
310_PV_2,10,0.000000
310_PV_2,11,31.383333
310_PV_2,12,0.000000
310_PV_2,13,36.550000
310_PV_2,14,0.000000
310_PV_2,15,34.741667
310_PV_2,16,38.319362
310_PV_2,17,38.841667
310_PV_2,18,20.083333
310_PV_2,19,18.158333
310_PV_2,20,0.108333
310_PV_2,21,0.000000
310_PV_2,22,0.000000
310_PV_2,23,0.000000
310_PV_2,24,0.000000
324_PV_2,1,0.000000
324_PV_2,2,0.000000
324_PV_2,3,0.000000
324_PV_2,4,0.000000
324_PV_2,5,0.000000
324_PV_2,6,0.000000
324_PV_2,7,0.000000
324_PV_2,8,0.000000
324_PV_2,9,0.000000
324_PV_2,10,0.000000
324_PV_2,11,0.000000
324_PV_2,12,0.000000
324_PV_2,13,0.000000
324_PV_2,14,0.000000
324_PV_2,15,0.000000
324_PV_2,16,0.000000
324_PV_2,17,0.000000
324_PV_2,18,0.000000
324_PV_2,19,14.700000
324_PV_2,20,0.000000
324_PV_2,21,0.000000
324_PV_2,22,0.000000
324_PV_2,23,0.000000
324_PV_2,24,0.000000
324_PV_3,1,0.000000
324_PV_3,2,0.000000
324_PV_3,3,0.000000
324_PV_3,4,0.000000
324_PV_3,5,0.000000
324_PV_3,6,0.000000
324_PV_3,7,0.000000
324_PV_3,8,0.000000
324_PV_3,9,0.000000
324_PV_3,10,0.000000
324_PV_3,11,0.000000
324_PV_3,12,0.000000
324_PV_3,13,0.000000
324_PV_3,14,0.000000
324_PV_3,15,0.000000
324_PV_3,16,0.000000
324_PV_3,17,0.000000
324_PV_3,18,0.000000
324_PV_3,19,18.333333
324_PV_3,20,0.016667
324_PV_3,21,0.000000
324_PV_3,22,0.000000
324_PV_3,23,0.000000
324_PV_3,24,0.000000
319_PV_1,1,0.000000
319_PV_1,2,0.000000
319_PV_1,3,0.000000
319_PV_1,4,0.000000
319_PV_1,5,0.000000
319_PV_1,6,0.000000
319_PV_1,7,0.000000
319_PV_1,8,0.000000
319_PV_1,9,0.000000
319_PV_1,10,0.000000
319_PV_1,11,0.000000
319_PV_1,12,0.000000
319_PV_1,13,0.000000
319_PV_1,14,0.000000
319_PV_1,15,137.991667
319_PV_1,16,139.383333
319_PV_1,17,98.814872
319_PV_1,18,113.775000
319_PV_1,19,58.508333
319_PV_1,20,0.000000
319_PV_1,21,0.000000
319_PV_1,22,0.000000
319_PV_1,23,0.000000
319_PV_1,24,0.000000
308_RTPV_1,1,0.000000
308_RTPV_1,2,0.000000
308_RTPV_1,3,0.000000
308_RTPV_1,4,0.000000
308_RTPV_1,5,0.000000
308_RTPV_1,6,0.000000
308_RTPV_1,7,0.000000
308_RTPV_1,8,0.000000
308_RTPV_1,9,0.000000
308_RTPV_1,10,2.008333
308_RTPV_1,11,21.716667
308_RTPV_1,12,42.133333
308_RTPV_1,13,65.175000
308_RTPV_1,14,65.158333
308_RTPV_1,15,57.625000
308_RTPV_1,16,31.758333
308_RTPV_1,17,42.700000
308_RTPV_1,18,19.575000
308_RTPV_1,19,7.341667
308_RTPV_1,20,0.000000
308_RTPV_1,21,0.000000
308_RTPV_1,22,0.000000
308_RTPV_1,23,0.000000
308_RTPV_1,24,0.000000
313_RTPV_1,1,0.000000
313_RTPV_1,2,0.000000
313_RTPV_1,3,0.000000
313_RTPV_1,4,0.000000
313_RTPV_1,5,0.000000
313_RTPV_1,6,0.000000
313_RTPV_1,7,0.000000
313_RTPV_1,8,0.000000
313_RTPV_1,9,0.000000
313_RTPV_1,10,0.000000
313_RTPV_1,11,0.000000
313_RTPV_1,12,0.000000
313_RTPV_1,13,0.000000
313_RTPV_1,14,0.000000
313_RTPV_1,15,0.000000
313_RTPV_1,16,0.000000
313_RTPV_1,17,0.000000
313_RTPV_1,18,38.725000
313_RTPV_1,19,5.841667
313_RTPV_1,20,0.000000
313_RTPV_1,21,0.000000
313_RTPV_1,22,0.000000
313_RTPV_1,23,0.000000
313_RTPV_1,24,0.000000
313_RTPV_2,1,0.000000
313_RTPV_2,2,0.000000
313_RTPV_2,3,0.000000
313_RTPV_2,4,0.000000
313_RTPV_2,5,0.000000
313_RTPV_2,6,0.000000
313_RTPV_2,7,0.000000
313_RTPV_2,8,0.000000
313_RTPV_2,9,0.000000
313_RTPV_2,10,0.000000
313_RTPV_2,11,0.000000
313_RTPV_2,12,0.000000
313_RTPV_2,13,0.000000
313_RTPV_2,14,0.000000
313_RTPV_2,15,37.291667
313_RTPV_2,16,0.000000
313_RTPV_2,17,0.000000
313_RTPV_2,18,17.300000
313_RTPV_2,19,5.483333
313_RTPV_2,20,0.000000
313_RTPV_2,21,0.000000
313_RTPV_2,22,0.000000
313_RTPV_2,23,0.000000
313_RTPV_2,24,0.000000
313_RTPV_3,1,0.000000
313_RTPV_3,2,0.000000
313_RTPV_3,3,0.000000
313_RTPV_3,4,0.000000
313_RTPV_3,5,0.000000
313_RTPV_3,6,0.000000
313_RTPV_3,7,0.000000
313_RTPV_3,8,0.000000
313_RTPV_3,9,0.000000
313_RTPV_3,10,0.000000
313_RTPV_3,11,0.000000
313_RTPV_3,12,0.000000
313_RTPV_3,13,0.000000
313_RTPV_3,14,0.000000
313_RTPV_3,15,43.991667
313_RTPV_3,16,0.000000
313_RTPV_3,17,0.000000
313_RTPV_3,18,14.658333
313_RTPV_3,19,6.158333
313_RTPV_3,20,0.000000
313_RTPV_3,21,0.000000
313_RTPV_3,22,0.000000
313_RTPV_3,23,0.000000
313_RTPV_3,24,0.000000
313_RTPV_4,1,0.000000
313_RTPV_4,2,0.000000
313_RTPV_4,3,0.000000
313_RTPV_4,4,0.000000
313_RTPV_4,5,0.000000
313_RTPV_4,6,0.000000
313_RTPV_4,7,0.000000
313_RTPV_4,8,0.000000
313_RTPV_4,9,0.000000
313_RTPV_4,10,0.000000
313_RTPV_4,11,0.000000
313_RTPV_4,12,0.000000
313_RTPV_4,13,0.000000
313_RTPV_4,14,0.000000
313_RTPV_4,15,0.000000
313_RTPV_4,16,0.000000
313_RTPV_4,17,0.000000
313_RTPV_4,18,22.891667
313_RTPV_4,19,5.983333
313_RTPV_4,20,0.000000
313_RTPV_4,21,0.000000
313_RTPV_4,22,0.000000
313_RTPV_4,23,0.000000
313_RTPV_4,24,0.000000
313_RTPV_5,1,0.000000
313_RTPV_5,2,0.000000
313_RTPV_5,3,0.000000
313_RTPV_5,4,0.000000
313_RTPV_5,5,0.000000
313_RTPV_5,6,0.000000
313_RTPV_5,7,0.000000
313_RTPV_5,8,0.000000
313_RTPV_5,9,0.000000
313_RTPV_5,10,0.000000
313_RTPV_5,11,0.000000
313_RTPV_5,12,0.000000
313_RTPV_5,13,0.000000
313_RTPV_5,14,0.000000
313_RTPV_5,15,0.000000
313_RTPV_5,16,0.000000
313_RTPV_5,17,0.000000
313_RTPV_5,18,21.600000
313_RTPV_5,19,5.633333
313_RTPV_5,20,0.000000
313_RTPV_5,21,0.000000
313_RTPV_5,22,0.000000
313_RTPV_5,23,0.000000
313_RTPV_5,24,0.000000
313_RTPV_6,1,0.000000
313_RTPV_6,2,0.000000
313_RTPV_6,3,0.000000
313_RTPV_6,4,0.000000
313_RTPV_6,5,0.000000
313_RTPV_6,6,0.000000
313_RTPV_6,7,0.000000
313_RTPV_6,8,0.000000
313_RTPV_6,9,0.000000
313_RTPV_6,10,0.000000
313_RTPV_6,11,0.000000
313_RTPV_6,12,0.000000
313_RTPV_6,13,0.000000
313_RTPV_6,14,0.000000
313_RTPV_6,15,0.000000
313_RTPV_6,16,0.000000
313_RTPV_6,17,33.900000
313_RTPV_6,18,15.791667
313_RTPV_6,19,2.408333
313_RTPV_6,20,0.000000
313_RTPV_6,21,0.000000
313_RTPV_6,22,0.000000
313_RTPV_6,23,0.000000
313_RTPV_6,24,0.000000
313_RTPV_7,1,0.000000
313_RTPV_7,2,0.000000
313_RTPV_7,3,0.000000
313_RTPV_7,4,0.000000
313_RTPV_7,5,0.000000
313_RTPV_7,6,0.000000
313_RTPV_7,7,0.000000
313_RTPV_7,8,0.000000
313_RTPV_7,9,0.000000
313_RTPV_7,10,0.000000
313_RTPV_7,11,0.000000
313_RTPV_7,12,0.000000
313_RTPV_7,13,0.000000
313_RTPV_7,14,0.000000
313_RTPV_7,15,37.791667
313_RTPV_7,16,0.000000
313_RTPV_7,17,34.300000
313_RTPV_7,18,19.933333
313_RTPV_7,19,5.383333
313_RTPV_7,20,0.000000
313_RTPV_7,21,0.000000
313_RTPV_7,22,0.000000
313_RTPV_7,23,0.000000
313_RTPV_7,24,0.000000
313_RTPV_8,1,0.000000
313_RTPV_8,2,0.000000
313_RTPV_8,3,0.000000
313_RTPV_8,4,0.000000
313_RTPV_8,5,0.000000
313_RTPV_8,6,0.000000
313_RTPV_8,7,0.000000
313_RTPV_8,8,0.000000
313_RTPV_8,9,0.000000
313_RTPV_8,10,0.000000
313_RTPV_8,11,0.000000
313_RTPV_8,12,0.000000
313_RTPV_8,13,0.000000
313_RTPV_8,14,0.000000
313_RTPV_8,15,48.975000
313_RTPV_8,16,0.000000
313_RTPV_8,17,0.000000
313_RTPV_8,18,19.666667
313_RTPV_8,19,4.891667
313_RTPV_8,20,0.000000
313_RTPV_8,21,0.000000
313_RTPV_8,22,0.000000
313_RTPV_8,23,0.000000
313_RTPV_8,24,0.000000
313_RTPV_9,1,0.000000
313_RTPV_9,2,0.000000
313_RTPV_9,3,0.000000
313_RTPV_9,4,0.000000
313_RTPV_9,5,0.000000
313_RTPV_9,6,0.000000
313_RTPV_9,7,0.000000
313_RTPV_9,8,0.000000
313_RTPV_9,9,0.000000
313_RTPV_9,10,0.000000
313_RTPV_9,11,0.000000
313_RTPV_9,12,0.000000
313_RTPV_9,13,0.000000
313_RTPV_9,14,0.000000
313_RTPV_9,15,0.000000
313_RTPV_9,16,0.000000
313_RTPV_9,17,0.000000
313_RTPV_9,18,20.108333
313_RTPV_9,19,4.475000
313_RTPV_9,20,0.000000
313_RTPV_9,21,0.000000
313_RTPV_9,22,0.000000
313_RTPV_9,23,0.000000
313_RTPV_9,24,0.000000
313_RTPV_10,1,0.000000
313_RTPV_10,2,0.000000
313_RTPV_10,3,0.000000
313_RTPV_10,4,0.000000
313_RTPV_10,5,0.000000
313_RTPV_10,6,0.000000
313_RTPV_10,7,0.000000
313_RTPV_10,8,0.000000
313_RTPV_10,9,0.000000
313_RTPV_10,10,0.000000
313_RTPV_10,11,0.000000
313_RTPV_10,12,0.000000
313_RTPV_10,13,0.000000
313_RTPV_10,14,0.000000
313_RTPV_10,15,38.419869
313_RTPV_10,16,0.000000
313_RTPV_10,17,0.000000
313_RTPV_10,18,20.408333
313_RTPV_10,19,2.891667
313_RTPV_10,20,0.000000
313_RTPV_10,21,0.000000
313_RTPV_10,22,0.000000
313_RTPV_10,23,0.000000
313_RTPV_10,24,0.000000
313_RTPV_11,1,0.000000
313_RTPV_11,2,0.000000
313_RTPV_11,3,0.000000
313_RTPV_11,4,0.000000
313_RTPV_11,5,0.000000
313_RTPV_11,6,0.000000
313_RTPV_11,7,0.000000
313_RTPV_11,8,0.000000
313_RTPV_11,9,0.000000
313_RTPV_11,10,0.000000
313_RTPV_11,11,0.000000
313_RTPV_11,12,0.000000
313_RTPV_11,13,0.000000
313_RTPV_11,14,0.000000
313_RTPV_11,15,0.000000
313_RTPV_11,16,0.000000
313_RTPV_11,17,0.000000
313_RTPV_11,18,16.641667
313_RTPV_11,19,1.633333
313_RTPV_11,20,0.000000
313_RTPV_11,21,0.000000
313_RTPV_11,22,0.000000
313_RTPV_11,23,0.000000
313_RTPV_11,24,0.000000
313_RTPV_12,1,0.000000
313_RTPV_12,2,0.000000
313_RTPV_12,3,0.000000
313_RTPV_12,4,0.000000
313_RTPV_12,5,0.000000
313_RTPV_12,6,0.000000
313_RTPV_12,7,0.000000
313_RTPV_12,8,0.000000
313_RTPV_12,9,0.000000
313_RTPV_12,10,0.000000
313_RTPV_12,11,0.000000
313_RTPV_12,12,0.000000
313_RTPV_12,13,0.000000
313_RTPV_12,14,0.000000
313_RTPV_12,15,0.000000
313_RTPV_12,16,0.000000
313_RTPV_12,17,0.000000
313_RTPV_12,18,3.658333
313_RTPV_12,19,1.466667
313_RTPV_12,20,0.000000
313_RTPV_12,21,0.000000
313_RTPV_12,22,0.000000
313_RTPV_12,23,0.000000
313_RTPV_12,24,0.000000
320_RTPV_1,1,0.000000
320_RTPV_1,2,0.000000
320_RTPV_1,3,0.000000
320_RTPV_1,4,0.000000
320_RTPV_1,5,0.000000
320_RTPV_1,6,0.000000
320_RTPV_1,7,0.000000
320_RTPV_1,8,0.000000
320_RTPV_1,9,0.000000
320_RTPV_1,10,0.000000
320_RTPV_1,11,0.000000
320_RTPV_1,12,0.000000
320_RTPV_1,13,0.000000
320_RTPV_1,14,0.000000
320_RTPV_1,15,0.000000
320_RTPV_1,16,0.000000
320_RTPV_1,17,0.000000
320_RTPV_1,18,0.000000
320_RTPV_1,19,1.300000
320_RTPV_1,20,0.000000
320_RTPV_1,21,0.000000
320_RTPV_1,22,0.000000
320_RTPV_1,23,0.000000
320_RTPV_1,24,0.000000
320_RTPV_2,1,0.000000
320_RTPV_2,2,0.000000
320_RTPV_2,3,0.000000
320_RTPV_2,4,0.000000
320_RTPV_2,5,0.000000
320_RTPV_2,6,0.000000
320_RTPV_2,7,0.000000
320_RTPV_2,8,0.000000
320_RTPV_2,9,0.000000
320_RTPV_2,10,0.000000
320_RTPV_2,11,0.000000
320_RTPV_2,12,0.000000
320_RTPV_2,13,0.000000
320_RTPV_2,14,0.000000
320_RTPV_2,15,0.000000
320_RTPV_2,16,0.000000
320_RTPV_2,17,0.000000
320_RTPV_2,18,8.491667
320_RTPV_2,19,2.425000
320_RTPV_2,20,0.000000
320_RTPV_2,21,0.000000
320_RTPV_2,22,0.000000
320_RTPV_2,23,0.000000
320_RTPV_2,24,0.000000
320_RTPV_3,1,0.000000
320_RTPV_3,2,0.000000
320_RTPV_3,3,0.000000
320_RTPV_3,4,0.000000
320_RTPV_3,5,0.000000
320_RTPV_3,6,0.000000
320_RTPV_3,7,0.000000
320_RTPV_3,8,0.000000
320_RTPV_3,9,0.000000
320_RTPV_3,10,0.000000
320_RTPV_3,11,0.000000
320_RTPV_3,12,0.000000
320_RTPV_3,13,0.000000
320_RTPV_3,14,0.000000
320_RTPV_3,15,0.000000
320_RTPV_3,16,0.000000
320_RTPV_3,17,0.000000
320_RTPV_3,18,8.483333
320_RTPV_3,19,2.208333
320_RTPV_3,20,0.000000
320_RTPV_3,21,0.000000
320_RTPV_3,22,0.000000
320_RTPV_3,23,0.000000
320_RTPV_3,24,0.000000
313_RTPV_13,1,0.000000
313_RTPV_13,2,0.000000
313_RTPV_13,3,0.000000
313_RTPV_13,4,0.000000
313_RTPV_13,5,0.000000
313_RTPV_13,6,0.000000
313_RTPV_13,7,0.000000
313_RTPV_13,8,0.000000
313_RTPV_13,9,0.000000
313_RTPV_13,10,0.000000
313_RTPV_13,11,0.000000
313_RTPV_13,12,0.000000
313_RTPV_13,13,0.000000
313_RTPV_13,14,0.000000
313_RTPV_13,15,0.000000
313_RTPV_13,16,0.000000
313_RTPV_13,17,0.000000
313_RTPV_13,18,8.075000
313_RTPV_13,19,0.458333
313_RTPV_13,20,0.000000
313_RTPV_13,21,0.000000
313_RTPV_13,22,0.000000
313_RTPV_13,23,0.000000
313_RTPV_13,24,0.000000
320_RTPV_4,1,0.000000
320_RTPV_4,2,0.000000
320_RTPV_4,3,0.000000
320_RTPV_4,4,0.000000
320_RTPV_4,5,0.000000
320_RTPV_4,6,0.000000
320_RTPV_4,7,0.000000
320_RTPV_4,8,0.000000
320_RTPV_4,9,0.000000
320_RTPV_4,10,0.000000
320_RTPV_4,11,0.000000
320_RTPV_4,12,0.000000
320_RTPV_4,13,0.000000
320_RTPV_4,14,0.000000
320_RTPV_4,15,0.000000
320_RTPV_4,16,0.000000
320_RTPV_4,17,0.000000
320_RTPV_4,18,0.000000
320_RTPV_4,19,2.158333
320_RTPV_4,20,0.000000
320_RTPV_4,21,0.000000
320_RTPV_4,22,0.000000
320_RTPV_4,23,0.000000
320_RTPV_4,24,0.000000
320_RTPV_5,1,0.000000
320_RTPV_5,2,0.000000
320_RTPV_5,3,0.000000
320_RTPV_5,4,0.000000
320_RTPV_5,5,0.000000
320_RTPV_5,6,0.000000
320_RTPV_5,7,0.000000
320_RTPV_5,8,0.000000
320_RTPV_5,9,0.000000
320_RTPV_5,10,0.000000
320_RTPV_5,11,0.000000
320_RTPV_5,12,0.000000
320_RTPV_5,13,0.000000
320_RTPV_5,14,0.000000
320_RTPV_5,15,19.875000
320_RTPV_5,16,0.000000
320_RTPV_5,17,0.000000
320_RTPV_5,18,8.950000
320_RTPV_5,19,2.141667
320_RTPV_5,20,0.000000
320_RTPV_5,21,0.000000
320_RTPV_5,22,0.000000
320_RTPV_5,23,0.000000
320_RTPV_5,24,0.000000
320_RTPV_6,1,0.000000
320_RTPV_6,2,0.000000
320_RTPV_6,3,0.000000
320_RTPV_6,4,0.000000
320_RTPV_6,5,0.000000
320_RTPV_6,6,0.000000
320_RTPV_6,7,0.000000
320_RTPV_6,8,0.000000
320_RTPV_6,9,0.000000
320_RTPV_6,10,0.000000
320_RTPV_6,11,0.000000
320_RTPV_6,12,0.000000
320_RTPV_6,13,0.000000
320_RTPV_6,14,0.000000
320_RTPV_6,15,0.000000
320_RTPV_6,16,0.000000
320_RTPV_6,17,0.000000
320_RTPV_6,18,0.000000
320_RTPV_6,19,0.791667
320_RTPV_6,20,0.000000
320_RTPV_6,21,0.000000
320_RTPV_6,22,0.000000
320_RTPV_6,23,0.000000
320_RTPV_6,24,0.000000
309_WIND_1,1,142.233333
309_WIND_1,2,99.558333
309_WIND_1,3,-0.000000
309_WIND_1,4,146.091667
309_WIND_1,5,145.216667
309_WIND_1,6,146.150000
309_WIND_1,7,145.816667
309_WIND_1,8,145.508333
309_WIND_1,9,145.791667
309_WIND_1,10,146.191667
309_WIND_1,11,145.291667
309_WIND_1,12,144.817561
309_WIND_1,13,145.525000
309_WIND_1,14,143.683333
309_WIND_1,15,144.241667
309_WIND_1,16,144.425000
309_WIND_1,17,139.975000
309_WIND_1,18,117.641667
309_WIND_1,19,98.433333
309_WIND_1,20,137.816667
309_WIND_1,21,145.458333
309_WIND_1,22,145.683333
309_WIND_1,23,145.283333
309_WIND_1,24,138.725000
317_WIND_1,1,485.469324
317_WIND_1,2,498.187156
317_WIND_1,3,634.804024
317_WIND_1,4,366.754664
317_WIND_1,5,438.545040
317_WIND_1,6,432.754724
317_WIND_1,7,408.909730
317_WIND_1,8,545.139597
317_WIND_1,9,642.344249
317_WIND_1,10,716.613038
317_WIND_1,11,735.523305
317_WIND_1,12,780.133333
317_WIND_1,13,660.942140
317_WIND_1,14,739.083333
317_WIND_1,15,0.000000
317_WIND_1,16,716.400000
317_WIND_1,17,629.900000
317_WIND_1,18,331.376955
317_WIND_1,19,603.658333
317_WIND_1,20,558.675000
317_WIND_1,21,540.916667
317_WIND_1,22,475.025000
317_WIND_1,23,453.966667
317_WIND_1,24,545.975000
303_WIND_1,1,484.437489
303_WIND_1,2,465.170053
303_WIND_1,3,392.584461
303_WIND_1,4,552.370374
303_WIND_1,5,453.380812
303_WIND_1,6,497.131341
303_WIND_1,7,496.554843
303_WIND_1,8,479.970080
303_WIND_1,9,465.106729
303_WIND_1,10,508.080195
303_WIND_1,11,434.162322
303_WIND_1,12,464.883560
303_WIND_1,13,513.491272
303_WIND_1,14,499.783002
303_WIND_1,15,642.801788
303_WIND_1,16,490.957143
303_WIND_1,17,515.536360
303_WIND_1,18,568.321832
303_WIND_1,19,498.934540
303_WIND_1,20,526.308747
303_WIND_1,21,506.556335
303_WIND_1,22,512.726066
303_WIND_1,23,499.336762
303_WIND_1,24,385.008333
